image_path,class_name,width,height,mode,label,true_label,pred_label,pred_proba,is_error,area,area_bucket,confidence,confidence_bucket
/kaggle/input/cell-images-for-detecting-malaria/cell_images/Parasitized/C76P37ThinF_IMG_20150815_172808_cell_232.png,Parasitized,142,127,RGB,1,1,1,0.99914634,False,18034,Q3,0.99914634,0.9-1.0
/kaggle/input/cell-images-for-detecting-malaria/cell_images/Uninfected/C159P120ThinF_IMG_20151115_190002_cell_11.png,Uninfected,100,127,RGB,0,0,0,0.0037840211,False,12700,Q1 (smallest),0.996216,0.9-1.0
/kaggle/input/cell-images-for-detecting-malaria/cell_images/Parasitized/C59P20thinF_IMG_20150803_113430_cell_11.png,Parasitized,115,130,RGB,1,1,1,0.9977417,False,14950,Q2,0.9977417,0.9-1.0
/kaggle/input/cell-images-for-detecting-malaria/cell_images/Uninfected/C168P129ThinF_IMG_20151118_154126_cell_62.png,Uninfected,139,148,RGB,0,0,0,0.014673897,False,20572,Q4 (largest),0.9853261,0.9-1.0
/kaggle/input/cell-images-for-detecting-malaria/cell_images/Parasitized/C182P143NThinF_IMG_20151201_172607_cell_13.png,Parasitized,124,112,RGB,1,1,1,0.997922,False,13888,Q1 (smallest),0.997922,0.9-1.0
/kaggle/input/cell-images-for-detecting-malaria/cell_images/Parasitized/C114P75ThinF_IMG_20150930_150733_cell_149.png,Parasitized,130,133,RGB,1,1,1,0.9995846,False,17290,Q2,0.9995846,0.9-1.0
/kaggle/input/cell-images-for-detecting-malaria/cell_images/Parasitized/C66P27N_ThinF_IMG_20150818_164008_cell_162.png,Parasitized,130,124,RGB,1,1,1,0.97531384,False,16120,Q2,0.97531384,0.9-1.0
/kaggle/input/cell-images-for-detecting-malaria/cell_images/Uninfected/C174P135NThinF_IMG_20151127_135342_cell_45.png,Uninfected,124,103,RGB,0,0,0,0.0016520079,False,12772,Q1 (smallest),0.998348,0.9-1.0
/kaggle/input/cell-images-for-detecting-malaria/cell_images/Uninfected/C76P37ThinF_IMG_20150815_173019_cell_141.png,Uninfected,142,133,RGB,0,0,0,0.001964567,False,18886,Q3,0.99803543,0.9-1.0
/kaggle/input/cell-images-for-detecting-malaria/cell_images/Parasitized/C110P71ThinF_IMG_20150930_110052_cell_238.png,Parasitized,91,118,RGB,1,1,1,0.7744771,False,10738,Q1 (smallest),0.7744771,0.7-0.8
/kaggle/input/cell-images-for-detecting-malaria/cell_images/Parasitized/C39P4thinF_original_IMG_20150622_105102_cell_101.png,Parasitized,148,142,RGB,1,1,1,0.9999789,False,21016,Q4 (largest),0.9999789,0.9-1.0
/kaggle/input/cell-images-for-detecting-malaria/cell_images/Parasitized/C101P62ThinF_IMG_20150918_151239_cell_97.png,Parasitized,136,127,RGB,1,1,1,0.9996501,False,17272,Q2,0.9996501,0.9-1.0
/kaggle/input/cell-images-for-detecting-malaria/cell_images/Uninfected/C138P99ThinF_IMG_20151005_172849_cell_99.png,Uninfected,124,121,RGB,0,0,0,0.0017727587,False,15004,Q2,0.99822724,0.9-1.0
/kaggle/input/cell-images-for-detecting-malaria/cell_images/Parasitized/C82P43ThinF_IMG_20150817_125326_cell_28.png,Parasitized,130,133,RGB,1,1,1,0.9967097,False,17290,Q2,0.9967097,0.9-1.0
/kaggle/input/cell-images-for-detecting-malaria/cell_images/Parasitized/C123P84ThinF_IMG_20151002_151143_cell_192.png,Parasitized,121,136,RGB,1,1,1,0.9887307,False,16456,Q2,0.9887307,0.9-1.0
/kaggle/input/cell-images-for-detecting-malaria/cell_images/Uninfected/C240ThinF_IMG_20151127_115306_cell_172.png,Uninfected,115,115,RGB,0,0,0,0.016837556,False,13225,Q1 (smallest),0.98316246,0.9-1.0
/kaggle/input/cell-images-for-detecting-malaria/cell_images/Uninfected/C7NthinF_IMG_20150611_105444_cell_56.png,Uninfected,133,133,RGB,0,0,0,0.13948682,False,17689,Q3,0.8605132,0.8-0.9
/kaggle/input/cell-images-for-detecting-malaria/cell_images/Parasitized/C132P93ThinF_IMG_20151004_152808_cell_40.png,Parasitized,124,100,RGB,1,1,1,0.9996837,False,12400,Q1 (smallest),0.9996837,0.9-1.0
/kaggle/input/cell-images-for-detecting-malaria/cell_images/Parasitized/C181P142ThinF_IMG_20151127_160539_cell_182.png,Parasitized,103,181,RGB,1,1,1,0.94501,False,18643,Q3,0.94501,0.9-1.0
/kaggle/input/cell-images-for-detecting-malaria/cell_images/Parasitized/C33P1thinF_IMG_20150619_120804a_cell_224.png,Parasitized,148,112,RGB,1,1,1,0.9981232,False,16576,Q2,0.9981232,0.9-1.0
/kaggle/input/cell-images-for-detecting-malaria/cell_images/Parasitized/C128P89ThinF_IMG_20151004_131231_cell_159.png,Parasitized,124,142,RGB,1,1,1,0.9969951,False,17608,Q3,0.9969951,0.9-1.0
/kaggle/input/cell-images-for-detecting-malaria/cell_images/Uninfected/C39P4thinF_original_IMG_20150622_110115_cell_60.png,Uninfected,133,148,RGB,0,0,0,0.2338374,False,19684,Q3,0.76616263,0.7-0.8
/kaggle/input/cell-images-for-detecting-malaria/cell_images/Uninfected/C207ThinF_IMG_20151029_144152_cell_155.png,Uninfected,100,106,RGB,0,0,0,0.0032028854,False,10600,Q1 (smallest),0.9967971,0.9-1.0
/kaggle/input/cell-images-for-detecting-malaria/cell_images/Parasitized/C145P106ThinF_IMG_20151016_154756_cell_116.png,Parasitized,121,130,RGB,1,1,1,0.9709551,False,15730,Q2,0.9709551,0.9-1.0
/kaggle/input/cell-images-for-detecting-malaria/cell_images/Parasitized/C59P20thinF_IMG_20150803_113809_cell_33.png,Parasitized,130,133,RGB,1,1,1,0.9957443,False,17290,Q2,0.9957443,0.9-1.0
/kaggle/input/cell-images-for-detecting-malaria/cell_images/Parasitized/C162P123ThinF_IMG_20151116_105019_cell_146.png,Parasitized,112,124,RGB,1,1,1,0.9997241,False,13888,Q1 (smallest),0.9997241,0.9-1.0
/kaggle/input/cell-images-for-detecting-malaria/cell_images/Uninfected/C228ThinF_IMG_20151112_142730_cell_104.png,Uninfected,142,136,RGB,0,0,0,0.00040425058,False,19312,Q3,0.99959576,0.9-1.0
/kaggle/input/cell-images-for-detecting-malaria/cell_images/Uninfected/C110P71ThinF_IMG_20150930_110404_cell_18.png,Uninfected,115,136,RGB,0,0,0,0.0013159773,False,15640,Q2,0.99868405,0.9-1.0
/kaggle/input/cell-images-for-detecting-malaria/cell_images/Uninfected/C222ThinF_IMG_20151115_151211_cell_34.png,Uninfected,127,160,RGB,0,0,0,0.0011176426,False,20320,Q4 (largest),0.99888235,0.9-1.0
/kaggle/input/cell-images-for-detecting-malaria/cell_images/Parasitized/C97P58ThinF_IMG_20150917_152032_cell_168.png,Parasitized,112,109,RGB,1,1,1,0.9744459,False,12208,Q1 (smallest),0.9744459,0.9-1.0
/kaggle/input/cell-images-for-detecting-malaria/cell_images/Parasitized/C184P145ThinF_IMG_20151203_104334_cell_49.png,Parasitized,139,145,RGB,1,1,1,0.9999943,False,20155,Q3,0.9999943,0.9-1.0
/kaggle/input/cell-images-for-detecting-malaria/cell_images/Uninfected/C121P82ThinF_IMG_20151002_133739_cell_35.png,Uninfected,139,133,RGB,0,0,0,0.0010093541,False,18487,Q3,0.99899065,0.9-1.0
/kaggle/input/cell-images-for-detecting-malaria/cell_images/Parasitized/C91P52ThinF_IMG_20150821_125154_cell_205.png,Parasitized,190,214,RGB,1,1,1,0.883593,False,40660,Q4 (largest),0.883593,0.8-0.9
/kaggle/input/cell-images-for-detecting-malaria/cell_images/Uninfected/C160P121ThinF_IMG_20151116_094338_cell_30.png,Uninfected,118,127,RGB,0,0,0,0.11399506,False,14986,Q2,0.8860049,0.8-0.9
/kaggle/input/cell-images-for-detecting-malaria/cell_images/Uninfected/C6NThinF_IMG_20150609_121955_cell_125.png,Uninfected,139,124,RGB,0,0,0,0.07962835,False,17236,Q2,0.92037165,0.9-1.0
/kaggle/input/cell-images-for-detecting-malaria/cell_images/Parasitized/C99P60ThinF_IMG_20150918_140900_cell_144.png,Parasitized,115,142,RGB,1,1,1,0.9980202,False,16330,Q2,0.9980202,0.9-1.0
/kaggle/input/cell-images-for-detecting-malaria/cell_images/Uninfected/C241NThinF_IMG_20151207_124208_cell_128.png,Uninfected,151,151,RGB,0,0,0,0.00833905,False,22801,Q4 (largest),0.99166095,0.9-1.0
/kaggle/input/cell-images-for-detecting-malaria/cell_images/Uninfected/C219ThinF_IMG_20151106_150027_cell_164.png,Uninfected,133,124,RGB,0,0,0,0.003688934,False,16492,Q2,0.99631107,0.9-1.0
/kaggle/input/cell-images-for-detecting-malaria/cell_images/Uninfected/C7NthinF_IMG_20150611_105043_cell_96.png,Uninfected,139,130,RGB,0,0,0,0.029077062,False,18070,Q3,0.97092295,0.9-1.0
/kaggle/input/cell-images-for-detecting-malaria/cell_images/Uninfected/C50P11thinF_IMG_20150724_115651_cell_39.png,Uninfected,115,121,RGB,0,0,0,0.010890744,False,13915,Q1 (smallest),0.9891093,0.9-1.0
/kaggle/input/cell-images-for-detecting-malaria/cell_images/Parasitized/C97P58ThinF_IMG_20150917_151512_cell_177.png,Parasitized,160,148,RGB,1,1,1,0.9967109,False,23680,Q4 (largest),0.9967109,0.9-1.0
/kaggle/input/cell-images-for-detecting-malaria/cell_images/Uninfected/C126P87ThinF_IMG_20151004_104441_cell_64.png,Uninfected,124,124,RGB,0,0,0,0.008236764,False,15376,Q2,0.99176323,0.9-1.0
/kaggle/input/cell-images-for-detecting-malaria/cell_images/Uninfected/C54P15thinF_IMG_20150728_112938_cell_63.png,Uninfected,130,124,RGB,0,0,0,0.06977628,False,16120,Q2,0.9302237,0.9-1.0
/kaggle/input/cell-images-for-detecting-malaria/cell_images/Parasitized/C39P4thinF_original_IMG_20150622_110900_cell_6.png,Parasitized,130,124,RGB,1,1,1,0.9952345,False,16120,Q2,0.9952345,0.9-1.0
/kaggle/input/cell-images-for-detecting-malaria/cell_images/Parasitized/C132P93ThinF_IMG_20151004_152505_cell_153.png,Parasitized,124,136,RGB,1,1,1,0.9973724,False,16864,Q2,0.9973724,0.9-1.0
/kaggle/input/cell-images-for-detecting-malaria/cell_images/Uninfected/C176P137NThinF_IMG_20151201_114035_cell_115.png,Uninfected,145,145,RGB,0,0,0,0.008515557,False,21025,Q4 (largest),0.99148446,0.9-1.0
/kaggle/input/cell-images-for-detecting-malaria/cell_images/Parasitized/C65P26N_ThinF_IMG_20150818_154714_cell_184.png,Parasitized,121,109,RGB,1,1,0,0.0048418883,True,13189,Q1 (smallest),0.99515814,0.9-1.0
/kaggle/input/cell-images-for-detecting-malaria/cell_images/Uninfected/C55P16thinF_IMG_20150728_123237_cell_74.png,Uninfected,118,121,RGB,0,0,0,0.004328295,False,14278,Q1 (smallest),0.9956717,0.9-1.0
/kaggle/input/cell-images-for-detecting-malaria/cell_images/Parasitized/C67P28N_ThinF_IMG_20150819_132441_cell_173.png,Parasitized,130,100,RGB,1,1,1,0.9785786,False,13000,Q1 (smallest),0.9785786,0.9-1.0
/kaggle/input/cell-images-for-detecting-malaria/cell_images/Uninfected/C92P53ThinF_IMG_20150821_150718_cell_96.png,Uninfected,157,145,RGB,0,0,0,0.00047945944,False,22765,Q4 (largest),0.99952054,0.9-1.0
/kaggle/input/cell-images-for-detecting-malaria/cell_images/Parasitized/C167P128ReThinF_IMG_20151201_105354_cell_248.png,Parasitized,148,106,RGB,1,1,1,0.96046126,False,15688,Q2,0.96046126,0.9-1.0
/kaggle/input/cell-images-for-detecting-malaria/cell_images/Parasitized/C118P79ThinF_IMG_20151002_105125_cell_151.png,Parasitized,127,145,RGB,1,1,1,0.99953073,False,18415,Q3,0.99953073,0.9-1.0
/kaggle/input/cell-images-for-detecting-malaria/cell_images/Parasitized/C118P79ThinF_IMG_20151002_105018_cell_136.png,Parasitized,157,142,RGB,1,1,1,0.99548316,False,22294,Q4 (largest),0.99548316,0.9-1.0
/kaggle/input/cell-images-for-detecting-malaria/cell_images/Uninfected/C53P14thinF_IMG_20150726_114404_cell_99.png,Uninfected,148,115,RGB,0,0,0,0.00990084,False,17020,Q2,0.99009913,0.9-1.0
/kaggle/input/cell-images-for-detecting-malaria/cell_images/Parasitized/C132P93ThinF_IMG_20151004_152642_cell_30.png,Parasitized,133,118,RGB,1,1,1,0.99800617,False,15694,Q2,0.99800617,0.9-1.0
/kaggle/input/cell-images-for-detecting-malaria/cell_images/Parasitized/C118P79ThinF_IMG_20151002_110212_cell_15.png,Parasitized,148,145,RGB,1,1,1,0.9993301,False,21460,Q4 (largest),0.9993301,0.9-1.0
/kaggle/input/cell-images-for-detecting-malaria/cell_images/Uninfected/C158P119ThinF_IMG_20151115_181558_cell_144.png,Uninfected,112,103,RGB,0,0,1,0.50555944,True,11536,Q1 (smallest),0.50555944,0.5-0.6
/kaggle/input/cell-images-for-detecting-malaria/cell_images/Parasitized/C99P60ThinF_IMG_20150918_141520_cell_137.png,Parasitized,148,151,RGB,1,1,1,0.98017615,False,22348,Q4 (largest),0.98017615,0.9-1.0
/kaggle/input/cell-images-for-detecting-malaria/cell_images/Parasitized/C186P147NThinF_IMG_20151203_150557_cell_172.png,Parasitized,175,133,RGB,1,1,1,0.99948967,False,23275,Q4 (largest),0.99948967,0.9-1.0
/kaggle/input/cell-images-for-detecting-malaria/cell_images/Parasitized/C184P145ThinF_IMG_20151203_104153_cell_165.png,Parasitized,139,139,RGB,1,1,1,0.99908674,False,19321,Q3,0.99908674,0.9-1.0
/kaggle/input/cell-images-for-detecting-malaria/cell_images/Parasitized/C182P143NThinF_IMG_20151201_172216_cell_171.png,Parasitized,130,112,RGB,1,1,1,0.9828621,False,14560,Q1 (smallest),0.9828621,0.9-1.0
/kaggle/input/cell-images-for-detecting-malaria/cell_images/Parasitized/C68P29N_ThinF_IMG_20150819_133447_cell_159.png,Parasitized,142,145,RGB,1,1,1,0.9999974,False,20590,Q4 (largest),0.9999974,0.9-1.0
/kaggle/input/cell-images-for-detecting-malaria/cell_images/Parasitized/C97P58ThinF_IMG_20150917_152437_cell_7.png,Parasitized,115,157,RGB,1,1,1,0.9988232,False,18055,Q3,0.9988232,0.9-1.0
/kaggle/input/cell-images-for-detecting-malaria/cell_images/Parasitized/C97P58ThinF_IMG_20150917_151437_cell_166.png,Parasitized,133,133,RGB,1,1,1,0.9995486,False,17689,Q3,0.9995486,0.9-1.0
/kaggle/input/cell-images-for-detecting-malaria/cell_images/Parasitized/C182P143NThinF_IMG_20151201_172257_cell_146.png,Parasitized,130,118,RGB,1,1,1,0.9697722,False,15340,Q2,0.9697722,0.9-1.0
/kaggle/input/cell-images-for-detecting-malaria/cell_images/Uninfected/C116P77ThinF_IMG_20150930_172112_cell_51.png,Uninfected,127,115,RGB,0,0,0,0.3298477,False,14605,Q1 (smallest),0.6701523,0.6-0.7
/kaggle/input/cell-images-for-detecting-malaria/cell_images/Uninfected/C137P98ThinF_IMG_20151005_160256_cell_32.png,Uninfected,106,100,RGB,0,0,0,0.0069100494,False,10600,Q1 (smallest),0.99309,0.9-1.0
/kaggle/input/cell-images-for-detecting-malaria/cell_images/Parasitized/C128P89ThinF_IMG_20151004_130810_cell_159.png,Parasitized,145,133,RGB,1,1,1,0.9874844,False,19285,Q3,0.9874844,0.9-1.0
/kaggle/input/cell-images-for-detecting-malaria/cell_images/Uninfected/C150P111ThinF_IMG_20151115_115805_cell_163.png,Uninfected,130,133,RGB,0,0,0,0.081895865,False,17290,Q2,0.9181041,0.9-1.0
/kaggle/input/cell-images-for-detecting-malaria/cell_images/Uninfected/C127P88ThinF_IMG_20151004_111436_cell_19.png,Uninfected,127,139,RGB,0,0,0,0.002004202,False,17653,Q3,0.9979958,0.9-1.0
/kaggle/input/cell-images-for-detecting-malaria/cell_images/Parasitized/C115P76ThinF_IMG_20150930_162038_cell_206.png,Parasitized,127,127,RGB,1,1,0,0.04156543,True,16129,Q2,0.9584346,0.9-1.0
/kaggle/input/cell-images-for-detecting-malaria/cell_images/Parasitized/C39P4thinF_original_IMG_20150622_112119_cell_18.png,Parasitized,172,112,RGB,1,1,1,0.96954745,False,19264,Q3,0.96954745,0.9-1.0
/kaggle/input/cell-images-for-detecting-malaria/cell_images/Parasitized/C46P7ThinF_IMG_20151130_210815_cell_8.png,Parasitized,106,130,RGB,1,1,0,0.04167348,True,13780,Q1 (smallest),0.9583265,0.9-1.0
/kaggle/input/cell-images-for-detecting-malaria/cell_images/Uninfected/C232ThinF_IMG_20151112_154251_cell_3.png,Uninfected,127,124,RGB,0,0,0,0.00048361463,False,15748,Q2,0.99951637,0.9-1.0
/kaggle/input/cell-images-for-detecting-malaria/cell_images/Parasitized/C101P62ThinF_IMG_20150923_170110_cell_6.png,Parasitized,154,136,RGB,1,1,1,0.99710923,False,20944,Q4 (largest),0.99710923,0.9-1.0
/kaggle/input/cell-images-for-detecting-malaria/cell_images/Uninfected/C42P5thin_original_IMG_20150623_134426_cell_152.png,Uninfected,169,151,RGB,0,0,0,0.0068291146,False,25519,Q4 (largest),0.99317086,0.9-1.0
/kaggle/input/cell-images-for-detecting-malaria/cell_images/Parasitized/C39P4thinF_original_IMG_20150622_114122_cell_8.png,Parasitized,151,154,RGB,1,1,1,0.92086643,False,23254,Q4 (largest),0.92086643,0.9-1.0
/kaggle/input/cell-images-for-detecting-malaria/cell_images/Parasitized/C48P9thinF_IMG_20150721_163810_cell_7.png,Parasitized,142,142,RGB,1,1,1,0.99324846,False,20164,Q4 (largest),0.99324846,0.9-1.0
/kaggle/input/cell-images-for-detecting-malaria/cell_images/Parasitized/C130P91ThinF_IMG_20151004_135449_cell_134.png,Parasitized,184,139,RGB,1,1,1,0.99326324,False,25576,Q4 (largest),0.99326324,0.9-1.0
/kaggle/input/cell-images-for-detecting-malaria/cell_images/Uninfected/C65P26N_ThinF_IMG_20150818_154436_cell_38.png,Uninfected,124,130,RGB,0,0,0,0.0014467286,False,16120,Q2,0.9985533,0.9-1.0
/kaggle/input/cell-images-for-detecting-malaria/cell_images/Parasitized/C123P84ThinF_IMG_20151002_151432_cell_173.png,Parasitized,133,154,RGB,1,1,1,0.9430606,False,20482,Q4 (largest),0.9430606,0.9-1.0
/kaggle/input/cell-images-for-detecting-malaria/cell_images/Parasitized/C39P4thinF_original_IMG_20150622_111206_cell_110.png,Parasitized,112,118,RGB,1,1,1,0.9993506,False,13216,Q1 (smallest),0.9993506,0.9-1.0
/kaggle/input/cell-images-for-detecting-malaria/cell_images/Uninfected/C99P60ThinF_IMG_20150918_141001_cell_89.png,Uninfected,124,130,RGB,0,0,0,0.027241377,False,16120,Q2,0.97275865,0.9-1.0
/kaggle/input/cell-images-for-detecting-malaria/cell_images/Uninfected/C177P138NThinF_IMG_20151201_141604_cell_52.png,Uninfected,103,103,RGB,0,0,0,0.008075948,False,10609,Q1 (smallest),0.99192405,0.9-1.0
/kaggle/input/cell-images-for-detecting-malaria/cell_images/Uninfected/C81P42ThinF_IMG_20150817_115942_cell_160.png,Uninfected,160,157,RGB,0,0,0,0.0049095205,False,25120,Q4 (largest),0.9950905,0.9-1.0
/kaggle/input/cell-images-for-detecting-malaria/cell_images/Uninfected/C133P94ThinF_IMG_20151004_154512_cell_4.png,Uninfected,127,130,RGB,0,0,0,0.01375786,False,16510,Q2,0.9862421,0.9-1.0
/kaggle/input/cell-images-for-detecting-malaria/cell_images/Parasitized/C39P4thinF_original_IMG_20150622_111206_cell_112.png,Parasitized,88,115,RGB,1,1,1,0.99995995,False,10120,Q1 (smallest),0.99995995,0.9-1.0
/kaggle/input/cell-images-for-detecting-malaria/cell_images/Parasitized/C82P43ThinF_IMG_20150817_124728_cell_18.png,Parasitized,130,121,RGB,1,1,1,0.99969727,False,15730,Q2,0.99969727,0.9-1.0
/kaggle/input/cell-images-for-detecting-malaria/cell_images/Parasitized/C46P7ThinF_IMG_20151130_205558_cell_154.png,Parasitized,109,97,RGB,1,1,1,0.94792646,False,10573,Q1 (smallest),0.94792646,0.9-1.0
/kaggle/input/cell-images-for-detecting-malaria/cell_images/Uninfected/C42P5thin_original_IMG_20150623_134919_cell_183.png,Uninfected,169,148,RGB,0,0,0,0.005854869,False,25012,Q4 (largest),0.99414515,0.9-1.0
/kaggle/input/cell-images-for-detecting-malaria/cell_images/Uninfected/C187P148NThinF_IMG_20151203_153410_cell_114.png,Uninfected,121,115,RGB,0,0,0,0.029895859,False,13915,Q1 (smallest),0.97010416,0.9-1.0
/kaggle/input/cell-images-for-detecting-malaria/cell_images/Parasitized/C99P60ThinF_IMG_20150918_141620_cell_23.png,Parasitized,124,82,RGB,1,1,1,0.98997635,False,10168,Q1 (smallest),0.98997635,0.9-1.0
/kaggle/input/cell-images-for-detecting-malaria/cell_images/Parasitized/C118P79ThinF_IMG_20151002_105827_cell_146.png,Parasitized,157,139,RGB,1,1,1,0.9986609,False,21823,Q4 (largest),0.9986609,0.9-1.0
/kaggle/input/cell-images-for-detecting-malaria/cell_images/Uninfected/C240ThinF_IMG_20151127_115306_cell_110.png,Uninfected,109,112,RGB,0,0,0,0.011537391,False,12208,Q1 (smallest),0.9884626,0.9-1.0
/kaggle/input/cell-images-for-detecting-malaria/cell_images/Parasitized/C182P143NThinF_IMG_20151201_172842_cell_49.png,Parasitized,133,121,RGB,1,1,1,0.99749917,False,16093,Q2,0.99749917,0.9-1.0
/kaggle/input/cell-images-for-detecting-malaria/cell_images/Uninfected/C217ThinF_IMG_20151106_141135_cell_70.png,Uninfected,139,139,RGB,0,0,0,0.015007183,False,19321,Q3,0.9849928,0.9-1.0
/kaggle/input/cell-images-for-detecting-malaria/cell_images/Parasitized/C175P136NThinF_IMG_20151127_142326_cell_228.png,Parasitized,139,148,RGB,1,1,1,0.9949933,False,20572,Q4 (largest),0.9949933,0.9-1.0
/kaggle/input/cell-images-for-detecting-malaria/cell_images/Parasitized/C99P60ThinF_IMG_20150918_142128_cell_111.png,Parasitized,154,163,RGB,1,1,1,0.9990196,False,25102,Q4 (largest),0.9990196,0.9-1.0
/kaggle/input/cell-images-for-detecting-malaria/cell_images/Parasitized/C91P52ThinF_IMG_20150821_124937_cell_196.png,Parasitized,130,133,RGB,1,1,1,0.8242595,False,17290,Q2,0.8242595,0.8-0.9
/kaggle/input/cell-images-for-detecting-malaria/cell_images/Parasitized/C119P80ThinF_IMG_20151002_124425_cell_141.png,Parasitized,145,148,RGB,1,1,1,0.9835456,False,21460,Q4 (largest),0.9835456,0.9-1.0
/kaggle/input/cell-images-for-detecting-malaria/cell_images/Uninfected/C209ThinF_IMG_20151029_160803_cell_90.png,Uninfected,133,127,RGB,0,0,0,0.0013865789,False,16891,Q2,0.9986134,0.9-1.0
/kaggle/input/cell-images-for-detecting-malaria/cell_images/Parasitized/C116P77ThinF_IMG_20150930_172112_cell_95.png,Parasitized,91,139,RGB,1,1,0,0.49462754,True,12649,Q1 (smallest),0.50537246,0.5-0.6
/kaggle/input/cell-images-for-detecting-malaria/cell_images/Parasitized/C129P90ThinF_IMG_20151004_134636_cell_8.png,Parasitized,127,157,RGB,1,1,1,0.9578501,False,19939,Q3,0.9578501,0.9-1.0
/kaggle/input/cell-images-for-detecting-malaria/cell_images/Uninfected/C176P137NThinF_IMG_20151201_121303_cell_30.png,Uninfected,115,103,RGB,0,0,0,0.011176066,False,11845,Q1 (smallest),0.98882395,0.9-1.0
/kaggle/input/cell-images-for-detecting-malaria/cell_images/Uninfected/C2NThinF_IMG_20150604_114815_cell_217.png,Uninfected,142,130,RGB,0,0,0,0.0037691272,False,18460,Q3,0.9962309,0.9-1.0
/kaggle/input/cell-images-for-detecting-malaria/cell_images/Parasitized/C39P4thinF_original_IMG_20150622_114609_cell_3.png,Parasitized,106,106,RGB,1,1,1,0.9496231,False,11236,Q1 (smallest),0.9496231,0.9-1.0
/kaggle/input/cell-images-for-detecting-malaria/cell_images/Parasitized/C146P107ThinF_IMG_20151018_140342_cell_253.png,Parasitized,112,151,RGB,1,1,0,0.014742397,True,16912,Q2,0.9852576,0.9-1.0
/kaggle/input/cell-images-for-detecting-malaria/cell_images/Uninfected/C59P20thinF_IMG_20150803_113051_cell_50.png,Uninfected,127,133,RGB,0,0,0,0.0073933466,False,16891,Q2,0.99260664,0.9-1.0
/kaggle/input/cell-images-for-detecting-malaria/cell_images/Parasitized/C48P9thinF_IMG_20150721_161055_cell_168.png,Parasitized,154,160,RGB,1,1,1,0.9856933,False,24640,Q4 (largest),0.9856933,0.9-1.0
/kaggle/input/cell-images-for-detecting-malaria/cell_images/Uninfected/C234ThinF_IMG_20151112_162940_cell_44.png,Uninfected,127,145,RGB,0,0,0,0.0011405678,False,18415,Q3,0.9988594,0.9-1.0
/kaggle/input/cell-images-for-detecting-malaria/cell_images/Uninfected/C80P41ThinF_IMG_20150817_110957_cell_34.png,Uninfected,118,109,RGB,0,0,0,0.2022724,False,12862,Q1 (smallest),0.7977276,0.7-0.8
/kaggle/input/cell-images-for-detecting-malaria/cell_images/Uninfected/C226ThinF_IMG_20151112_131622_cell_209.png,Uninfected,139,130,RGB,0,0,0,0.042629536,False,18070,Q3,0.95737046,0.9-1.0
/kaggle/input/cell-images-for-detecting-malaria/cell_images/Uninfected/C224ThinF_IMG_20151112_112735_cell_10.png,Uninfected,142,112,RGB,0,0,0,0.009529792,False,15904,Q2,0.99047023,0.9-1.0
/kaggle/input/cell-images-for-detecting-malaria/cell_images/Uninfected/C102P63ThinF_IMG_20150918_162155_cell_88.png,Uninfected,142,151,RGB,0,0,1,0.72416234,True,21442,Q4 (largest),0.72416234,0.7-0.8
/kaggle/input/cell-images-for-detecting-malaria/cell_images/Parasitized/C50P11thinF_IMG_20150724_115651_cell_188.png,Parasitized,136,127,RGB,1,1,0,0.00924395,True,17272,Q2,0.99075603,0.9-1.0
/kaggle/input/cell-images-for-detecting-malaria/cell_images/Parasitized/C184P145ThinF_IMG_20151203_104153_cell_143.png,Parasitized,133,136,RGB,1,1,1,0.9947384,False,18088,Q3,0.9947384,0.9-1.0
/kaggle/input/cell-images-for-detecting-malaria/cell_images/Uninfected/C158P119ThinF_IMG_20151115_181558_cell_113.png,Uninfected,133,121,RGB,0,0,0,0.016172465,False,16093,Q2,0.98382753,0.9-1.0
/kaggle/input/cell-images-for-detecting-malaria/cell_images/Uninfected/C145P106ThinF_IMG_20151016_155051_cell_135.png,Uninfected,127,121,RGB,0,0,0,0.00092968036,False,15367,Q2,0.99907035,0.9-1.0
/kaggle/input/cell-images-for-detecting-malaria/cell_images/Uninfected/C106P67ThinF_IMG_20150924_103811_cell_15.png,Uninfected,127,124,RGB,0,0,0,0.0034176493,False,15748,Q2,0.9965823,0.9-1.0
/kaggle/input/cell-images-for-detecting-malaria/cell_images/Uninfected/C159P120ThinF_IMG_20151115_190002_cell_98.png,Uninfected,133,115,RGB,0,0,0,0.008586212,False,15295,Q2,0.9914138,0.9-1.0
/kaggle/input/cell-images-for-detecting-malaria/cell_images/Uninfected/C52P13thinF_IMG_20150725_125213_cell_21.png,Uninfected,166,133,RGB,0,0,0,0.0042482344,False,22078,Q4 (largest),0.99575174,0.9-1.0
/kaggle/input/cell-images-for-detecting-malaria/cell_images/Uninfected/C33P1thinF_IMG_20150619_115740a_cell_120.png,Uninfected,136,136,RGB,0,0,0,0.0061089355,False,18496,Q3,0.99389106,0.9-1.0
/kaggle/input/cell-images-for-detecting-malaria/cell_images/Parasitized/C116P77ThinF_IMG_20150930_171809_cell_76.png,Parasitized,130,118,RGB,1,1,1,0.50037277,False,15340,Q2,0.50037277,0.5-0.6
/kaggle/input/cell-images-for-detecting-malaria/cell_images/Parasitized/C145P106ThinF_IMG_20151016_154921_cell_146.png,Parasitized,127,130,RGB,1,1,1,0.999674,False,16510,Q2,0.999674,0.9-1.0
/kaggle/input/cell-images-for-detecting-malaria/cell_images/Uninfected/C225ThinF_IMG_20151112_113836_cell_148.png,Uninfected,109,115,RGB,0,0,0,0.00029220464,False,12535,Q1 (smallest),0.9997078,0.9-1.0
/kaggle/input/cell-images-for-detecting-malaria/cell_images/Uninfected/C57P18thinF_IMG_20150729_110134_cell_55.png,Uninfected,145,136,RGB,0,0,0,0.0010157693,False,19720,Q3,0.9989842,0.9-1.0
/kaggle/input/cell-images-for-detecting-malaria/cell_images/Uninfected/C124P85ThinF_IMG_20151002_155026_cell_117.png,Uninfected,121,130,RGB,0,0,0,0.001642058,False,15730,Q2,0.99835795,0.9-1.0
/kaggle/input/cell-images-for-detecting-malaria/cell_images/Uninfected/C130P91ThinF_IMG_20151004_142709_cell_16.png,Uninfected,130,133,RGB,0,0,0,0.006108076,False,17290,Q2,0.9938919,0.9-1.0
/kaggle/input/cell-images-for-detecting-malaria/cell_images/Parasitized/C174P135NThinF_IMG_20151127_135640_cell_189.png,Parasitized,94,103,RGB,1,1,1,0.97523767,False,9682,Q1 (smallest),0.97523767,0.9-1.0
/kaggle/input/cell-images-for-detecting-malaria/cell_images/Parasitized/C59P20thinF_IMG_20150803_112733_cell_183.png,Parasitized,145,154,RGB,1,1,1,0.99347585,False,22330,Q4 (largest),0.99347585,0.9-1.0
/kaggle/input/cell-images-for-detecting-malaria/cell_images/Uninfected/C49P10thinF_IMG_20150724_103233_cell_133.png,Uninfected,124,118,RGB,0,0,0,0.18942156,False,14632,Q1 (smallest),0.81057847,0.8-0.9
/kaggle/input/cell-images-for-detecting-malaria/cell_images/Parasitized/C39P4thinF_original_IMG_20150622_110900_cell_21.png,Parasitized,133,121,RGB,1,1,1,0.9996838,False,16093,Q2,0.9996838,0.9-1.0
/kaggle/input/cell-images-for-detecting-malaria/cell_images/Uninfected/C45P6ThinF_IMG_20151130_155011_cell_168.png,Uninfected,148,130,RGB,0,0,0,0.022696272,False,19240,Q3,0.97730374,0.9-1.0
/kaggle/input/cell-images-for-detecting-malaria/cell_images/Uninfected/C144P105ThinF_IMG_20151015_163432_cell_259.png,Uninfected,118,160,RGB,0,0,0,0.005921538,False,18880,Q3,0.99407846,0.9-1.0
/kaggle/input/cell-images-for-detecting-malaria/cell_images/Uninfected/C237ThinF_IMG_20151127_105320_cell_67.png,Uninfected,133,145,RGB,0,0,0,0.0004922701,False,19285,Q3,0.9995077,0.9-1.0
/kaggle/input/cell-images-for-detecting-malaria/cell_images/Uninfected/C58P19thinF_IMG_20150802_122846_cell_115.png,Uninfected,127,121,RGB,0,0,0,0.0039046004,False,15367,Q2,0.9960954,0.9-1.0
/kaggle/input/cell-images-for-detecting-malaria/cell_images/Uninfected/C189P150ThinF_IMG_20151203_141406_cell_4.png,Uninfected,115,133,RGB,0,0,0,0.060901765,False,15295,Q2,0.93909824,0.9-1.0
/kaggle/input/cell-images-for-detecting-malaria/cell_images/Uninfected/C201ThinF_IMG_20150930_143502_cell_112.png,Uninfected,163,148,RGB,0,0,0,0.0035065762,False,24124,Q4 (largest),0.9964934,0.9-1.0
/kaggle/input/cell-images-for-detecting-malaria/cell_images/Uninfected/C221ThinF_IMG_20151106_160653_cell_75.png,Uninfected,136,142,RGB,0,0,0,0.00053225644,False,19312,Q3,0.99946773,0.9-1.0
/kaggle/input/cell-images-for-detecting-malaria/cell_images/Parasitized/C129P90ThinF_IMG_20151004_133421_cell_111.png,Parasitized,142,139,RGB,1,1,1,0.9409271,False,19738,Q3,0.9409271,0.9-1.0
/kaggle/input/cell-images-for-detecting-malaria/cell_images/Uninfected/C113P74ThinF_IMG_20150930_134355_cell_117.png,Uninfected,130,136,RGB,0,0,0,0.0009811678,False,17680,Q3,0.99901885,0.9-1.0
/kaggle/input/cell-images-for-detecting-malaria/cell_images/Uninfected/C64P25N_ThinF_IMG_20150818_152337_cell_20.png,Uninfected,133,133,RGB,0,0,0,0.0017085642,False,17689,Q3,0.99829143,0.9-1.0
/kaggle/input/cell-images-for-detecting-malaria/cell_images/Parasitized/C51AP12thinF_IMG_20150724_155557_cell_80.png,Parasitized,133,118,RGB,1,1,0,0.07894303,True,15694,Q2,0.921057,0.9-1.0
/kaggle/input/cell-images-for-detecting-malaria/cell_images/Parasitized/C184P145ThinF_IMG_20151203_104153_cell_166.png,Parasitized,118,133,RGB,1,1,0,0.037253592,True,15694,Q2,0.9627464,0.9-1.0
/kaggle/input/cell-images-for-detecting-malaria/cell_images/Uninfected/C87P48ThinF_IMG_20150820_141913_cell_47.png,Uninfected,175,115,RGB,0,0,0,0.08701505,False,20125,Q3,0.91298497,0.9-1.0
/kaggle/input/cell-images-for-detecting-malaria/cell_images/Parasitized/C46P7ThinF_IMG_20151130_205558_cell_150.png,Parasitized,136,118,RGB,1,1,1,0.99622154,False,16048,Q2,0.99622154,0.9-1.0
/kaggle/input/cell-images-for-detecting-malaria/cell_images/Parasitized/C84P45ThinF_IMG_20150818_101146_cell_100.png,Parasitized,127,112,RGB,1,1,1,0.99993944,False,14224,Q1 (smallest),0.99993944,0.9-1.0
/kaggle/input/cell-images-for-detecting-malaria/cell_images/Parasitized/C59P20thinF_IMG_20150803_112733_cell_201.png,Parasitized,151,127,RGB,1,1,1,0.9999999,False,19177,Q3,0.9999999,0.9-1.0
/kaggle/input/cell-images-for-detecting-malaria/cell_images/Parasitized/C147P108ThinF_IMG_20151115_101317_cell_192.png,Parasitized,148,139,RGB,1,1,0,0.1158129,True,20572,Q4 (largest),0.8841871,0.8-0.9
/kaggle/input/cell-images-for-detecting-malaria/cell_images/Parasitized/C67P28N_ThinF_IMG_20150819_121456_cell_244.png,Parasitized,187,166,RGB,1,1,1,0.6850078,False,31042,Q4 (largest),0.6850078,0.6-0.7
/kaggle/input/cell-images-for-detecting-malaria/cell_images/Parasitized/C145P106ThinF_IMG_20151016_154309_cell_151.png,Parasitized,112,115,RGB,1,1,1,0.99834573,False,12880,Q1 (smallest),0.99834573,0.9-1.0
/kaggle/input/cell-images-for-detecting-malaria/cell_images/Uninfected/C119P80ThinF_IMG_20151002_124425_cell_86.png,Uninfected,130,133,RGB,0,0,0,0.0021555813,False,17290,Q2,0.9978444,0.9-1.0
/kaggle/input/cell-images-for-detecting-malaria/cell_images/Uninfected/C137P98ThinF_IMG_20151005_161859_cell_16.png,Uninfected,112,112,RGB,0,0,1,0.5737864,True,12544,Q1 (smallest),0.5737864,0.5-0.6
/kaggle/input/cell-images-for-detecting-malaria/cell_images/Parasitized/C144P105ThinF_IMG_20151015_155004_cell_309.png,Parasitized,139,136,RGB,1,1,1,0.9888508,False,18904,Q3,0.9888508,0.9-1.0
/kaggle/input/cell-images-for-detecting-malaria/cell_images/Parasitized/C81P42ThinF_IMG_20150817_115942_cell_221.png,Parasitized,145,136,RGB,1,1,1,0.9956036,False,19720,Q3,0.9956036,0.9-1.0
/kaggle/input/cell-images-for-detecting-malaria/cell_images/Parasitized/C70P31_ThinF_IMG_20150819_142239_cell_14.png,Parasitized,106,112,RGB,1,1,1,0.97134,False,11872,Q1 (smallest),0.97134,0.9-1.0
/kaggle/input/cell-images-for-detecting-malaria/cell_images/Parasitized/C184P145ThinF_IMG_20151203_104153_cell_170.png,Parasitized,142,142,RGB,1,1,1,0.9986118,False,20164,Q4 (largest),0.9986118,0.9-1.0
/kaggle/input/cell-images-for-detecting-malaria/cell_images/Uninfected/C131P92ThinF_IMG_20151004_151126_cell_11.png,Uninfected,145,124,RGB,0,0,0,0.06370949,False,17980,Q3,0.9362905,0.9-1.0
/kaggle/input/cell-images-for-detecting-malaria/cell_images/Uninfected/C206ThinF_IMG_20151029_140511_cell_278.png,Uninfected,133,127,RGB,0,0,0,0.00086017296,False,16891,Q2,0.99913985,0.9-1.0
/kaggle/input/cell-images-for-detecting-malaria/cell_images/Parasitized/C101P62ThinF_IMG_20150918_151006_cell_80.png,Parasitized,130,142,RGB,1,1,1,0.99980533,False,18460,Q3,0.99980533,0.9-1.0
/kaggle/input/cell-images-for-detecting-malaria/cell_images/Uninfected/C172P133ThinF_IMG_20151119_155156_cell_154.png,Uninfected,139,124,RGB,0,0,0,0.02375662,False,17236,Q2,0.9762434,0.9-1.0
/kaggle/input/cell-images-for-detecting-malaria/cell_images/Uninfected/C82P43ThinF_IMG_20150817_124418_cell_138.png,Uninfected,160,130,RGB,0,0,0,0.010563604,False,20800,Q4 (largest),0.9894364,0.9-1.0
/kaggle/input/cell-images-for-detecting-malaria/cell_images/Uninfected/C152P113ThinF_IMG_20151115_124323_cell_145.png,Uninfected,136,109,RGB,0,0,0,0.0003526974,False,14824,Q1 (smallest),0.9996473,0.9-1.0
/kaggle/input/cell-images-for-detecting-malaria/cell_images/Parasitized/C128P89ThinF_IMG_20151004_131753_cell_134.png,Parasitized,136,121,RGB,1,1,1,0.9961373,False,16456,Q2,0.9961373,0.9-1.0
/kaggle/input/cell-images-for-detecting-malaria/cell_images/Parasitized/C182P143NThinF_IMG_20151201_172216_cell_133.png,Parasitized,115,118,RGB,1,1,1,0.9982772,False,13570,Q1 (smallest),0.9982772,0.9-1.0
/kaggle/input/cell-images-for-detecting-malaria/cell_images/Uninfected/C113P74ThinF_IMG_20150930_140646_cell_52.png,Uninfected,127,136,RGB,0,0,0,0.0014565047,False,17272,Q2,0.9985435,0.9-1.0
/kaggle/input/cell-images-for-detecting-malaria/cell_images/Uninfected/C177P138NThinF_IMG_20151201_142942_cell_19.png,Uninfected,106,121,RGB,0,0,1,0.70671,True,12826,Q1 (smallest),0.70671,0.7-0.8
/kaggle/input/cell-images-for-detecting-malaria/cell_images/Uninfected/C92P53ThinF_IMG_20150821_150457_cell_217.png,Uninfected,184,175,RGB,0,0,0,0.00084862794,False,32200,Q4 (largest),0.99915135,0.9-1.0
/kaggle/input/cell-images-for-detecting-malaria/cell_images/Parasitized/C91P52ThinF_IMG_20150821_125154_cell_204.png,Parasitized,244,202,RGB,1,1,1,0.93701226,False,49288,Q4 (largest),0.93701226,0.9-1.0
/kaggle/input/cell-images-for-detecting-malaria/cell_images/Uninfected/C208ThinF_IMG_20151029_155554_cell_65.png,Uninfected,133,103,RGB,0,0,0,0.0013617098,False,13699,Q1 (smallest),0.9986383,0.9-1.0
/kaggle/input/cell-images-for-detecting-malaria/cell_images/Uninfected/C139P100ThinF_IMG_20151005_183521_cell_129.png,Uninfected,157,157,RGB,0,0,0,0.0032885654,False,24649,Q4 (largest),0.99671143,0.9-1.0
/kaggle/input/cell-images-for-detecting-malaria/cell_images/Uninfected/C182P143NThinF_IMG_20151201_171905_cell_117.png,Uninfected,109,112,RGB,0,0,0,0.050959002,False,12208,Q1 (smallest),0.949041,0.9-1.0
/kaggle/input/cell-images-for-detecting-malaria/cell_images/Uninfected/C237ThinF_IMG_20151127_105320_cell_11.png,Uninfected,139,133,RGB,0,0,0,0.00027611107,False,18487,Q3,0.9997239,0.9-1.0
/kaggle/input/cell-images-for-detecting-malaria/cell_images/Parasitized/C99P60ThinF_IMG_20150918_141351_cell_121.png,Parasitized,148,169,RGB,1,1,1,0.9985067,False,25012,Q4 (largest),0.9985067,0.9-1.0
/kaggle/input/cell-images-for-detecting-malaria/cell_images/Uninfected/C210ThinF_IMG_20151029_162439_cell_91.png,Uninfected,112,103,RGB,0,0,0,0.000285983,False,11536,Q1 (smallest),0.999714,0.9-1.0
/kaggle/input/cell-images-for-detecting-malaria/cell_images/Uninfected/C156P117ThinF_IMG_20151115_154435_cell_281.png,Uninfected,115,115,RGB,0,0,0,0.0060738907,False,13225,Q1 (smallest),0.9939261,0.9-1.0
/kaggle/input/cell-images-for-detecting-malaria/cell_images/Parasitized/C80P41ThinF_IMG_20150817_112557_cell_15.png,Parasitized,100,100,RGB,1,1,1,0.9731033,False,10000,Q1 (smallest),0.9731033,0.9-1.0
/kaggle/input/cell-images-for-detecting-malaria/cell_images/Parasitized/C48P9thinF_IMG_20150721_163810_cell_6.png,Parasitized,136,163,RGB,1,1,1,0.9610437,False,22168,Q4 (largest),0.9610437,0.9-1.0
/kaggle/input/cell-images-for-detecting-malaria/cell_images/Uninfected/C147P108ThinF_IMG_20151115_095606_cell_86.png,Uninfected,112,106,RGB,0,0,0,8.610018e-05,False,11872,Q1 (smallest),0.9999139,0.9-1.0
/kaggle/input/cell-images-for-detecting-malaria/cell_images/Parasitized/C180P141NThinF_IMG_20151201_165601_cell_181.png,Parasitized,169,172,RGB,1,1,1,0.94748366,False,29068,Q4 (largest),0.94748366,0.9-1.0
/kaggle/input/cell-images-for-detecting-malaria/cell_images/Uninfected/C65P26N_ThinF_IMG_20150818_154714_cell_110.png,Uninfected,151,136,RGB,0,0,0,0.0016284428,False,20536,Q4 (largest),0.99837154,0.9-1.0
/kaggle/input/cell-images-for-detecting-malaria/cell_images/Uninfected/C86P47ThinF_IMG_20150820_124025_cell_106.png,Uninfected,130,115,RGB,0,0,0,0.002053979,False,14950,Q2,0.997946,0.9-1.0
/kaggle/input/cell-images-for-detecting-malaria/cell_images/Parasitized/C116P77ThinF_IMG_20150930_171558_cell_116.png,Parasitized,109,142,RGB,1,1,1,0.8810842,False,15478,Q2,0.8810842,0.8-0.9
/kaggle/input/cell-images-for-detecting-malaria/cell_images/Uninfected/C156P117ThinF_IMG_20151115_153831_cell_84.png,Uninfected,124,121,RGB,0,0,0,0.008380754,False,15004,Q2,0.9916192,0.9-1.0
/kaggle/input/cell-images-for-detecting-malaria/cell_images/Parasitized/C180P141NThinF_IMG_20151201_165601_cell_182.png,Parasitized,151,142,RGB,1,1,1,0.99062085,False,21442,Q4 (largest),0.99062085,0.9-1.0
/kaggle/input/cell-images-for-detecting-malaria/cell_images/Parasitized/C133P94ThinF_IMG_20151004_154351_cell_99.png,Parasitized,118,124,RGB,1,1,1,0.9121595,False,14632,Q1 (smallest),0.9121595,0.9-1.0
/kaggle/input/cell-images-for-detecting-malaria/cell_images/Uninfected/C204ThinF_IMG_20151029_112231_cell_115.png,Uninfected,139,127,RGB,0,0,0,0.03627627,False,17653,Q3,0.9637237,0.9-1.0
/kaggle/input/cell-images-for-detecting-malaria/cell_images/Uninfected/C137P98ThinF_IMG_20151005_163712_cell_36.png,Uninfected,139,145,RGB,0,0,0,0.0077868225,False,20155,Q3,0.9922132,0.9-1.0
/kaggle/input/cell-images-for-detecting-malaria/cell_images/Parasitized/C132P93ThinF_IMG_20151004_151733_cell_166.png,Parasitized,139,124,RGB,1,1,1,0.97243214,False,17236,Q2,0.97243214,0.9-1.0
/kaggle/input/cell-images-for-detecting-malaria/cell_images/Parasitized/C126P87ThinF_IMG_20151004_105342_cell_120.png,Parasitized,124,118,RGB,1,1,1,0.9997161,False,14632,Q1 (smallest),0.9997161,0.9-1.0
/kaggle/input/cell-images-for-detecting-malaria/cell_images/Uninfected/C13NThinF_IMG_20150614_131457_cell_133.png,Uninfected,103,163,RGB,0,0,0,0.14515263,False,16789,Q2,0.8548474,0.8-0.9
/kaggle/input/cell-images-for-detecting-malaria/cell_images/Uninfected/C205ThinF_IMG_20151106_151622_cell_25.png,Uninfected,133,112,RGB,0,0,0,0.00043563946,False,14896,Q2,0.99956435,0.9-1.0
/kaggle/input/cell-images-for-detecting-malaria/cell_images/Uninfected/C37BP2_thinF_IMG_20150620_132440a_cell_41.png,Uninfected,130,148,RGB,0,0,0,0.0012373197,False,19240,Q3,0.99876267,0.9-1.0
/kaggle/input/cell-images-for-detecting-malaria/cell_images/Parasitized/C74P35_ThinF_IMG_20150815_120957_cell_124.png,Parasitized,133,130,RGB,1,1,1,0.99820864,False,17290,Q2,0.99820864,0.9-1.0
/kaggle/input/cell-images-for-detecting-malaria/cell_images/Parasitized/C49P10thinF_IMG_20150724_103233_cell_203.png,Parasitized,118,127,RGB,1,1,0,0.19269994,True,14986,Q2,0.8073001,0.8-0.9
/kaggle/input/cell-images-for-detecting-malaria/cell_images/Uninfected/C139P100ThinF_IMG_20151005_182527_cell_162.png,Uninfected,133,130,RGB,0,0,0,0.003306303,False,17290,Q2,0.9966937,0.9-1.0
/kaggle/input/cell-images-for-detecting-malaria/cell_images/Uninfected/C173P134NThinF_IMG_20151130_120046_cell_42.png,Uninfected,121,124,RGB,0,0,0,0.010804165,False,15004,Q2,0.9891958,0.9-1.0
/kaggle/input/cell-images-for-detecting-malaria/cell_images/Parasitized/C136P97ThinF_IMG_20151005_143329_cell_91.png,Parasitized,160,127,RGB,1,1,1,0.8619284,False,20320,Q4 (largest),0.8619284,0.8-0.9
/kaggle/input/cell-images-for-detecting-malaria/cell_images/Parasitized/C91P52ThinF_IMG_20150821_125256_cell_20.png,Parasitized,199,157,RGB,1,1,1,0.9824229,False,31243,Q4 (largest),0.9824229,0.9-1.0
/kaggle/input/cell-images-for-detecting-malaria/cell_images/Parasitized/C67P28N_ThinF_IMG_20150819_132441_cell_167.png,Parasitized,97,106,RGB,1,1,1,0.969254,False,10282,Q1 (smallest),0.969254,0.9-1.0
/kaggle/input/cell-images-for-detecting-malaria/cell_images/Parasitized/C116P77ThinF_IMG_20150930_171954_cell_84.png,Parasitized,136,136,RGB,1,1,1,0.99964726,False,18496,Q3,0.99964726,0.9-1.0
/kaggle/input/cell-images-for-detecting-malaria/cell_images/Uninfected/C222ThinF_IMG_20151115_151433_cell_104.png,Uninfected,136,151,RGB,0,0,0,0.0021742263,False,20536,Q4 (largest),0.9978258,0.9-1.0
/kaggle/input/cell-images-for-detecting-malaria/cell_images/Parasitized/C99P60ThinF_IMG_20150918_141314_cell_112.png,Parasitized,136,106,RGB,1,1,1,0.99771094,False,14416,Q1 (smallest),0.99771094,0.9-1.0
/kaggle/input/cell-images-for-detecting-malaria/cell_images/Uninfected/C104P65ThinF_IMG_20150918_172537_cell_132.png,Uninfected,136,130,RGB,0,0,0,0.0012752388,False,17680,Q3,0.99872476,0.9-1.0
/kaggle/input/cell-images-for-detecting-malaria/cell_images/Uninfected/C95P56ThinF_IMG_20150821_171530_cell_36.png,Uninfected,106,145,RGB,0,0,0,0.4278759,False,15370,Q2,0.5721241,0.5-0.6
/kaggle/input/cell-images-for-detecting-malaria/cell_images/Parasitized/C180P141NThinF_IMG_20151201_165601_cell_163.png,Parasitized,145,142,RGB,1,1,1,0.9429322,False,20590,Q4 (largest),0.9429322,0.9-1.0
/kaggle/input/cell-images-for-detecting-malaria/cell_images/Parasitized/C184P145ThinF_IMG_20151203_103637_cell_165.png,Parasitized,118,160,RGB,1,1,1,0.99963355,False,18880,Q3,0.99963355,0.9-1.0
/kaggle/input/cell-images-for-detecting-malaria/cell_images/Parasitized/C101P62ThinF_IMG_20150923_165215_cell_40.png,Parasitized,136,154,RGB,1,1,1,0.9995223,False,20944,Q4 (largest),0.9995223,0.9-1.0
/kaggle/input/cell-images-for-detecting-malaria/cell_images/Uninfected/C230ThinF_IMG_20151112_150730_cell_155.png,Uninfected,121,121,RGB,0,0,0,0.00033065295,False,14641,Q1 (smallest),0.9996694,0.9-1.0
/kaggle/input/cell-images-for-detecting-malaria/cell_images/Uninfected/C83P44ThinF_IMG_20150817_133355_cell_82.png,Uninfected,151,148,RGB,0,0,0,0.0009214217,False,22348,Q4 (largest),0.9990786,0.9-1.0
/kaggle/input/cell-images-for-detecting-malaria/cell_images/Uninfected/C229ThinF_IMG_20151112_144652_cell_158.png,Uninfected,124,112,RGB,0,0,0,0.0012610796,False,13888,Q1 (smallest),0.99873894,0.9-1.0
/kaggle/input/cell-images-for-detecting-malaria/cell_images/Uninfected/C144P105ThinF_IMG_20151015_155149_cell_196.png,Uninfected,136,142,RGB,0,0,0,0.00036542362,False,19312,Q3,0.99963456,0.9-1.0
/kaggle/input/cell-images-for-detecting-malaria/cell_images/Parasitized/C70P31_ThinF_IMG_20150813_131708_cell_11.png,Parasitized,106,100,RGB,1,1,1,0.99097836,False,10600,Q1 (smallest),0.99097836,0.9-1.0
/kaggle/input/cell-images-for-detecting-malaria/cell_images/Uninfected/C178P139NThinF_IMG_20151201_154025_cell_69.png,Uninfected,94,109,RGB,0,0,0,0.17808236,False,10246,Q1 (smallest),0.82191765,0.8-0.9
/kaggle/input/cell-images-for-detecting-malaria/cell_images/Parasitized/C84P45ThinF_IMG_20150818_104849_cell_17.png,Parasitized,154,118,RGB,1,1,1,0.99904937,False,18172,Q3,0.99904937,0.9-1.0
/kaggle/input/cell-images-for-detecting-malaria/cell_images/Uninfected/C89P50ThinF_IMG_20150820_162153_cell_168.png,Uninfected,184,109,RGB,0,0,0,0.029120207,False,20056,Q3,0.9708798,0.9-1.0
/kaggle/input/cell-images-for-detecting-malaria/cell_images/Uninfected/C55P16thinF_IMG_20150728_124508_cell_183.png,Uninfected,103,115,RGB,0,0,0,0.037481878,False,11845,Q1 (smallest),0.9625181,0.9-1.0
/kaggle/input/cell-images-for-detecting-malaria/cell_images/Uninfected/C164P125ThinF_IMG_20151116_114404_cell_150.png,Uninfected,118,109,RGB,0,0,0,0.006732335,False,12862,Q1 (smallest),0.99326766,0.9-1.0
/kaggle/input/cell-images-for-detecting-malaria/cell_images/Parasitized/C97P58ThinF_IMG_20150917_151551_cell_175.png,Parasitized,157,157,RGB,1,1,1,0.98683155,False,24649,Q4 (largest),0.98683155,0.9-1.0
/kaggle/input/cell-images-for-detecting-malaria/cell_images/Uninfected/C226ThinF_IMG_20151112_131546_cell_167.png,Uninfected,118,115,RGB,0,0,0,0.002603637,False,13570,Q1 (smallest),0.99739635,0.9-1.0
/kaggle/input/cell-images-for-detecting-malaria/cell_images/Parasitized/C184P145ThinF_IMG_20151203_103114_cell_173.png,Parasitized,103,166,RGB,1,1,1,0.99868923,False,17098,Q2,0.99868923,0.9-1.0
/kaggle/input/cell-images-for-detecting-malaria/cell_images/Uninfected/C149P110ThinF_IMG_20151115_114729_cell_69.png,Uninfected,124,103,RGB,0,0,0,0.03514746,False,12772,Q1 (smallest),0.9648526,0.9-1.0
/kaggle/input/cell-images-for-detecting-malaria/cell_images/Uninfected/C64P25N_ThinF_IMG_20150818_152921_cell_172.png,Uninfected,154,130,RGB,0,0,0,0.12948343,False,20020,Q3,0.87051654,0.8-0.9
/kaggle/input/cell-images-for-detecting-malaria/cell_images/Parasitized/C39P4thinF_original_IMG_20150622_110352_cell_109.png,Parasitized,103,103,RGB,1,1,1,0.5397908,False,10609,Q1 (smallest),0.5397908,0.5-0.6
/kaggle/input/cell-images-for-detecting-malaria/cell_images/Uninfected/C63P24N_ThinF_IMG_20150818_144456_cell_89.png,Uninfected,121,130,RGB,0,0,0,0.00037767878,False,15730,Q2,0.99962234,0.9-1.0
/kaggle/input/cell-images-for-detecting-malaria/cell_images/Uninfected/C168P129ThinF_IMG_20151118_155802_cell_15.png,Uninfected,136,142,RGB,0,0,0,0.006108522,False,19312,Q3,0.9938915,0.9-1.0
/kaggle/input/cell-images-for-detecting-malaria/cell_images/Parasitized/C132P93ThinF_IMG_20151004_151733_cell_164.png,Parasitized,115,124,RGB,1,1,1,0.999617,False,14260,Q1 (smallest),0.999617,0.9-1.0
/kaggle/input/cell-images-for-detecting-malaria/cell_images/Parasitized/C51AP12thinF_IMG_20150724_162636_cell_92.png,Parasitized,115,127,RGB,1,1,1,0.9983034,False,14605,Q1 (smallest),0.9983034,0.9-1.0
/kaggle/input/cell-images-for-detecting-malaria/cell_images/Uninfected/C213ThinF_IMG_20151106_112252_cell_157.png,Uninfected,133,127,RGB,0,0,0,0.00033922077,False,16891,Q2,0.9996608,0.9-1.0
/kaggle/input/cell-images-for-detecting-malaria/cell_images/Parasitized/C123P84ThinF_IMG_20151002_151432_cell_158.png,Parasitized,154,136,RGB,1,1,1,0.9614834,False,20944,Q4 (largest),0.9614834,0.9-1.0
/kaggle/input/cell-images-for-detecting-malaria/cell_images/Parasitized/C59P20thinF_IMG_20150803_113139_cell_32.png,Parasitized,121,151,RGB,1,1,1,0.99941146,False,18271,Q3,0.99941146,0.9-1.0
/kaggle/input/cell-images-for-detecting-malaria/cell_images/Uninfected/C158P119ThinF_IMG_20151115_181436_cell_176.png,Uninfected,166,112,RGB,0,0,0,0.009732413,False,18592,Q3,0.9902676,0.9-1.0
/kaggle/input/cell-images-for-detecting-malaria/cell_images/Uninfected/C125P86ThinF_IMG_20151004_101158_cell_126.png,Uninfected,115,103,RGB,0,0,0,0.0121781705,False,11845,Q1 (smallest),0.9878218,0.9-1.0
/kaggle/input/cell-images-for-detecting-malaria/cell_images/Uninfected/C221ThinF_IMG_20151106_160304_cell_4.png,Uninfected,130,139,RGB,0,0,0,0.002436786,False,18070,Q3,0.99756324,0.9-1.0
/kaggle/input/cell-images-for-detecting-malaria/cell_images/Uninfected/C55P16thinF_IMG_20150728_121151_cell_88.png,Uninfected,115,136,RGB,0,0,0,0.023471957,False,15640,Q2,0.97652805,0.9-1.0
/kaggle/input/cell-images-for-detecting-malaria/cell_images/Parasitized/C117P78ThinF_IMG_20150930_214317_cell_103.png,Parasitized,169,157,RGB,1,1,1,0.5974252,False,26533,Q4 (largest),0.5974252,0.5-0.6
/kaggle/input/cell-images-for-detecting-malaria/cell_images/Parasitized/C39P4thinF_original_IMG_20150622_110352_cell_104.png,Parasitized,124,151,RGB,1,1,1,0.921751,False,18724,Q3,0.921751,0.9-1.0
/kaggle/input/cell-images-for-detecting-malaria/cell_images/Parasitized/C48P9thinF_IMG_20150721_164031_cell_18.png,Parasitized,112,91,RGB,1,1,1,0.9962141,False,10192,Q1 (smallest),0.9962141,0.9-1.0
/kaggle/input/cell-images-for-detecting-malaria/cell_images/Uninfected/C127P88ThinF_IMG_20151004_111651_cell_99.png,Uninfected,118,112,RGB,0,0,0,0.0012016537,False,13216,Q1 (smallest),0.9987984,0.9-1.0
/kaggle/input/cell-images-for-detecting-malaria/cell_images/Uninfected/C102P63ThinF_IMG_20150918_162051_cell_1.png,Uninfected,148,130,RGB,0,0,0,0.009001684,False,19240,Q3,0.9909983,0.9-1.0
/kaggle/input/cell-images-for-detecting-malaria/cell_images/Parasitized/C48P9thinF_IMG_20150721_161243_cell_156.png,Parasitized,148,151,RGB,1,1,1,0.99846303,False,22348,Q4 (largest),0.99846303,0.9-1.0
/kaggle/input/cell-images-for-detecting-malaria/cell_images/Parasitized/C132P93ThinF_IMG_20151004_152505_cell_130.png,Parasitized,127,148,RGB,1,1,1,0.99982584,False,18796,Q3,0.99982584,0.9-1.0
/kaggle/input/cell-images-for-detecting-malaria/cell_images/Parasitized/C48P9thinF_IMG_20150721_162732_cell_17.png,Parasitized,160,154,RGB,1,1,1,0.88741887,False,24640,Q4 (largest),0.88741887,0.8-0.9
/kaggle/input/cell-images-for-detecting-malaria/cell_images/Uninfected/C171P132ThinF_IMG_20151119_153150_cell_132.png,Uninfected,133,121,RGB,0,0,0,0.008788554,False,16093,Q2,0.9912115,0.9-1.0
/kaggle/input/cell-images-for-detecting-malaria/cell_images/Parasitized/C184P145ThinF_IMG_20151203_104030_cell_9.png,Parasitized,166,112,RGB,1,1,1,1.0,False,18592,Q3,1.0,0.9-1.0
/kaggle/input/cell-images-for-detecting-malaria/cell_images/Uninfected/C224ThinF_IMG_20151112_111955_cell_23.png,Uninfected,145,118,RGB,0,0,0,0.0003439498,False,17110,Q2,0.999656,0.9-1.0
/kaggle/input/cell-images-for-detecting-malaria/cell_images/Uninfected/C152P113ThinF_IMG_20151115_124853_cell_47.png,Uninfected,142,118,RGB,0,0,0,0.0047138664,False,16756,Q2,0.9952861,0.9-1.0
/kaggle/input/cell-images-for-detecting-malaria/cell_images/Uninfected/C148P109ThinF_IMG_20151115_112445_cell_181.png,Uninfected,136,163,RGB,0,0,0,0.005468139,False,22168,Q4 (largest),0.99453187,0.9-1.0
/kaggle/input/cell-images-for-detecting-malaria/cell_images/Parasitized/C95P56ThinF_IMG_20150821_171701_cell_95.png,Parasitized,109,118,RGB,1,1,1,0.8137292,False,12862,Q1 (smallest),0.8137292,0.8-0.9
/kaggle/input/cell-images-for-detecting-malaria/cell_images/Parasitized/C69P30N_ThinF_IMG_20150819_135421_cell_215.png,Parasitized,163,238,RGB,1,1,1,0.7590337,False,38794,Q4 (largest),0.7590337,0.7-0.8
/kaggle/input/cell-images-for-detecting-malaria/cell_images/Parasitized/C188P149ThinF_IMG_20151203_134209_cell_202.png,Parasitized,118,121,RGB,1,1,1,0.9993063,False,14278,Q1 (smallest),0.9993063,0.9-1.0
/kaggle/input/cell-images-for-detecting-malaria/cell_images/Parasitized/C129P90ThinF_IMG_20151004_134944_cell_23.png,Parasitized,103,118,RGB,1,1,1,0.99802953,False,12154,Q1 (smallest),0.99802953,0.9-1.0
/kaggle/input/cell-images-for-detecting-malaria/cell_images/Parasitized/C94P55ThinF_IMG_20150821_170249_cell_225.png,Parasitized,139,130,RGB,1,1,1,0.9825049,False,18070,Q3,0.9825049,0.9-1.0
/kaggle/input/cell-images-for-detecting-malaria/cell_images/Uninfected/C89P50ThinF_IMG_20150820_162813_cell_78.png,Uninfected,187,133,RGB,0,0,0,0.116886556,False,24871,Q4 (largest),0.88311344,0.8-0.9
/kaggle/input/cell-images-for-detecting-malaria/cell_images/Uninfected/C127P88ThinF_IMG_20151004_111220_cell_53.png,Uninfected,139,145,RGB,0,0,0,0.0021307352,False,20155,Q3,0.99786925,0.9-1.0
/kaggle/input/cell-images-for-detecting-malaria/cell_images/Uninfected/C117P78ThinF_IMG_20150930_214317_cell_87.png,Uninfected,154,157,RGB,0,0,0,0.00080978026,False,24178,Q4 (largest),0.9991902,0.9-1.0
/kaggle/input/cell-images-for-detecting-malaria/cell_images/Parasitized/C176P137NThinF_IMG_20151201_121808_cell_128.png,Parasitized,124,139,RGB,1,1,1,0.99983084,False,17236,Q2,0.99983084,0.9-1.0
/kaggle/input/cell-images-for-detecting-malaria/cell_images/Parasitized/C59P20thinF_IMG_20150803_112858_cell_183.png,Parasitized,151,136,RGB,1,1,1,0.99931216,False,20536,Q4 (largest),0.99931216,0.9-1.0
/kaggle/input/cell-images-for-detecting-malaria/cell_images/Uninfected/C45P6ThinF_IMG_20151130_154725_cell_107.png,Uninfected,127,115,RGB,0,0,0,0.026947048,False,14605,Q1 (smallest),0.973053,0.9-1.0
/kaggle/input/cell-images-for-detecting-malaria/cell_images/Parasitized/C60P21thinF_IMG_20150803_144510_cell_150.png,Parasitized,121,103,RGB,1,1,0,0.033473633,True,12463,Q1 (smallest),0.9665264,0.9-1.0
/kaggle/input/cell-images-for-detecting-malaria/cell_images/Uninfected/C178P139NThinF_IMG_20151201_153246_cell_23.png,Uninfected,109,127,RGB,0,0,0,0.08801135,False,13843,Q1 (smallest),0.9119887,0.9-1.0
/kaggle/input/cell-images-for-detecting-malaria/cell_images/Parasitized/C68P29N_ThinF_IMG_20150819_133236_cell_200.png,Parasitized,154,148,RGB,1,1,1,0.80312526,False,22792,Q4 (largest),0.80312526,0.8-0.9
/kaggle/input/cell-images-for-detecting-malaria/cell_images/Uninfected/C117P78ThinF_IMG_20150930_221048_cell_37.png,Uninfected,145,151,RGB,0,0,0,0.0039807195,False,21895,Q4 (largest),0.9960193,0.9-1.0
/kaggle/input/cell-images-for-detecting-malaria/cell_images/Uninfected/C81P42ThinF_IMG_20150817_120712_cell_57.png,Uninfected,151,130,RGB,0,0,0,0.0031072916,False,19630,Q3,0.9968927,0.9-1.0
/kaggle/input/cell-images-for-detecting-malaria/cell_images/Uninfected/C234ThinF_IMG_20151112_162759_cell_199.png,Uninfected,127,133,RGB,0,0,0,0.0007059675,False,16891,Q2,0.99929404,0.9-1.0
/kaggle/input/cell-images-for-detecting-malaria/cell_images/Uninfected/C125P86ThinF_IMG_20151004_101158_cell_113.png,Uninfected,157,160,RGB,0,0,0,0.001992686,False,25120,Q4 (largest),0.9980073,0.9-1.0
/kaggle/input/cell-images-for-detecting-malaria/cell_images/Parasitized/C183P144NThinF_IMG_20151201_224107_cell_119.png,Parasitized,139,124,RGB,1,1,1,0.9967998,False,17236,Q2,0.9967998,0.9-1.0
/kaggle/input/cell-images-for-detecting-malaria/cell_images/Uninfected/C58P19thinF_IMG_20150802_122338_cell_130.png,Uninfected,154,148,RGB,0,0,0,0.0054118894,False,22792,Q4 (largest),0.99458814,0.9-1.0
/kaggle/input/cell-images-for-detecting-malaria/cell_images/Uninfected/C47P8thinOriginalOlympusCX21_IMG_20150717_174750_cell_136.png,Uninfected,103,127,RGB,0,0,0,0.0029594938,False,13081,Q1 (smallest),0.9970405,0.9-1.0
/kaggle/input/cell-images-for-detecting-malaria/cell_images/Uninfected/C240ThinF_IMG_20151127_115247_cell_208.png,Uninfected,130,121,RGB,0,0,0,0.02526403,False,15730,Q2,0.974736,0.9-1.0
/kaggle/input/cell-images-for-detecting-malaria/cell_images/Parasitized/C182P143NThinF_IMG_20151201_172842_cell_8.png,Parasitized,121,121,RGB,1,1,1,0.98986024,False,14641,Q1 (smallest),0.98986024,0.9-1.0
/kaggle/input/cell-images-for-detecting-malaria/cell_images/Parasitized/C74P35_ThinF_IMG_20150815_120712_cell_116.png,Parasitized,145,157,RGB,1,1,1,0.997837,False,22765,Q4 (largest),0.997837,0.9-1.0
/kaggle/input/cell-images-for-detecting-malaria/cell_images/Uninfected/C227ThinF_IMG_20151112_135509_cell_173.png,Uninfected,151,139,RGB,0,0,0,0.0023978667,False,20989,Q4 (largest),0.9976021,0.9-1.0
/kaggle/input/cell-images-for-detecting-malaria/cell_images/Parasitized/C180P141NThinF_IMG_20151201_165659_cell_27.png,Parasitized,199,151,RGB,1,1,1,0.9319816,False,30049,Q4 (largest),0.9319816,0.9-1.0
/kaggle/input/cell-images-for-detecting-malaria/cell_images/Parasitized/C132P93ThinF_IMG_20151004_151941_cell_38.png,Parasitized,145,133,RGB,1,1,1,0.9999399,False,19285,Q3,0.9999399,0.9-1.0
/kaggle/input/cell-images-for-detecting-malaria/cell_images/Uninfected/C131P92ThinF_IMG_20151004_150208_cell_66.png,Uninfected,139,145,RGB,0,0,0,0.0015281462,False,20155,Q3,0.99847186,0.9-1.0
/kaggle/input/cell-images-for-detecting-malaria/cell_images/Parasitized/C68P29N_ThinF_IMG_20150819_133350_cell_152.png,Parasitized,160,178,RGB,1,1,1,0.9998672,False,28480,Q4 (largest),0.9998672,0.9-1.0
/kaggle/input/cell-images-for-detecting-malaria/cell_images/Parasitized/C59P20thinF_IMG_20150803_113139_cell_11.png,Parasitized,142,136,RGB,1,1,1,0.9999994,False,19312,Q3,0.9999994,0.9-1.0
/kaggle/input/cell-images-for-detecting-malaria/cell_images/Uninfected/C178P139NThinF_IMG_20151201_154337_cell_69.png,Uninfected,112,76,RGB,0,0,0,0.20299207,False,8512,Q1 (smallest),0.7970079,0.7-0.8
/kaggle/input/cell-images-for-detecting-malaria/cell_images/Parasitized/C144P105ThinF_IMG_20151015_155004_cell_307.png,Parasitized,139,148,RGB,1,1,0,0.05765883,True,20572,Q4 (largest),0.94234115,0.9-1.0
/kaggle/input/cell-images-for-detecting-malaria/cell_images/Parasitized/C48P9thinF_IMG_20150721_162732_cell_8.png,Parasitized,148,154,RGB,1,1,1,0.579892,False,22792,Q4 (largest),0.579892,0.5-0.6
/kaggle/input/cell-images-for-detecting-malaria/cell_images/Uninfected/C241NThinF_IMG_20151207_124643_cell_136.png,Uninfected,127,130,RGB,0,0,0,0.00063345616,False,16510,Q2,0.9993665,0.9-1.0
/kaggle/input/cell-images-for-detecting-malaria/cell_images/Parasitized/C167P128ReThinF_IMG_20151201_110011_cell_224.png,Parasitized,142,133,RGB,1,1,1,0.89287746,False,18886,Q3,0.89287746,0.8-0.9
/kaggle/input/cell-images-for-detecting-malaria/cell_images/Parasitized/C167P128ReThinF_IMG_20151201_105559_cell_239.png,Parasitized,139,142,RGB,1,1,1,0.9924259,False,19738,Q3,0.9924259,0.9-1.0
/kaggle/input/cell-images-for-detecting-malaria/cell_images/Uninfected/C135P96ThinF_IMG_20151005_123441_cell_131.png,Uninfected,148,157,RGB,0,0,0,0.33248597,False,23236,Q4 (largest),0.667514,0.6-0.7
/kaggle/input/cell-images-for-detecting-malaria/cell_images/Parasitized/C142P103ThinF_IMG_20151005_221115_cell_193.png,Parasitized,124,136,RGB,1,1,1,0.9979957,False,16864,Q2,0.9979957,0.9-1.0
/kaggle/input/cell-images-for-detecting-malaria/cell_images/Uninfected/C12NThinF_IMG_20150614_124244_cell_47.png,Uninfected,139,133,RGB,0,0,0,7.263825e-05,False,18487,Q3,0.99992734,0.9-1.0
/kaggle/input/cell-images-for-detecting-malaria/cell_images/Uninfected/C82P43ThinF_IMG_20150817_123500_cell_196.png,Uninfected,130,127,RGB,0,0,0,0.0030835322,False,16510,Q2,0.9969165,0.9-1.0
/kaggle/input/cell-images-for-detecting-malaria/cell_images/Parasitized/C159P120ThinF_IMG_20151115_185541_cell_190.png,Parasitized,115,154,RGB,1,1,1,0.99445266,False,17710,Q3,0.99445266,0.9-1.0
/kaggle/input/cell-images-for-detecting-malaria/cell_images/Parasitized/C82P43ThinF_IMG_20150817_123824_cell_209.png,Parasitized,151,181,RGB,1,1,1,0.99961174,False,27331,Q4 (largest),0.99961174,0.9-1.0
/kaggle/input/cell-images-for-detecting-malaria/cell_images/Parasitized/C91P52ThinF_IMG_20150821_124311_cell_33.png,Parasitized,142,160,RGB,1,1,1,0.5985464,False,22720,Q4 (largest),0.5985464,0.5-0.6
/kaggle/input/cell-images-for-detecting-malaria/cell_images/Parasitized/C89P50ThinF_IMG_20150820_162153_cell_187.png,Parasitized,184,172,RGB,1,1,1,0.7388515,False,31648,Q4 (largest),0.7388515,0.7-0.8
/kaggle/input/cell-images-for-detecting-malaria/cell_images/Parasitized/C144P105ThinF_IMG_20151015_155004_cell_303.png,Parasitized,148,145,RGB,1,1,1,0.87015957,False,21460,Q4 (largest),0.87015957,0.8-0.9
/kaggle/input/cell-images-for-detecting-malaria/cell_images/Uninfected/C117P78ThinF_IMG_20150930_214138_cell_77.png,Uninfected,133,139,RGB,0,0,0,0.0016655108,False,18487,Q3,0.99833447,0.9-1.0
/kaggle/input/cell-images-for-detecting-malaria/cell_images/Parasitized/C144P105ThinF_IMG_20151015_163142_cell_320.png,Parasitized,139,130,RGB,1,1,1,0.9552849,False,18070,Q3,0.9552849,0.9-1.0
/kaggle/input/cell-images-for-detecting-malaria/cell_images/Uninfected/C204ThinF_IMG_20151029_112502_cell_164.png,Uninfected,124,136,RGB,0,0,0,0.008719203,False,16864,Q2,0.9912808,0.9-1.0
/kaggle/input/cell-images-for-detecting-malaria/cell_images/Uninfected/C184P145ThinF_IMG_20151203_103326_cell_41.png,Uninfected,142,142,RGB,0,0,0,0.04580669,False,20164,Q4 (largest),0.9541933,0.9-1.0
/kaggle/input/cell-images-for-detecting-malaria/cell_images/Uninfected/C210ThinF_IMG_20151029_162605_cell_110.png,Uninfected,130,124,RGB,0,0,0,0.0004746914,False,16120,Q2,0.9995253,0.9-1.0
/kaggle/input/cell-images-for-detecting-malaria/cell_images/Uninfected/C37BP2_thinF_IMG_20150620_133111a_cell_75.png,Uninfected,148,139,RGB,0,0,0,0.10415888,False,20572,Q4 (largest),0.8958411,0.8-0.9
/kaggle/input/cell-images-for-detecting-malaria/cell_images/Uninfected/C141P102ThinF_IMG_20151005_214338_cell_23.png,Uninfected,133,142,RGB,0,0,0,0.0016133448,False,18886,Q3,0.9983867,0.9-1.0
/kaggle/input/cell-images-for-detecting-malaria/cell_images/Uninfected/C164P125ThinF_IMG_20151116_115149_cell_80.png,Uninfected,130,109,RGB,0,0,0,0.023452407,False,14170,Q1 (smallest),0.9765476,0.9-1.0
/kaggle/input/cell-images-for-detecting-malaria/cell_images/Uninfected/C116P77ThinF_IMG_20150930_171635_cell_68.png,Uninfected,115,109,RGB,0,0,0,0.09396476,False,12535,Q1 (smallest),0.90603524,0.9-1.0
/kaggle/input/cell-images-for-detecting-malaria/cell_images/Uninfected/C175P136NThinF_IMG_20151127_142009_cell_117.png,Uninfected,166,148,RGB,0,0,0,0.0055019557,False,24568,Q4 (largest),0.994498,0.9-1.0
/kaggle/input/cell-images-for-detecting-malaria/cell_images/Parasitized/C136P97ThinF_IMG_20151005_141946_cell_104.png,Parasitized,121,133,RGB,1,1,1,0.9894747,False,16093,Q2,0.9894747,0.9-1.0
/kaggle/input/cell-images-for-detecting-malaria/cell_images/Uninfected/C129P90ThinF_IMG_20151004_133329_cell_86.png,Uninfected,139,136,RGB,0,0,0,0.002298732,False,18904,Q3,0.9977013,0.9-1.0
/kaggle/input/cell-images-for-detecting-malaria/cell_images/Parasitized/C59P20thinF_IMG_20150803_112733_cell_192.png,Parasitized,139,139,RGB,1,1,1,0.9999902,False,19321,Q3,0.9999902,0.9-1.0
/kaggle/input/cell-images-for-detecting-malaria/cell_images/Uninfected/C61P22N_ThinF_IMG_20150818_112252_cell_144.png,Uninfected,118,154,RGB,0,0,0,0.011023262,False,18172,Q3,0.9889767,0.9-1.0
/kaggle/input/cell-images-for-detecting-malaria/cell_images/Uninfected/C213ThinF_IMG_20151106_112603_cell_214.png,Uninfected,115,115,RGB,0,0,0,0.00047086683,False,13225,Q1 (smallest),0.9995291,0.9-1.0
/kaggle/input/cell-images-for-detecting-malaria/cell_images/Parasitized/C101P62ThinF_IMG_20150918_151006_cell_69.png,Parasitized,178,118,RGB,1,1,1,0.99985826,False,21004,Q4 (largest),0.99985826,0.9-1.0
/kaggle/input/cell-images-for-detecting-malaria/cell_images/Uninfected/C235ThinF_IMG_20151112_164723_cell_190.png,Uninfected,121,127,RGB,0,0,0,0.0009055695,False,15367,Q2,0.9990944,0.9-1.0
/kaggle/input/cell-images-for-detecting-malaria/cell_images/Parasitized/C80P41ThinF_IMG_20150817_112329_cell_4.png,Parasitized,139,148,RGB,1,1,1,0.72664243,False,20572,Q4 (largest),0.72664243,0.7-0.8
/kaggle/input/cell-images-for-detecting-malaria/cell_images/Uninfected/C63P24N_ThinF_IMG_20150818_143319_cell_130.png,Uninfected,112,106,RGB,0,0,1,0.9934672,True,11872,Q1 (smallest),0.9934672,0.9-1.0
/kaggle/input/cell-images-for-detecting-malaria/cell_images/Parasitized/C46P7ThinF_IMG_20151130_210743_cell_157.png,Parasitized,124,121,RGB,1,1,1,0.9887476,False,15004,Q2,0.9887476,0.9-1.0
/kaggle/input/cell-images-for-detecting-malaria/cell_images/Uninfected/C215ThinF_IMG_20151106_133043_cell_81.png,Uninfected,127,157,RGB,0,0,0,0.00085871766,False,19939,Q3,0.9991413,0.9-1.0
/kaggle/input/cell-images-for-detecting-malaria/cell_images/Uninfected/C135P96ThinF_IMG_20151005_124031_cell_49.png,Uninfected,145,133,RGB,0,0,0,0.018973026,False,19285,Q3,0.98102695,0.9-1.0
/kaggle/input/cell-images-for-detecting-malaria/cell_images/Uninfected/C49P10thinF_IMG_20150724_103054_cell_114.png,Uninfected,193,136,RGB,0,0,0,0.30092403,False,26248,Q4 (largest),0.69907594,0.6-0.7
/kaggle/input/cell-images-for-detecting-malaria/cell_images/Uninfected/C160P121ThinF_IMG_20151116_093629_cell_13.png,Uninfected,124,118,RGB,0,0,0,0.07833696,False,14632,Q1 (smallest),0.92166305,0.9-1.0
/kaggle/input/cell-images-for-detecting-malaria/cell_images/Uninfected/C75P36_ThinF_IMG_20150815_163059_cell_3.png,Uninfected,136,130,RGB,0,0,0,0.0020903314,False,17680,Q3,0.99790967,0.9-1.0
/kaggle/input/cell-images-for-detecting-malaria/cell_images/Uninfected/C58P19thinF_IMG_20150802_121847_cell_102.png,Uninfected,127,124,RGB,0,0,0,0.0066524344,False,15748,Q2,0.9933476,0.9-1.0
/kaggle/input/cell-images-for-detecting-malaria/cell_images/Uninfected/C154P115ThinF_IMG_20151115_141507_cell_76.png,Uninfected,127,124,RGB,0,0,0,0.0035390595,False,15748,Q2,0.9964609,0.9-1.0
/kaggle/input/cell-images-for-detecting-malaria/cell_images/Uninfected/C143P104ThinF_IMG_20151005_230100_cell_24.png,Uninfected,127,133,RGB,0,0,0,0.003271247,False,16891,Q2,0.9967288,0.9-1.0
/kaggle/input/cell-images-for-detecting-malaria/cell_images/Parasitized/C132P93ThinF_IMG_20151004_152353_cell_144.png,Parasitized,103,121,RGB,1,1,1,0.9995484,False,12463,Q1 (smallest),0.9995484,0.9-1.0
/kaggle/input/cell-images-for-detecting-malaria/cell_images/Uninfected/C146P107ThinF_IMG_20151018_135846_cell_176.png,Uninfected,139,145,RGB,0,0,0,0.016690705,False,20155,Q3,0.98330927,0.9-1.0
/kaggle/input/cell-images-for-detecting-malaria/cell_images/Parasitized/C181P142ThinF_IMG_20151127_160650_cell_183.png,Parasitized,97,100,RGB,1,1,1,0.9387461,False,9700,Q1 (smallest),0.9387461,0.9-1.0
/kaggle/input/cell-images-for-detecting-malaria/cell_images/Uninfected/C113P74ThinF_IMG_20150930_135904_cell_46.png,Uninfected,115,163,RGB,0,0,0,0.0008769221,False,18745,Q3,0.9991231,0.9-1.0
/kaggle/input/cell-images-for-detecting-malaria/cell_images/Uninfected/C76P37ThinF_IMG_20150815_171214_cell_129.png,Uninfected,124,130,RGB,0,0,0,0.0015104775,False,16120,Q2,0.9984895,0.9-1.0
/kaggle/input/cell-images-for-detecting-malaria/cell_images/Uninfected/C77P38ThinF_IMG_20150602_111510_cell_111.png,Uninfected,139,130,RGB,0,0,0,0.0036879529,False,18070,Q3,0.996312,0.9-1.0
/kaggle/input/cell-images-for-detecting-malaria/cell_images/Parasitized/C176P137NThinF_IMG_20151201_122708_cell_140.png,Parasitized,124,130,RGB,1,1,1,0.9937562,False,16120,Q2,0.9937562,0.9-1.0
/kaggle/input/cell-images-for-detecting-malaria/cell_images/Parasitized/C180P141NThinF_IMG_20151201_170021_cell_32.png,Parasitized,244,304,RGB,1,1,1,0.89865035,False,74176,Q4 (largest),0.89865035,0.8-0.9
/kaggle/input/cell-images-for-detecting-malaria/cell_images/Parasitized/C107P68ThinF_IMG_20150924_222233_cell_152.png,Parasitized,145,139,RGB,1,1,1,0.99766916,False,20155,Q3,0.99766916,0.9-1.0
/kaggle/input/cell-images-for-detecting-malaria/cell_images/Uninfected/C60P21thinF_IMG_20150804_104919_cell_39.png,Uninfected,181,142,RGB,0,0,0,0.0066421097,False,25702,Q4 (largest),0.9933579,0.9-1.0
/kaggle/input/cell-images-for-detecting-malaria/cell_images/Uninfected/C169P130ThinF_IMG_20151118_173039_cell_81.png,Uninfected,115,121,RGB,0,0,0,0.0047859554,False,13915,Q1 (smallest),0.99521405,0.9-1.0
/kaggle/input/cell-images-for-detecting-malaria/cell_images/Parasitized/C118P79ThinF_IMG_20151002_105125_cell_156.png,Parasitized,157,166,RGB,1,1,1,0.99930096,False,26062,Q4 (largest),0.99930096,0.9-1.0
/kaggle/input/cell-images-for-detecting-malaria/cell_images/Uninfected/C185P146ThinF_IMG_20151203_110448_cell_203.png,Uninfected,124,127,RGB,0,0,0,0.006630611,False,15748,Q2,0.9933694,0.9-1.0
/kaggle/input/cell-images-for-detecting-malaria/cell_images/Uninfected/C157P118ThinF_IMG_20151115_163759_cell_140.png,Uninfected,121,127,RGB,0,0,1,0.5003917,True,15367,Q2,0.5003917,0.5-0.6
/kaggle/input/cell-images-for-detecting-malaria/cell_images/Uninfected/C12NThinF_IMG_20150614_124212_cell_161.png,Uninfected,133,136,RGB,0,0,0,4.2339172e-05,False,18088,Q3,0.9999577,0.9-1.0
/kaggle/input/cell-images-for-detecting-malaria/cell_images/Parasitized/C159P120ThinF_IMG_20151115_190002_cell_231.png,Parasitized,133,142,RGB,1,1,1,0.99117213,False,18886,Q3,0.99117213,0.9-1.0
/kaggle/input/cell-images-for-detecting-malaria/cell_images/Parasitized/C182P143NThinF_IMG_20151201_172057_cell_141.png,Parasitized,103,109,RGB,1,1,1,0.998013,False,11227,Q1 (smallest),0.998013,0.9-1.0
/kaggle/input/cell-images-for-detecting-malaria/cell_images/Parasitized/C182P143NThinF_IMG_20151201_171950_cell_183.png,Parasitized,103,91,RGB,1,1,0,0.13638805,True,9373,Q1 (smallest),0.86361194,0.8-0.9
/kaggle/input/cell-images-for-detecting-malaria/cell_images/Parasitized/C99P60ThinF_IMG_20150918_141520_cell_136.png,Parasitized,145,148,RGB,1,1,1,0.9937398,False,21460,Q4 (largest),0.9937398,0.9-1.0
/kaggle/input/cell-images-for-detecting-malaria/cell_images/Uninfected/C240ThinF_IMG_20151127_115328_cell_196.png,Uninfected,121,136,RGB,0,0,0,0.0034146057,False,16456,Q2,0.99658537,0.9-1.0
/kaggle/input/cell-images-for-detecting-malaria/cell_images/Uninfected/C235ThinF_IMG_20151112_165055_cell_244.png,Uninfected,103,136,RGB,0,0,0,0.0014380539,False,14008,Q1 (smallest),0.9985619,0.9-1.0
/kaggle/input/cell-images-for-detecting-malaria/cell_images/Uninfected/C188P149ThinF_IMG_20151203_134419_cell_159.png,Uninfected,112,148,RGB,0,0,0,0.00045795628,False,16576,Q2,0.99954206,0.9-1.0
/kaggle/input/cell-images-for-detecting-malaria/cell_images/Uninfected/C217ThinF_IMG_20151106_141326_cell_185.png,Uninfected,142,112,RGB,0,0,0,0.0013126283,False,15904,Q2,0.9986874,0.9-1.0
/kaggle/input/cell-images-for-detecting-malaria/cell_images/Uninfected/C142P103ThinF_IMG_20151005_221931_cell_165.png,Uninfected,124,127,RGB,0,0,0,0.008623669,False,15748,Q2,0.99137634,0.9-1.0
/kaggle/input/cell-images-for-detecting-malaria/cell_images/Parasitized/C39P4thinF_original_IMG_20150622_110115_cell_127.png,Parasitized,109,112,RGB,1,1,1,0.9952489,False,12208,Q1 (smallest),0.9952489,0.9-1.0
/kaggle/input/cell-images-for-detecting-malaria/cell_images/Parasitized/C70P31_ThinF_IMG_20150813_131609_cell_93.png,Parasitized,130,127,RGB,1,1,1,0.9803177,False,16510,Q2,0.9803177,0.9-1.0
/kaggle/input/cell-images-for-detecting-malaria/cell_images/Uninfected/C219ThinF_IMG_20151106_150314_cell_15.png,Uninfected,112,121,RGB,0,0,0,0.004712419,False,13552,Q1 (smallest),0.9952876,0.9-1.0
/kaggle/input/cell-images-for-detecting-malaria/cell_images/Parasitized/C114P75ThinF_IMG_20150930_150733_cell_150.png,Parasitized,136,145,RGB,1,1,1,0.96548504,False,19720,Q3,0.96548504,0.9-1.0
/kaggle/input/cell-images-for-detecting-malaria/cell_images/Parasitized/C66P27N_ThinF_IMG_20150818_163419_cell_210.png,Parasitized,127,121,RGB,1,1,1,0.9978619,False,15367,Q2,0.9978619,0.9-1.0
/kaggle/input/cell-images-for-detecting-malaria/cell_images/Parasitized/C63P24N_ThinF_IMG_20150818_142948_cell_171.png,Parasitized,82,121,RGB,1,1,1,0.99991477,False,9922,Q1 (smallest),0.99991477,0.9-1.0
/kaggle/input/cell-images-for-detecting-malaria/cell_images/Parasitized/C80P41ThinF_IMG_20150817_111802_cell_1.png,Parasitized,121,133,RGB,1,1,1,0.9926601,False,16093,Q2,0.9926601,0.9-1.0
/kaggle/input/cell-images-for-detecting-malaria/cell_images/Uninfected/C177P138NThinF_IMG_20151201_143704_cell_14.png,Uninfected,100,106,RGB,0,0,0,0.020906746,False,10600,Q1 (smallest),0.97909325,0.9-1.0
/kaggle/input/cell-images-for-detecting-malaria/cell_images/Parasitized/C74P35_ThinF_IMG_20150815_113951_cell_129.png,Parasitized,187,127,RGB,1,1,1,0.995774,False,23749,Q4 (largest),0.995774,0.9-1.0
/kaggle/input/cell-images-for-detecting-malaria/cell_images/Uninfected/C126P87ThinF_IMG_20151004_104813_cell_110.png,Uninfected,112,118,RGB,0,0,0,0.0016986284,False,13216,Q1 (smallest),0.9983014,0.9-1.0
/kaggle/input/cell-images-for-detecting-malaria/cell_images/Uninfected/C205ThinF_IMG_20151106_151711_cell_206.png,Uninfected,112,112,RGB,0,0,0,0.0002126297,False,12544,Q1 (smallest),0.9997874,0.9-1.0
/kaggle/input/cell-images-for-detecting-malaria/cell_images/Parasitized/C85P46ThinF_IMG_20150820_105301_cell_257.png,Parasitized,148,154,RGB,1,1,1,0.9999362,False,22792,Q4 (largest),0.9999362,0.9-1.0
/kaggle/input/cell-images-for-detecting-malaria/cell_images/Uninfected/C118P79ThinF_IMG_20151002_104831_cell_136.png,Uninfected,112,130,RGB,0,0,0,0.033905577,False,14560,Q1 (smallest),0.96609443,0.9-1.0
/kaggle/input/cell-images-for-detecting-malaria/cell_images/Parasitized/C115P76ThinF_IMG_20150930_163156_cell_242.png,Parasitized,142,148,RGB,1,1,0,0.25184262,True,21016,Q4 (largest),0.7481574,0.7-0.8
/kaggle/input/cell-images-for-detecting-malaria/cell_images/Uninfected/C137P98ThinF_IMG_20151005_160122_cell_40.png,Uninfected,109,106,RGB,0,0,0,0.003126223,False,11554,Q1 (smallest),0.9968738,0.9-1.0
/kaggle/input/cell-images-for-detecting-malaria/cell_images/Uninfected/C3thin_original_IMG_20150608_163002_cell_63.png,Uninfected,118,112,RGB,0,0,0,0.004245611,False,13216,Q1 (smallest),0.99575436,0.9-1.0
/kaggle/input/cell-images-for-detecting-malaria/cell_images/Parasitized/C181P142ThinF_IMG_20151127_155914_cell_162.png,Parasitized,112,127,RGB,1,1,1,0.9628112,False,14224,Q1 (smallest),0.9628112,0.9-1.0
/kaggle/input/cell-images-for-detecting-malaria/cell_images/Uninfected/C87P48ThinF_IMG_20150820_132642_cell_160.png,Uninfected,178,121,RGB,0,0,0,0.021457767,False,21538,Q4 (largest),0.9785422,0.9-1.0
/kaggle/input/cell-images-for-detecting-malaria/cell_images/Uninfected/C7NthinF_IMG_20150611_104404_cell_130.png,Uninfected,121,127,RGB,0,0,1,0.68649226,True,15367,Q2,0.68649226,0.6-0.7
/kaggle/input/cell-images-for-detecting-malaria/cell_images/Uninfected/C240ThinF_IMG_20151127_115223_cell_194.png,Uninfected,130,130,RGB,0,0,0,0.0072756265,False,16900,Q2,0.99272436,0.9-1.0
/kaggle/input/cell-images-for-detecting-malaria/cell_images/Parasitized/C51AP12thinF_IMG_20150724_154330_cell_124.png,Parasitized,127,142,RGB,1,1,1,0.99336064,False,18034,Q3,0.99336064,0.9-1.0
/kaggle/input/cell-images-for-detecting-malaria/cell_images/Uninfected/C53P14thinF_IMG_20150726_115046_cell_1.png,Uninfected,136,145,RGB,0,0,0,0.0025423246,False,19720,Q3,0.9974577,0.9-1.0
/kaggle/input/cell-images-for-detecting-malaria/cell_images/Uninfected/C148P109ThinF_IMG_20151115_112445_cell_20.png,Uninfected,133,133,RGB,0,0,0,0.0025392408,False,17689,Q3,0.9974608,0.9-1.0
/kaggle/input/cell-images-for-detecting-malaria/cell_images/Uninfected/C143P104ThinF_IMG_20151005_230100_cell_88.png,Uninfected,136,157,RGB,0,0,0,0.0073376982,False,21352,Q4 (largest),0.9926623,0.9-1.0
/kaggle/input/cell-images-for-detecting-malaria/cell_images/Uninfected/C158P119ThinF_IMG_20151115_183157_cell_93.png,Uninfected,106,100,RGB,0,0,0,0.07579688,False,10600,Q1 (smallest),0.9242031,0.9-1.0
/kaggle/input/cell-images-for-detecting-malaria/cell_images/Uninfected/C152P113ThinF_IMG_20151115_124323_cell_135.png,Uninfected,124,124,RGB,0,0,0,0.005830923,False,15376,Q2,0.99416906,0.9-1.0
/kaggle/input/cell-images-for-detecting-malaria/cell_images/Parasitized/C180P141NThinF_IMG_20151201_164714_cell_195.png,Parasitized,154,136,RGB,1,1,1,0.9932868,False,20944,Q4 (largest),0.9932868,0.9-1.0
/kaggle/input/cell-images-for-detecting-malaria/cell_images/Parasitized/C116P77ThinF_IMG_20150930_171739_cell_93.png,Parasitized,136,121,RGB,1,1,0,0.4711254,True,16456,Q2,0.52887464,0.5-0.6
/kaggle/input/cell-images-for-detecting-malaria/cell_images/Uninfected/C178P139NThinF_IMG_20151201_153846_cell_73.png,Uninfected,175,151,RGB,0,0,0,0.16879342,False,26425,Q4 (largest),0.83120656,0.8-0.9
/kaggle/input/cell-images-for-detecting-malaria/cell_images/Uninfected/C136P97ThinF_IMG_20151005_141321_cell_85.png,Uninfected,121,157,RGB,0,0,0,0.013904804,False,18997,Q3,0.9860952,0.9-1.0
/kaggle/input/cell-images-for-detecting-malaria/cell_images/Uninfected/C145P106ThinF_IMG_20151016_154921_cell_94.png,Uninfected,127,124,RGB,0,0,0,0.00043135017,False,15748,Q2,0.99956864,0.9-1.0
/kaggle/input/cell-images-for-detecting-malaria/cell_images/Uninfected/C131P92ThinF_IMG_20151004_150208_cell_63.png,Uninfected,136,118,RGB,0,0,0,0.0019818067,False,16048,Q2,0.9980182,0.9-1.0
/kaggle/input/cell-images-for-detecting-malaria/cell_images/Uninfected/C79P40ThinF_IMG_20150817_102702_cell_175.png,Uninfected,121,121,RGB,0,0,0,0.0026556992,False,14641,Q1 (smallest),0.9973443,0.9-1.0
/kaggle/input/cell-images-for-detecting-malaria/cell_images/Uninfected/C111P72ThinF_IMG_20150930_112430_cell_114.png,Uninfected,133,136,RGB,0,0,0,0.050136745,False,18088,Q3,0.94986326,0.9-1.0
/kaggle/input/cell-images-for-detecting-malaria/cell_images/Uninfected/C164P125ThinF_IMG_20151116_120135_cell_81.png,Uninfected,103,100,RGB,0,0,0,0.05797006,False,10300,Q1 (smallest),0.94202995,0.9-1.0
/kaggle/input/cell-images-for-detecting-malaria/cell_images/Parasitized/C144P105ThinF_IMG_20151015_155004_cell_299.png,Parasitized,118,91,RGB,1,1,1,0.80498624,False,10738,Q1 (smallest),0.80498624,0.8-0.9
/kaggle/input/cell-images-for-detecting-malaria/cell_images/Uninfected/C217ThinF_IMG_20151106_141500_cell_250.png,Uninfected,118,139,RGB,0,0,0,0.0069403797,False,16402,Q2,0.99305964,0.9-1.0
/kaggle/input/cell-images-for-detecting-malaria/cell_images/Uninfected/C178P139NThinF_IMG_20151201_154337_cell_91.png,Uninfected,139,127,RGB,0,0,0,0.028332515,False,17653,Q3,0.97166747,0.9-1.0
/kaggle/input/cell-images-for-detecting-malaria/cell_images/Parasitized/C93P54ThinF_IMG_20150821_163815_cell_227.png,Parasitized,166,133,RGB,1,1,1,0.999962,False,22078,Q4 (largest),0.999962,0.9-1.0
/kaggle/input/cell-images-for-detecting-malaria/cell_images/Uninfected/C208ThinF_IMG_20151029_155436_cell_55.png,Uninfected,139,124,RGB,0,0,0,0.0059638587,False,17236,Q2,0.99403614,0.9-1.0
/kaggle/input/cell-images-for-detecting-malaria/cell_images/Uninfected/C5NThinF_IMG_20150609_122006_cell_179.png,Uninfected,121,124,RGB,0,0,0,0.00038983757,False,15004,Q2,0.9996102,0.9-1.0
/kaggle/input/cell-images-for-detecting-malaria/cell_images/Parasitized/C180P141NThinF_IMG_20151201_165423_cell_178.png,Parasitized,154,136,RGB,1,1,1,0.9666327,False,20944,Q4 (largest),0.9666327,0.9-1.0
/kaggle/input/cell-images-for-detecting-malaria/cell_images/Uninfected/C85P46ThinF_IMG_20150820_110040_cell_40.png,Uninfected,139,148,RGB,0,0,0,0.05676827,False,20572,Q4 (largest),0.9432317,0.9-1.0
/kaggle/input/cell-images-for-detecting-malaria/cell_images/Parasitized/C82P43ThinF_IMG_20150817_125114_cell_1.png,Parasitized,136,136,RGB,1,1,1,0.96918035,False,18496,Q3,0.96918035,0.9-1.0
/kaggle/input/cell-images-for-detecting-malaria/cell_images/Parasitized/C88P49ThinF_IMG_20150820_152521_cell_218.png,Parasitized,130,145,RGB,1,1,1,0.99451137,False,18850,Q3,0.99451137,0.9-1.0
/kaggle/input/cell-images-for-detecting-malaria/cell_images/Parasitized/C39P4thinF_original_IMG_20150622_110900_cell_16.png,Parasitized,115,139,RGB,1,1,1,0.9992499,False,15985,Q2,0.9992499,0.9-1.0
/kaggle/input/cell-images-for-detecting-malaria/cell_images/Parasitized/C68P29N_ThinF_IMG_20150819_134112_cell_151.png,Parasitized,151,145,RGB,1,1,1,0.9938758,False,21895,Q4 (largest),0.9938758,0.9-1.0
/kaggle/input/cell-images-for-detecting-malaria/cell_images/Uninfected/C221ThinF_IMG_20151106_160022_cell_38.png,Uninfected,130,145,RGB,0,0,0,0.0011958515,False,18850,Q3,0.99880415,0.9-1.0
/kaggle/input/cell-images-for-detecting-malaria/cell_images/Parasitized/C182P143NThinF_IMG_20151201_172216_cell_163.png,Parasitized,106,130,RGB,1,1,1,0.9960353,False,13780,Q1 (smallest),0.9960353,0.9-1.0
/kaggle/input/cell-images-for-detecting-malaria/cell_images/Uninfected/C172P133ThinF_IMG_20151119_155307_cell_238.png,Uninfected,112,139,RGB,0,0,0,0.0059082764,False,15568,Q2,0.99409175,0.9-1.0
/kaggle/input/cell-images-for-detecting-malaria/cell_images/Parasitized/C132P93ThinF_IMG_20151004_152257_cell_140.png,Parasitized,124,106,RGB,1,1,1,0.99792165,False,13144,Q1 (smallest),0.99792165,0.9-1.0
/kaggle/input/cell-images-for-detecting-malaria/cell_images/Parasitized/C176P137NThinF_IMG_20151201_121808_cell_122.png,Parasitized,145,130,RGB,1,1,1,0.96961904,False,18850,Q3,0.96961904,0.9-1.0
/kaggle/input/cell-images-for-detecting-malaria/cell_images/Parasitized/C132P93ThinF_IMG_20151004_152353_cell_164.png,Parasitized,139,151,RGB,1,1,1,0.9999285,False,20989,Q4 (largest),0.9999285,0.9-1.0
/kaggle/input/cell-images-for-detecting-malaria/cell_images/Parasitized/C182P143NThinF_IMG_20151201_172607_cell_56.png,Parasitized,100,85,RGB,1,1,1,0.9836444,False,8500,Q1 (smallest),0.9836444,0.9-1.0
/kaggle/input/cell-images-for-detecting-malaria/cell_images/Parasitized/C184P145ThinF_IMG_20151203_104334_cell_20.png,Parasitized,145,157,RGB,1,1,1,0.9993862,False,22765,Q4 (largest),0.9993862,0.9-1.0
/kaggle/input/cell-images-for-detecting-malaria/cell_images/Parasitized/C91P52ThinF_IMG_20150821_123116_cell_177.png,Parasitized,154,157,RGB,1,1,1,0.9838172,False,24178,Q4 (largest),0.9838172,0.9-1.0
/kaggle/input/cell-images-for-detecting-malaria/cell_images/Parasitized/C129P90ThinF_IMG_20151004_133538_cell_100.png,Parasitized,121,139,RGB,1,1,1,0.9152606,False,16819,Q2,0.9152606,0.9-1.0
/kaggle/input/cell-images-for-detecting-malaria/cell_images/Parasitized/C182P143NThinF_IMG_20151201_172524_cell_190.png,Parasitized,106,127,RGB,1,1,1,0.97354096,False,13462,Q1 (smallest),0.97354096,0.9-1.0
/kaggle/input/cell-images-for-detecting-malaria/cell_images/Uninfected/C183P144NThinF_IMG_20151201_222119_cell_122.png,Uninfected,97,112,RGB,0,0,0,0.056129888,False,10864,Q1 (smallest),0.9438701,0.9-1.0
/kaggle/input/cell-images-for-detecting-malaria/cell_images/Uninfected/C203ThinF_IMG_20151029_110105_cell_98.png,Uninfected,130,154,RGB,0,0,0,0.0013058883,False,20020,Q3,0.9986941,0.9-1.0
/kaggle/input/cell-images-for-detecting-malaria/cell_images/Parasitized/C157P118ThinF_IMG_20151115_162818_cell_188.png,Parasitized,133,121,RGB,1,1,1,0.97719795,False,16093,Q2,0.97719795,0.9-1.0
/kaggle/input/cell-images-for-detecting-malaria/cell_images/Parasitized/C91P52ThinF_IMG_20150821_125154_cell_220.png,Parasitized,178,154,RGB,1,1,1,0.98834395,False,27412,Q4 (largest),0.98834395,0.9-1.0
/kaggle/input/cell-images-for-detecting-malaria/cell_images/Parasitized/C67P28N_ThinF_IMG_20150819_121053_cell_234.png,Parasitized,175,172,RGB,1,1,1,0.9987583,False,30100,Q4 (largest),0.9987583,0.9-1.0
/kaggle/input/cell-images-for-detecting-malaria/cell_images/Uninfected/C201ThinF_IMG_20150930_143544_cell_18.png,Uninfected,115,121,RGB,0,0,0,0.00086042954,False,13915,Q1 (smallest),0.99913955,0.9-1.0
/kaggle/input/cell-images-for-detecting-malaria/cell_images/Parasitized/C129P90ThinF_IMG_20151004_134700_cell_12.png,Parasitized,133,139,RGB,1,1,1,0.99997246,False,18487,Q3,0.99997246,0.9-1.0
/kaggle/input/cell-images-for-detecting-malaria/cell_images/Uninfected/C185P146ThinF_IMG_20151203_110344_cell_44.png,Uninfected,139,130,RGB,0,0,0,0.02170242,False,18070,Q3,0.9782976,0.9-1.0
/kaggle/input/cell-images-for-detecting-malaria/cell_images/Uninfected/C47P8thinOriginalOlympusCX21_IMG_20150717_174750_cell_85.png,Uninfected,109,115,RGB,0,0,0,0.0053158016,False,12535,Q1 (smallest),0.9946842,0.9-1.0
/kaggle/input/cell-images-for-detecting-malaria/cell_images/Uninfected/C6NThinF_IMG_20150609_121955_cell_110.png,Uninfected,118,109,RGB,0,0,0,0.15304065,False,12862,Q1 (smallest),0.84695935,0.8-0.9
/kaggle/input/cell-images-for-detecting-malaria/cell_images/Uninfected/C89P50ThinF_IMG_20150820_162300_cell_166.png,Uninfected,193,169,RGB,0,0,0,0.024705645,False,32617,Q4 (largest),0.97529435,0.9-1.0
/kaggle/input/cell-images-for-detecting-malaria/cell_images/Uninfected/C172P133ThinF_IMG_20151119_155019_cell_169.png,Uninfected,136,148,RGB,0,0,0,0.027627133,False,20128,Q3,0.9723729,0.9-1.0
/kaggle/input/cell-images-for-detecting-malaria/cell_images/Uninfected/C171P132ThinF_IMG_20151119_153347_cell_192.png,Uninfected,136,142,RGB,0,0,0,0.3330131,False,19312,Q3,0.66698694,0.6-0.7
/kaggle/input/cell-images-for-detecting-malaria/cell_images/Uninfected/C1_thinF_IMG_20150604_104942_cell_151.png,Uninfected,130,127,RGB,0,0,0,0.010809532,False,16510,Q2,0.98919046,0.9-1.0
/kaggle/input/cell-images-for-detecting-malaria/cell_images/Uninfected/C61P22N_ThinF_IMG_20150818_112704_cell_212.png,Uninfected,121,139,RGB,0,0,0,0.0015708258,False,16819,Q2,0.9984292,0.9-1.0
/kaggle/input/cell-images-for-detecting-malaria/cell_images/Parasitized/C97P58ThinF_IMG_20150917_145555_cell_188.png,Parasitized,121,133,RGB,1,1,1,0.9993962,False,16093,Q2,0.9993962,0.9-1.0
/kaggle/input/cell-images-for-detecting-malaria/cell_images/Parasitized/C184P145ThinF_IMG_20151203_102405_cell_171.png,Parasitized,157,115,RGB,1,1,1,0.99981856,False,18055,Q3,0.99981856,0.9-1.0
/kaggle/input/cell-images-for-detecting-malaria/cell_images/Parasitized/C97P58ThinF_IMG_20150917_151320_cell_147.png,Parasitized,112,109,RGB,1,1,1,0.99974245,False,12208,Q1 (smallest),0.99974245,0.9-1.0
/kaggle/input/cell-images-for-detecting-malaria/cell_images/Parasitized/C99P60ThinF_IMG_20150918_142334_cell_21.png,Parasitized,160,160,RGB,1,1,1,0.9970259,False,25600,Q4 (largest),0.9970259,0.9-1.0
/kaggle/input/cell-images-for-detecting-malaria/cell_images/Parasitized/C136P97ThinF_IMG_20151005_141946_cell_120.png,Parasitized,97,106,RGB,1,1,1,0.9998561,False,10282,Q1 (smallest),0.9998561,0.9-1.0
/kaggle/input/cell-images-for-detecting-malaria/cell_images/Uninfected/C130P91ThinF_IMG_20151004_141825_cell_23.png,Uninfected,151,151,RGB,0,0,0,0.0052594403,False,22801,Q4 (largest),0.99474055,0.9-1.0
/kaggle/input/cell-images-for-detecting-malaria/cell_images/Uninfected/C1_thinF_IMG_20150604_104942_cell_98.png,Uninfected,130,133,RGB,0,0,0,0.0070042093,False,17290,Q2,0.9929958,0.9-1.0
/kaggle/input/cell-images-for-detecting-malaria/cell_images/Parasitized/C182P143NThinF_IMG_20151201_172057_cell_174.png,Parasitized,118,109,RGB,1,1,1,0.99343985,False,12862,Q1 (smallest),0.99343985,0.9-1.0
/kaggle/input/cell-images-for-detecting-malaria/cell_images/Uninfected/C150P111ThinF_IMG_20151115_115950_cell_8.png,Uninfected,124,127,RGB,0,0,0,4.7932077e-05,False,15748,Q2,0.9999521,0.9-1.0
/kaggle/input/cell-images-for-detecting-malaria/cell_images/Uninfected/C39P4thinF_original_IMG_20150622_105102_cell_17.png,Uninfected,139,139,RGB,0,0,0,0.29148728,False,19321,Q3,0.7085127,0.7-0.8
/kaggle/input/cell-images-for-detecting-malaria/cell_images/Parasitized/C60P21thinF_IMG_20150804_113602_cell_124.png,Parasitized,136,154,RGB,1,1,1,0.9864829,False,20944,Q4 (largest),0.9864829,0.9-1.0
/kaggle/input/cell-images-for-detecting-malaria/cell_images/Uninfected/C174P135NThinF_IMG_20151127_135435_cell_49.png,Uninfected,127,118,RGB,0,0,0,0.0029127945,False,14986,Q2,0.9970872,0.9-1.0
/kaggle/input/cell-images-for-detecting-malaria/cell_images/Uninfected/C1_thinF_IMG_20150604_105100_cell_213.png,Uninfected,148,127,RGB,0,0,0,0.002373656,False,18796,Q3,0.99762636,0.9-1.0
/kaggle/input/cell-images-for-detecting-malaria/cell_images/Parasitized/C95P56ThinF_IMG_20150821_171242_cell_100.png,Parasitized,121,127,RGB,1,1,1,0.9995648,False,15367,Q2,0.9995648,0.9-1.0
/kaggle/input/cell-images-for-detecting-malaria/cell_images/Parasitized/C120P81ThinF_IMG_20151002_130918_cell_214.png,Parasitized,151,130,RGB,1,1,1,0.99785954,False,19630,Q3,0.99785954,0.9-1.0
/kaggle/input/cell-images-for-detecting-malaria/cell_images/Uninfected/C230ThinF_IMG_20151112_150753_cell_268.png,Uninfected,109,121,RGB,0,0,0,0.00018429293,False,13189,Q1 (smallest),0.9998157,0.9-1.0
/kaggle/input/cell-images-for-detecting-malaria/cell_images/Uninfected/C168P129ThinF_IMG_20151118_161940_cell_42.png,Uninfected,124,118,RGB,0,0,0,0.004679763,False,14632,Q1 (smallest),0.99532026,0.9-1.0
/kaggle/input/cell-images-for-detecting-malaria/cell_images/Uninfected/C203ThinF_IMG_20151029_102123_cell_128.png,Uninfected,151,154,RGB,0,0,0,0.0077011758,False,23254,Q4 (largest),0.99229884,0.9-1.0
/kaggle/input/cell-images-for-detecting-malaria/cell_images/Parasitized/C124P85ThinF_IMG_20151002_155223_cell_170.png,Parasitized,202,163,RGB,1,1,1,0.8197237,False,32926,Q4 (largest),0.8197237,0.8-0.9
/kaggle/input/cell-images-for-detecting-malaria/cell_images/Uninfected/C119P80ThinF_IMG_20151002_124304_cell_82.png,Uninfected,154,145,RGB,0,0,0,0.0030714413,False,22330,Q4 (largest),0.9969286,0.9-1.0
/kaggle/input/cell-images-for-detecting-malaria/cell_images/Parasitized/C129P90ThinF_IMG_20151004_133244_cell_115.png,Parasitized,118,157,RGB,1,1,1,0.9889669,False,18526,Q3,0.9889669,0.9-1.0
/kaggle/input/cell-images-for-detecting-malaria/cell_images/Uninfected/C208ThinF_IMG_20151029_160108_cell_192.png,Uninfected,127,142,RGB,0,0,0,0.00021538044,False,18034,Q3,0.99978465,0.9-1.0
/kaggle/input/cell-images-for-detecting-malaria/cell_images/Parasitized/C145P106ThinF_IMG_20151016_154921_cell_147.png,Parasitized,130,121,RGB,1,1,1,0.9669192,False,15730,Q2,0.9669192,0.9-1.0
/kaggle/input/cell-images-for-detecting-malaria/cell_images/Uninfected/C139P100ThinF_IMG_20151005_183601_cell_40.png,Uninfected,121,148,RGB,0,0,0,0.0024741278,False,17908,Q3,0.9975259,0.9-1.0
/kaggle/input/cell-images-for-detecting-malaria/cell_images/Parasitized/C48P9thinF_IMG_20150721_161243_cell_154.png,Parasitized,169,157,RGB,1,1,1,0.9838711,False,26533,Q4 (largest),0.9838711,0.9-1.0
/kaggle/input/cell-images-for-detecting-malaria/cell_images/Parasitized/C80P41ThinF_IMG_20150817_111802_cell_21.png,Parasitized,118,118,RGB,1,1,1,0.99640733,False,13924,Q1 (smallest),0.99640733,0.9-1.0
/kaggle/input/cell-images-for-detecting-malaria/cell_images/Uninfected/C113P74ThinF_IMG_20150930_135904_cell_94.png,Uninfected,112,82,RGB,0,0,0,0.0497208,False,9184,Q1 (smallest),0.9502792,0.9-1.0
/kaggle/input/cell-images-for-detecting-malaria/cell_images/Uninfected/C114P75ThinF_IMG_20150930_150733_cell_76.png,Uninfected,148,142,RGB,0,0,0,0.06036354,False,21016,Q4 (largest),0.93963647,0.9-1.0
/kaggle/input/cell-images-for-detecting-malaria/cell_images/Uninfected/C37BP2_thinF_IMG_20150620_133111a_cell_4.png,Uninfected,160,139,RGB,0,0,0,0.003814909,False,22240,Q4 (largest),0.99618506,0.9-1.0
/kaggle/input/cell-images-for-detecting-malaria/cell_images/Parasitized/C99P60ThinF_IMG_20150918_141001_cell_132.png,Parasitized,133,130,RGB,1,1,1,0.9344452,False,17290,Q2,0.9344452,0.9-1.0
/kaggle/input/cell-images-for-detecting-malaria/cell_images/Uninfected/C237ThinF_IMG_20151127_105345_cell_18.png,Uninfected,139,139,RGB,0,0,0,0.0006553053,False,19321,Q3,0.9993447,0.9-1.0
/kaggle/input/cell-images-for-detecting-malaria/cell_images/Uninfected/C140P101ThinF_IMG_20151005_205406_cell_4.png,Uninfected,127,130,RGB,0,0,0,0.0013335358,False,16510,Q2,0.99866647,0.9-1.0
/kaggle/input/cell-images-for-detecting-malaria/cell_images/Parasitized/C39P4thinF_original_IMG_20150622_112119_cell_20.png,Parasitized,133,82,RGB,1,1,1,0.9983348,False,10906,Q1 (smallest),0.9983348,0.9-1.0
/kaggle/input/cell-images-for-detecting-malaria/cell_images/Parasitized/C68P29N_ThinF_IMG_20150819_133350_cell_166.png,Parasitized,133,163,RGB,1,1,1,0.9506391,False,21679,Q4 (largest),0.9506391,0.9-1.0
/kaggle/input/cell-images-for-detecting-malaria/cell_images/Uninfected/C117P78ThinF_IMG_20150930_220616_cell_65.png,Uninfected,142,154,RGB,0,0,0,0.0012819378,False,21868,Q4 (largest),0.9987181,0.9-1.0
/kaggle/input/cell-images-for-detecting-malaria/cell_images/Parasitized/C101P62ThinF_IMG_20150923_170246_cell_72.png,Parasitized,139,145,RGB,1,1,1,0.9942895,False,20155,Q3,0.9942895,0.9-1.0
/kaggle/input/cell-images-for-detecting-malaria/cell_images/Parasitized/C184P145ThinF_IMG_20151203_102543_cell_162.png,Parasitized,148,163,RGB,1,1,1,0.99478555,False,24124,Q4 (largest),0.99478555,0.9-1.0
/kaggle/input/cell-images-for-detecting-malaria/cell_images/Uninfected/C128P89ThinF_IMG_20151004_131129_cell_22.png,Uninfected,115,106,RGB,0,0,0,0.0040447814,False,12190,Q1 (smallest),0.9959552,0.9-1.0
/kaggle/input/cell-images-for-detecting-malaria/cell_images/Uninfected/C182P143NThinF_IMG_20151201_172057_cell_17.png,Uninfected,121,118,RGB,0,0,0,0.039223317,False,14278,Q1 (smallest),0.9607767,0.9-1.0
/kaggle/input/cell-images-for-detecting-malaria/cell_images/Uninfected/C205ThinF_IMG_20151106_151514_cell_224.png,Uninfected,145,106,RGB,0,0,0,0.00019496068,False,15370,Q2,0.99980503,0.9-1.0
/kaggle/input/cell-images-for-detecting-malaria/cell_images/Parasitized/C59P20thinF_IMG_20150803_113051_cell_188.png,Parasitized,118,130,RGB,1,1,1,0.9984841,False,15340,Q2,0.9984841,0.9-1.0
/kaggle/input/cell-images-for-detecting-malaria/cell_images/Parasitized/C59P20thinF_IMG_20150803_113430_cell_26.png,Parasitized,109,115,RGB,1,1,1,0.9997404,False,12535,Q1 (smallest),0.9997404,0.9-1.0
/kaggle/input/cell-images-for-detecting-malaria/cell_images/Parasitized/C180P141NThinF_IMG_20151201_170110_cell_25.png,Parasitized,145,136,RGB,1,1,1,0.9855062,False,19720,Q3,0.9855062,0.9-1.0
/kaggle/input/cell-images-for-detecting-malaria/cell_images/Parasitized/C70P31_ThinF_IMG_20150819_141730_cell_101.png,Parasitized,118,100,RGB,1,1,1,0.9966323,False,11800,Q1 (smallest),0.9966323,0.9-1.0
/kaggle/input/cell-images-for-detecting-malaria/cell_images/Parasitized/C99P60ThinF_IMG_20150918_141351_cell_123.png,Parasitized,121,154,RGB,1,1,1,0.99989164,False,18634,Q3,0.99989164,0.9-1.0
/kaggle/input/cell-images-for-detecting-malaria/cell_images/Uninfected/C138P99ThinF_IMG_20151005_173241_cell_54.png,Uninfected,136,139,RGB,0,0,0,0.00449288,False,18904,Q3,0.9955071,0.9-1.0
/kaggle/input/cell-images-for-detecting-malaria/cell_images/Uninfected/C102P63ThinF_IMG_20150918_162511_cell_102.png,Uninfected,142,181,RGB,0,0,0,0.1870359,False,25702,Q4 (largest),0.8129641,0.8-0.9
/kaggle/input/cell-images-for-detecting-malaria/cell_images/Uninfected/C239ThinF_IMG_20151127_113150_cell_128.png,Uninfected,124,145,RGB,0,0,0,0.00046967776,False,17980,Q3,0.9995303,0.9-1.0
/kaggle/input/cell-images-for-detecting-malaria/cell_images/Uninfected/C69P30N_ThinF_IMG_20150819_135421_cell_30.png,Uninfected,196,121,RGB,0,0,0,0.119318664,False,23716,Q4 (largest),0.88068134,0.8-0.9
/kaggle/input/cell-images-for-detecting-malaria/cell_images/Parasitized/C137P98ThinF_IMG_20151005_163251_cell_67.png,Parasitized,124,100,RGB,1,1,1,0.97675246,False,12400,Q1 (smallest),0.97675246,0.9-1.0
/kaggle/input/cell-images-for-detecting-malaria/cell_images/Parasitized/C140P101ThinF_IMG_20151005_210026_cell_173.png,Parasitized,133,145,RGB,1,1,1,0.98881066,False,19285,Q3,0.98881066,0.9-1.0
/kaggle/input/cell-images-for-detecting-malaria/cell_images/Uninfected/C66P27N_ThinF_IMG_20150818_164754_cell_160.png,Uninfected,139,124,RGB,0,0,0,0.021216447,False,17236,Q2,0.97878355,0.9-1.0
/kaggle/input/cell-images-for-detecting-malaria/cell_images/Uninfected/C139P100ThinF_IMG_20151005_182822_cell_36.png,Uninfected,136,139,RGB,0,0,0,0.0025126177,False,18904,Q3,0.99748737,0.9-1.0
/kaggle/input/cell-images-for-detecting-malaria/cell_images/Parasitized/C89P50ThinF_IMG_20150820_163728_cell_190.png,Parasitized,142,157,RGB,1,1,1,0.9994751,False,22294,Q4 (largest),0.9994751,0.9-1.0
/kaggle/input/cell-images-for-detecting-malaria/cell_images/Parasitized/C178P139NThinF_IMG_20151201_153246_cell_154.png,Parasitized,100,106,RGB,1,1,1,0.935066,False,10600,Q1 (smallest),0.935066,0.9-1.0
/kaggle/input/cell-images-for-detecting-malaria/cell_images/Parasitized/C39P4thinF_original_IMG_20150622_111326_cell_17.png,Parasitized,130,124,RGB,1,1,1,0.98340714,False,16120,Q2,0.98340714,0.9-1.0
/kaggle/input/cell-images-for-detecting-malaria/cell_images/Uninfected/C72P33_ThinF_IMG_20150815_104045_cell_109.png,Uninfected,97,97,RGB,0,0,1,0.6770738,True,9409,Q1 (smallest),0.6770738,0.6-0.7
/kaggle/input/cell-images-for-detecting-malaria/cell_images/Parasitized/C67P28N_ThinF_IMG_20150819_121456_cell_251.png,Parasitized,184,157,RGB,1,1,1,0.99994075,False,28888,Q4 (largest),0.99994075,0.9-1.0
/kaggle/input/cell-images-for-detecting-malaria/cell_images/Uninfected/C42P5thin_original_IMG_20150623_134919_cell_82.png,Uninfected,142,172,RGB,0,0,0,0.0021787933,False,24424,Q4 (largest),0.9978212,0.9-1.0
/kaggle/input/cell-images-for-detecting-malaria/cell_images/Uninfected/C101P62ThinF_IMG_20150923_170246_cell_14.png,Uninfected,139,133,RGB,0,0,0,0.0030629071,False,18487,Q3,0.9969371,0.9-1.0
/kaggle/input/cell-images-for-detecting-malaria/cell_images/Parasitized/C182P143NThinF_IMG_20151201_172524_cell_205.png,Parasitized,121,130,RGB,1,1,1,0.99125403,False,15730,Q2,0.99125403,0.9-1.0
/kaggle/input/cell-images-for-detecting-malaria/cell_images/Parasitized/C132P93ThinF_IMG_20151004_152353_cell_183.png,Parasitized,112,115,RGB,1,1,1,0.99950624,False,12880,Q1 (smallest),0.99950624,0.9-1.0
/kaggle/input/cell-images-for-detecting-malaria/cell_images/Uninfected/C139P100ThinF_IMG_20151005_183521_cell_116.png,Uninfected,157,133,RGB,0,0,0,0.0013445376,False,20881,Q4 (largest),0.99865544,0.9-1.0
/kaggle/input/cell-images-for-detecting-malaria/cell_images/Uninfected/C188P149ThinF_IMG_20151203_135433_cell_121.png,Uninfected,112,118,RGB,0,0,0,0.00087697053,False,13216,Q1 (smallest),0.99912304,0.9-1.0
/kaggle/input/cell-images-for-detecting-malaria/cell_images/Uninfected/C189P150ThinF_IMG_20151203_141809_cell_58.png,Uninfected,112,112,RGB,0,0,0,0.060611006,False,12544,Q1 (smallest),0.939389,0.9-1.0
/kaggle/input/cell-images-for-detecting-malaria/cell_images/Parasitized/C91P52ThinF_IMG_20150821_125423_cell_11.png,Parasitized,166,169,RGB,1,1,1,0.8677097,False,28054,Q4 (largest),0.8677097,0.8-0.9
/kaggle/input/cell-images-for-detecting-malaria/cell_images/Parasitized/C99P60ThinF_IMG_20150918_141351_cell_112.png,Parasitized,178,154,RGB,1,1,1,0.9954518,False,27412,Q4 (largest),0.9954518,0.9-1.0
/kaggle/input/cell-images-for-detecting-malaria/cell_images/Uninfected/C54P15thinF_IMG_20150728_112938_cell_43.png,Uninfected,121,121,RGB,0,0,0,0.0020273197,False,14641,Q1 (smallest),0.99797267,0.9-1.0
/kaggle/input/cell-images-for-detecting-malaria/cell_images/Uninfected/C221ThinF_IMG_20151106_160727_cell_32.png,Uninfected,142,130,RGB,0,0,0,0.00027813407,False,18460,Q3,0.9997219,0.9-1.0
/kaggle/input/cell-images-for-detecting-malaria/cell_images/Parasitized/C59P20thinF_IMG_20150803_111333_cell_172.png,Parasitized,127,130,RGB,1,1,1,0.99808,False,16510,Q2,0.99808,0.9-1.0
/kaggle/input/cell-images-for-detecting-malaria/cell_images/Uninfected/C54P15thinF_IMG_20150728_105949_cell_103.png,Uninfected,115,133,RGB,0,0,0,0.0013957577,False,15295,Q2,0.99860424,0.9-1.0
/kaggle/input/cell-images-for-detecting-malaria/cell_images/Parasitized/C183P144NThinF_IMG_20151201_224107_cell_125.png,Parasitized,139,139,RGB,1,1,1,0.99870336,False,19321,Q3,0.99870336,0.9-1.0
/kaggle/input/cell-images-for-detecting-malaria/cell_images/Uninfected/C154P115ThinF_IMG_20151115_141507_cell_198.png,Uninfected,130,133,RGB,0,0,0,0.03889395,False,17290,Q2,0.96110606,0.9-1.0
/kaggle/input/cell-images-for-detecting-malaria/cell_images/Uninfected/C120P81ThinF_IMG_20151002_130715_cell_34.png,Uninfected,142,148,RGB,0,0,0,0.0029337604,False,21016,Q4 (largest),0.99706626,0.9-1.0
/kaggle/input/cell-images-for-detecting-malaria/cell_images/Uninfected/C47P8thin_Original_Motic_IMG_20150714_093806_cell_149.png,Uninfected,124,124,RGB,0,0,0,0.031023253,False,15376,Q2,0.96897674,0.9-1.0
/kaggle/input/cell-images-for-detecting-malaria/cell_images/Parasitized/C99P60ThinF_IMG_20150918_141857_cell_13.png,Parasitized,145,154,RGB,1,1,0,0.28406665,True,22330,Q4 (largest),0.7159333,0.7-0.8
/kaggle/input/cell-images-for-detecting-malaria/cell_images/Parasitized/C118P79ThinF_IMG_20151002_110725_cell_152.png,Parasitized,127,139,RGB,1,1,1,0.99685824,False,17653,Q3,0.99685824,0.9-1.0
/kaggle/input/cell-images-for-detecting-malaria/cell_images/Uninfected/C66P27N_ThinF_IMG_20150818_164702_cell_32.png,Uninfected,142,127,RGB,0,0,0,0.0033857017,False,18034,Q3,0.9966143,0.9-1.0
/kaggle/input/cell-images-for-detecting-malaria/cell_images/Uninfected/C110P71ThinF_IMG_20150930_105925_cell_120.png,Uninfected,130,142,RGB,0,0,0,0.0027413669,False,18460,Q3,0.9972586,0.9-1.0
/kaggle/input/cell-images-for-detecting-malaria/cell_images/Parasitized/C80P41ThinF_IMG_20150817_111802_cell_19.png,Parasitized,130,124,RGB,1,1,1,0.83498114,False,16120,Q2,0.83498114,0.8-0.9
/kaggle/input/cell-images-for-detecting-malaria/cell_images/Parasitized/C97P58ThinF_IMG_20150917_151903_cell_22.png,Parasitized,118,112,RGB,1,1,1,0.99986744,False,13216,Q1 (smallest),0.99986744,0.9-1.0
/kaggle/input/cell-images-for-detecting-malaria/cell_images/Parasitized/C144P105ThinF_IMG_20151015_160908_cell_292.png,Parasitized,139,112,RGB,1,1,1,0.9584357,False,15568,Q2,0.9584357,0.9-1.0
/kaggle/input/cell-images-for-detecting-malaria/cell_images/Uninfected/C109P70ThinF_IMG_20150930_103811_cell_104.png,Uninfected,118,118,RGB,0,0,0,0.0045319735,False,13924,Q1 (smallest),0.995468,0.9-1.0
/kaggle/input/cell-images-for-detecting-malaria/cell_images/Parasitized/C99P60ThinF_IMG_20150918_141001_cell_131.png,Parasitized,142,154,RGB,1,1,1,0.9999999,False,21868,Q4 (largest),0.9999999,0.9-1.0
/kaggle/input/cell-images-for-detecting-malaria/cell_images/Uninfected/C134P95ThinF_IMG_20151005_122449_cell_44.png,Uninfected,157,160,RGB,0,0,0,0.0066297795,False,25120,Q4 (largest),0.99337023,0.9-1.0
/kaggle/input/cell-images-for-detecting-malaria/cell_images/Uninfected/C1_thinF_IMG_20150604_104919_cell_183.png,Uninfected,127,124,RGB,0,0,0,0.0062957676,False,15748,Q2,0.99370426,0.9-1.0
/kaggle/input/cell-images-for-detecting-malaria/cell_images/Uninfected/C46P7ThinF_IMG_20151130_210123_cell_98.png,Uninfected,130,121,RGB,0,0,0,0.059356365,False,15730,Q2,0.9406436,0.9-1.0
/kaggle/input/cell-images-for-detecting-malaria/cell_images/Parasitized/C136P97ThinF_IMG_20151005_144727_cell_105.png,Parasitized,133,139,RGB,1,1,1,0.8833233,False,18487,Q3,0.8833233,0.8-0.9
/kaggle/input/cell-images-for-detecting-malaria/cell_images/Uninfected/C156P117ThinF_IMG_20151115_155104_cell_195.png,Uninfected,154,145,RGB,0,0,0,0.015957316,False,22330,Q4 (largest),0.9840427,0.9-1.0
/kaggle/input/cell-images-for-detecting-malaria/cell_images/Uninfected/C101P62ThinF_IMG_20150918_151006_cell_32.png,Uninfected,145,139,RGB,0,0,0,0.003625292,False,20155,Q3,0.9963747,0.9-1.0
/kaggle/input/cell-images-for-detecting-malaria/cell_images/Uninfected/C115P76ThinF_IMG_20150930_163156_cell_25.png,Uninfected,118,133,RGB,0,0,0,0.0042318064,False,15694,Q2,0.9957682,0.9-1.0
/kaggle/input/cell-images-for-detecting-malaria/cell_images/Uninfected/C166P127ThinF_IMG_20151117_193931_cell_25.png,Uninfected,127,124,RGB,0,0,0,0.029703466,False,15748,Q2,0.97029656,0.9-1.0
/kaggle/input/cell-images-for-detecting-malaria/cell_images/Uninfected/C92P53ThinF_IMG_20150821_151224_cell_57.png,Uninfected,157,133,RGB,0,0,0,0.011960287,False,20881,Q4 (largest),0.98803973,0.9-1.0
/kaggle/input/cell-images-for-detecting-malaria/cell_images/Uninfected/C227ThinF_IMG_20151112_135422_cell_22.png,Uninfected,130,127,RGB,0,0,0,0.0014378047,False,16510,Q2,0.9985622,0.9-1.0
/kaggle/input/cell-images-for-detecting-malaria/cell_images/Parasitized/C133P94ThinF_IMG_20151004_154351_cell_98.png,Parasitized,124,118,RGB,1,1,1,0.9999596,False,14632,Q1 (smallest),0.9999596,0.9-1.0
/kaggle/input/cell-images-for-detecting-malaria/cell_images/Parasitized/C116P77ThinF_IMG_20150930_171954_cell_113.png,Parasitized,145,112,RGB,1,1,1,0.55169237,False,16240,Q2,0.55169237,0.5-0.6
/kaggle/input/cell-images-for-detecting-malaria/cell_images/Uninfected/C212ThinF_IMG_20151106_105834_cell_189.png,Uninfected,112,139,RGB,0,0,0,0.009238514,False,15568,Q2,0.99076146,0.9-1.0
/kaggle/input/cell-images-for-detecting-malaria/cell_images/Uninfected/C232ThinF_IMG_20151112_154719_cell_269.png,Uninfected,124,124,RGB,0,0,0,0.0006528358,False,15376,Q2,0.99934715,0.9-1.0
/kaggle/input/cell-images-for-detecting-malaria/cell_images/Uninfected/C223ThinF_IMG_20151112_104240_cell_72.png,Uninfected,133,127,RGB,0,0,0,0.0002416801,False,16891,Q2,0.9997583,0.9-1.0
/kaggle/input/cell-images-for-detecting-malaria/cell_images/Parasitized/C174P135NThinF_IMG_20151127_135554_cell_204.png,Parasitized,124,127,RGB,1,1,1,0.97861445,False,15748,Q2,0.97861445,0.9-1.0
/kaggle/input/cell-images-for-detecting-malaria/cell_images/Uninfected/C37BP2_thinF_IMG_20150620_132440a_cell_89.png,Uninfected,178,136,RGB,0,0,0,0.025417615,False,24208,Q4 (largest),0.9745824,0.9-1.0
/kaggle/input/cell-images-for-detecting-malaria/cell_images/Parasitized/C133P94ThinF_IMG_20151004_155912_cell_6.png,Parasitized,127,127,RGB,1,1,1,0.99999785,False,16129,Q2,0.99999785,0.9-1.0
/kaggle/input/cell-images-for-detecting-malaria/cell_images/Uninfected/C12NThinF_IMG_20150614_125741_cell_116.png,Uninfected,139,136,RGB,0,0,0,0.1442325,False,18904,Q3,0.8557675,0.8-0.9
/kaggle/input/cell-images-for-detecting-malaria/cell_images/Uninfected/C38P3thinF_original_IMG_20150621_112116_cell_1.png,Uninfected,133,127,RGB,0,0,0,0.015807662,False,16891,Q2,0.9841923,0.9-1.0
/kaggle/input/cell-images-for-detecting-malaria/cell_images/Uninfected/C74P35_ThinF_IMG_20150815_120712_cell_15.png,Uninfected,160,148,RGB,0,0,0,0.0011142388,False,23680,Q4 (largest),0.99888575,0.9-1.0
/kaggle/input/cell-images-for-detecting-malaria/cell_images/Parasitized/C81P42ThinF_IMG_20150817_120712_cell_165.png,Parasitized,148,169,RGB,1,1,1,0.98933965,False,25012,Q4 (largest),0.98933965,0.9-1.0
/kaggle/input/cell-images-for-detecting-malaria/cell_images/Parasitized/C82P43ThinF_IMG_20150817_125326_cell_12.png,Parasitized,118,136,RGB,1,1,1,0.9999999,False,16048,Q2,0.9999999,0.9-1.0
/kaggle/input/cell-images-for-detecting-malaria/cell_images/Uninfected/C118P79ThinF_IMG_20151002_105125_cell_2.png,Uninfected,139,142,RGB,0,0,0,0.001567759,False,19738,Q3,0.9984322,0.9-1.0
/kaggle/input/cell-images-for-detecting-malaria/cell_images/Uninfected/C62P23N_ThinF_IMG_20150818_133307_cell_63.png,Uninfected,130,124,RGB,0,0,0,0.001538826,False,16120,Q2,0.9984612,0.9-1.0
/kaggle/input/cell-images-for-detecting-malaria/cell_images/Parasitized/C91P52ThinF_IMG_20150821_123314_cell_193.png,Parasitized,127,136,RGB,1,1,1,0.9999994,False,17272,Q2,0.9999994,0.9-1.0
/kaggle/input/cell-images-for-detecting-malaria/cell_images/Uninfected/C231ThinF_IMG_20151112_153359_cell_67.png,Uninfected,109,121,RGB,0,0,0,0.00028367882,False,13189,Q1 (smallest),0.99971634,0.9-1.0
/kaggle/input/cell-images-for-detecting-malaria/cell_images/Uninfected/C46P7ThinF_IMG_20151130_210743_cell_3.png,Uninfected,109,151,RGB,0,0,0,0.009051751,False,16459,Q2,0.99094826,0.9-1.0
/kaggle/input/cell-images-for-detecting-malaria/cell_images/Uninfected/C1_thinF_IMG_20150604_105100_cell_180.png,Uninfected,127,112,RGB,0,0,0,0.003930248,False,14224,Q1 (smallest),0.9960697,0.9-1.0
/kaggle/input/cell-images-for-detecting-malaria/cell_images/Parasitized/C167P128ReThinF_IMG_20151201_105559_cell_223.png,Parasitized,130,163,RGB,1,1,1,0.9902002,False,21190,Q4 (largest),0.9902002,0.9-1.0
/kaggle/input/cell-images-for-detecting-malaria/cell_images/Parasitized/C119P80ThinF_IMG_20151002_124345_cell_158.png,Parasitized,139,148,RGB,1,1,1,0.99748105,False,20572,Q4 (largest),0.99748105,0.9-1.0
/kaggle/input/cell-images-for-detecting-malaria/cell_images/Uninfected/C132P93ThinF_IMG_20151004_152353_cell_116.png,Uninfected,112,118,RGB,0,0,0,0.0058348333,False,13216,Q1 (smallest),0.9941652,0.9-1.0
/kaggle/input/cell-images-for-detecting-malaria/cell_images/Parasitized/C85P46ThinF_IMG_20150820_105748_cell_255.png,Parasitized,118,151,RGB,1,1,1,0.9232084,False,17818,Q3,0.9232084,0.9-1.0
/kaggle/input/cell-images-for-detecting-malaria/cell_images/Parasitized/C129P90ThinF_IMG_20151004_133538_cell_95.png,Parasitized,100,103,RGB,1,1,1,0.99957734,False,10300,Q1 (smallest),0.99957734,0.9-1.0
/kaggle/input/cell-images-for-detecting-malaria/cell_images/Uninfected/C165P126ThinF_IMG_20151117_164432_cell_40.png,Uninfected,136,151,RGB,0,0,0,0.05680114,False,20536,Q4 (largest),0.94319886,0.9-1.0
/kaggle/input/cell-images-for-detecting-malaria/cell_images/Parasitized/C48P9thinF_IMG_20150721_161412_cell_175.png,Parasitized,133,121,RGB,1,1,1,0.98630315,False,16093,Q2,0.98630315,0.9-1.0
/kaggle/input/cell-images-for-detecting-malaria/cell_images/Parasitized/C59P20thinF_IMG_20150803_113051_cell_176.png,Parasitized,130,133,RGB,1,1,1,0.9998816,False,17290,Q2,0.9998816,0.9-1.0
/kaggle/input/cell-images-for-detecting-malaria/cell_images/Parasitized/C132P93ThinF_IMG_20151004_152045_cell_133.png,Parasitized,142,142,RGB,1,1,1,0.99630463,False,20164,Q4 (largest),0.99630463,0.9-1.0
/kaggle/input/cell-images-for-detecting-malaria/cell_images/Uninfected/C92P53ThinF_IMG_20150821_151224_cell_201.png,Uninfected,154,157,RGB,0,0,0,0.00028466363,False,24178,Q4 (largest),0.9997153,0.9-1.0
/kaggle/input/cell-images-for-detecting-malaria/cell_images/Uninfected/C161P122ThinF_IMG_20151116_101722_cell_77.png,Uninfected,115,115,RGB,0,0,0,0.0011079146,False,13225,Q1 (smallest),0.99889207,0.9-1.0
/kaggle/input/cell-images-for-detecting-malaria/cell_images/Uninfected/C218ThinF_IMG_20151106_143940_cell_145.png,Uninfected,139,130,RGB,0,0,0,0.0008649196,False,18070,Q3,0.9991351,0.9-1.0
/kaggle/input/cell-images-for-detecting-malaria/cell_images/Uninfected/C145P106ThinF_IMG_20151016_155051_cell_49.png,Uninfected,124,109,RGB,0,0,0,0.00022850624,False,13516,Q1 (smallest),0.9997715,0.9-1.0
/kaggle/input/cell-images-for-detecting-malaria/cell_images/Uninfected/C173P134NThinF_IMG_20151130_115339_cell_152.png,Uninfected,112,121,RGB,0,0,0,0.002008489,False,13552,Q1 (smallest),0.9979915,0.9-1.0
/kaggle/input/cell-images-for-detecting-malaria/cell_images/Uninfected/C82P43ThinF_IMG_20150817_123824_cell_103.png,Uninfected,139,127,RGB,0,0,0,0.0034089326,False,17653,Q3,0.9965911,0.9-1.0
/kaggle/input/cell-images-for-detecting-malaria/cell_images/Parasitized/C52P13thinF_IMG_20150725_125213_cell_170.png,Parasitized,142,112,RGB,1,1,1,0.99632734,False,15904,Q2,0.99632734,0.9-1.0
/kaggle/input/cell-images-for-detecting-malaria/cell_images/Parasitized/C70P31_ThinF_IMG_20150813_131330_cell_91.png,Parasitized,106,127,RGB,1,1,1,0.994852,False,13462,Q1 (smallest),0.994852,0.9-1.0
/kaggle/input/cell-images-for-detecting-malaria/cell_images/Parasitized/C180P141NThinF_IMG_20151201_165528_cell_172.png,Parasitized,133,124,RGB,1,1,1,0.59677285,False,16492,Q2,0.59677285,0.5-0.6
/kaggle/input/cell-images-for-detecting-malaria/cell_images/Uninfected/C47P8thinOriginalOlympusCX21_IMG_20150717_174222_cell_14.png,Uninfected,112,118,RGB,0,0,0,0.0065722363,False,13216,Q1 (smallest),0.99342775,0.9-1.0
/kaggle/input/cell-images-for-detecting-malaria/cell_images/Uninfected/C138P99ThinF_IMG_20151005_171116_cell_156.png,Uninfected,124,157,RGB,0,0,0,0.02391559,False,19468,Q3,0.9760844,0.9-1.0
/kaggle/input/cell-images-for-detecting-malaria/cell_images/Parasitized/C148P109ThinF_IMG_20151115_112333_cell_242.png,Parasitized,133,136,RGB,1,1,1,0.9467991,False,18088,Q3,0.9467991,0.9-1.0
/kaggle/input/cell-images-for-detecting-malaria/cell_images/Parasitized/C70P31_ThinF_IMG_20150813_130510_cell_94.png,Parasitized,88,91,RGB,1,1,1,0.9973246,False,8008,Q1 (smallest),0.9973246,0.9-1.0
/kaggle/input/cell-images-for-detecting-malaria/cell_images/Uninfected/C38P3thinF_original_IMG_20150621_112043_cell_21.png,Uninfected,142,139,RGB,0,0,0,0.017900646,False,19738,Q3,0.98209935,0.9-1.0
/kaggle/input/cell-images-for-detecting-malaria/cell_images/Uninfected/C12NThinF_IMG_20150614_124301_cell_251.png,Uninfected,133,133,RGB,0,0,0,4.260308e-05,False,17689,Q3,0.9999574,0.9-1.0
/kaggle/input/cell-images-for-detecting-malaria/cell_images/Parasitized/C39P4thinF_original_IMG_20150622_110115_cell_126.png,Parasitized,124,103,RGB,1,1,1,0.60192204,False,12772,Q1 (smallest),0.60192204,0.6-0.7
/kaggle/input/cell-images-for-detecting-malaria/cell_images/Uninfected/C2NThinF_IMG_20150604_114815_cell_6.png,Uninfected,133,133,RGB,0,0,0,0.0062907515,False,17689,Q3,0.99370927,0.9-1.0
/kaggle/input/cell-images-for-detecting-malaria/cell_images/Parasitized/C97P58ThinF_IMG_20150917_150838_cell_152.png,Parasitized,103,115,RGB,1,1,1,0.99974257,False,11845,Q1 (smallest),0.99974257,0.9-1.0
/kaggle/input/cell-images-for-detecting-malaria/cell_images/Uninfected/C78P39ThinF_IMG_20150606_104106_cell_68.png,Uninfected,94,118,RGB,0,0,0,0.046699733,False,11092,Q1 (smallest),0.95330024,0.9-1.0
/kaggle/input/cell-images-for-detecting-malaria/cell_images/Parasitized/C176P137NThinF_IMG_20151201_122444_cell_133.png,Parasitized,136,139,RGB,1,1,1,0.99752384,False,18904,Q3,0.99752384,0.9-1.0
/kaggle/input/cell-images-for-detecting-malaria/cell_images/Parasitized/C59P20thinF_IMG_20150803_111333_cell_170.png,Parasitized,145,154,RGB,1,1,1,0.993277,False,22330,Q4 (largest),0.993277,0.9-1.0
/kaggle/input/cell-images-for-detecting-malaria/cell_images/Uninfected/C80P41ThinF_IMG_20150817_111544_cell_92.png,Uninfected,184,136,RGB,0,0,0,0.10922254,False,25024,Q4 (largest),0.89077747,0.8-0.9
/kaggle/input/cell-images-for-detecting-malaria/cell_images/Parasitized/C181P142ThinF_IMG_20151127_160539_cell_206.png,Parasitized,121,133,RGB,1,1,1,0.6592056,False,16093,Q2,0.6592056,0.6-0.7
/kaggle/input/cell-images-for-detecting-malaria/cell_images/Parasitized/C48P9thinF_IMG_20150721_161055_cell_176.png,Parasitized,127,142,RGB,1,1,1,0.9650365,False,18034,Q3,0.9650365,0.9-1.0
/kaggle/input/cell-images-for-detecting-malaria/cell_images/Uninfected/C54P15thinF_IMG_20150728_112938_cell_134.png,Uninfected,118,121,RGB,0,0,0,0.019254861,False,14278,Q1 (smallest),0.98074514,0.9-1.0
/kaggle/input/cell-images-for-detecting-malaria/cell_images/Parasitized/C132P93ThinF_IMG_20151004_152808_cell_9.png,Parasitized,130,139,RGB,1,1,1,0.99864393,False,18070,Q3,0.99864393,0.9-1.0
/kaggle/input/cell-images-for-detecting-malaria/cell_images/Parasitized/C182P143NThinF_IMG_20151201_172257_cell_189.png,Parasitized,124,127,RGB,1,1,1,0.99996173,False,15748,Q2,0.99996173,0.9-1.0
/kaggle/input/cell-images-for-detecting-malaria/cell_images/Uninfected/C170P131ThinF_IMG_20151119_120019_cell_154.png,Uninfected,145,136,RGB,0,0,0,0.0004523096,False,19720,Q3,0.9995477,0.9-1.0
/kaggle/input/cell-images-for-detecting-malaria/cell_images/Uninfected/C89P50ThinF_IMG_20150820_162504_cell_62.png,Uninfected,100,136,RGB,0,0,1,0.50964785,True,13600,Q1 (smallest),0.50964785,0.5-0.6
/kaggle/input/cell-images-for-detecting-malaria/cell_images/Parasitized/C68P29N_ThinF_IMG_20150819_134112_cell_139.png,Parasitized,151,166,RGB,1,1,1,0.9999776,False,25066,Q4 (largest),0.9999776,0.9-1.0
/kaggle/input/cell-images-for-detecting-malaria/cell_images/Uninfected/C4thin_original_IMG_20150608_165620_cell_157.png,Uninfected,118,106,RGB,0,0,0,0.014487388,False,12508,Q1 (smallest),0.9855126,0.9-1.0
/kaggle/input/cell-images-for-detecting-malaria/cell_images/Parasitized/C117P78ThinF_IMG_20150930_215322_cell_83.png,Parasitized,172,163,RGB,1,1,1,0.99734336,False,28036,Q4 (largest),0.99734336,0.9-1.0
/kaggle/input/cell-images-for-detecting-malaria/cell_images/Parasitized/C156P117ThinF_IMG_20151115_155104_cell_256.png,Parasitized,133,142,RGB,1,1,1,0.9998474,False,18886,Q3,0.9998474,0.9-1.0
/kaggle/input/cell-images-for-detecting-malaria/cell_images/Parasitized/C97P58ThinF_IMG_20150917_151551_cell_165.png,Parasitized,130,145,RGB,1,1,1,0.99961615,False,18850,Q3,0.99961615,0.9-1.0
/kaggle/input/cell-images-for-detecting-malaria/cell_images/Parasitized/C117P78ThinF_IMG_20150930_221927_cell_85.png,Parasitized,139,157,RGB,1,1,1,0.9976568,False,21823,Q4 (largest),0.9976568,0.9-1.0
/kaggle/input/cell-images-for-detecting-malaria/cell_images/Parasitized/C67P28N_ThinF_IMG_20150819_133000_cell_169.png,Parasitized,133,133,RGB,1,1,1,0.99697566,False,17689,Q3,0.99697566,0.9-1.0
/kaggle/input/cell-images-for-detecting-malaria/cell_images/Uninfected/C39P4thinF_original_IMG_20150622_105803_cell_31.png,Uninfected,142,106,RGB,0,0,0,0.0028487986,False,15052,Q2,0.9971512,0.9-1.0
/kaggle/input/cell-images-for-detecting-malaria/cell_images/Uninfected/C125P86ThinF_IMG_20151004_101158_cell_137.png,Uninfected,142,151,RGB,0,0,0,0.0021090524,False,21442,Q4 (largest),0.99789095,0.9-1.0
/kaggle/input/cell-images-for-detecting-malaria/cell_images/Parasitized/C184P145ThinF_IMG_20151203_104153_cell_149.png,Parasitized,130,130,RGB,1,1,1,0.99590683,False,16900,Q2,0.99590683,0.9-1.0
/kaggle/input/cell-images-for-detecting-malaria/cell_images/Uninfected/C186P147NThinF_IMG_20151203_150222_cell_14.png,Uninfected,139,139,RGB,0,0,0,0.012896559,False,19321,Q3,0.98710346,0.9-1.0
/kaggle/input/cell-images-for-detecting-malaria/cell_images/Parasitized/C93P54ThinF_IMG_20150821_163640_cell_208.png,Parasitized,169,136,RGB,1,1,1,0.7144335,False,22984,Q4 (largest),0.7144335,0.7-0.8
/kaggle/input/cell-images-for-detecting-malaria/cell_images/Uninfected/C154P115ThinF_IMG_20151115_141507_cell_111.png,Uninfected,121,124,RGB,0,0,0,0.0042786556,False,15004,Q2,0.99572134,0.9-1.0
/kaggle/input/cell-images-for-detecting-malaria/cell_images/Uninfected/C206ThinF_IMG_20151029_140538_cell_82.png,Uninfected,139,139,RGB,0,0,0,0.0011434992,False,19321,Q3,0.9988565,0.9-1.0
/kaggle/input/cell-images-for-detecting-malaria/cell_images/Parasitized/C110P71ThinF_IMG_20150930_105559_cell_201.png,Parasitized,109,112,RGB,1,1,1,0.8101469,False,12208,Q1 (smallest),0.8101469,0.8-0.9
/kaggle/input/cell-images-for-detecting-malaria/cell_images/Uninfected/C239ThinF_IMG_20151127_113008_cell_76.png,Uninfected,133,136,RGB,0,0,0,0.0005260056,False,18088,Q3,0.999474,0.9-1.0
/kaggle/input/cell-images-for-detecting-malaria/cell_images/Uninfected/C60P21thinF_IMG_20150803_144003_cell_81.png,Uninfected,106,193,RGB,0,0,1,0.9922839,True,20458,Q4 (largest),0.9922839,0.9-1.0
/kaggle/input/cell-images-for-detecting-malaria/cell_images/Parasitized/C120P81ThinF_IMG_20151002_131120_cell_191.png,Parasitized,142,172,RGB,1,1,1,0.95901173,False,24424,Q4 (largest),0.95901173,0.9-1.0
/kaggle/input/cell-images-for-detecting-malaria/cell_images/Parasitized/C130P91ThinF_IMG_20151004_142951_cell_148.png,Parasitized,166,154,RGB,1,1,1,0.9945609,False,25564,Q4 (largest),0.9945609,0.9-1.0
/kaggle/input/cell-images-for-detecting-malaria/cell_images/Uninfected/C57P18thinF_IMG_20150729_111518_cell_38.png,Uninfected,142,139,RGB,0,0,0,0.00012878196,False,19738,Q3,0.9998712,0.9-1.0
/kaggle/input/cell-images-for-detecting-malaria/cell_images/Uninfected/C60P21thinF_IMG_20150803_144003_cell_29.png,Uninfected,184,160,RGB,0,0,0,0.035820182,False,29440,Q4 (largest),0.9641798,0.9-1.0
/kaggle/input/cell-images-for-detecting-malaria/cell_images/Parasitized/C77P38ThinF_IMG_20150601_152941_cell_121.png,Parasitized,130,145,RGB,1,1,1,0.720117,False,18850,Q3,0.720117,0.7-0.8
/kaggle/input/cell-images-for-detecting-malaria/cell_images/Parasitized/C136P97ThinF_IMG_20151005_140646_cell_111.png,Parasitized,121,130,RGB,1,1,1,0.99977756,False,15730,Q2,0.99977756,0.9-1.0
/kaggle/input/cell-images-for-detecting-malaria/cell_images/Parasitized/C70P31_ThinF_IMG_20150819_141403_cell_99.png,Parasitized,103,109,RGB,1,1,1,0.9944062,False,11227,Q1 (smallest),0.9944062,0.9-1.0
/kaggle/input/cell-images-for-detecting-malaria/cell_images/Parasitized/C59P20thinF_IMG_20150803_113051_cell_185.png,Parasitized,130,148,RGB,1,1,1,0.9998039,False,19240,Q3,0.9998039,0.9-1.0
/kaggle/input/cell-images-for-detecting-malaria/cell_images/Uninfected/C215ThinF_IMG_20151106_133012_cell_127.png,Uninfected,142,127,RGB,0,0,0,0.00029240362,False,18034,Q3,0.9997076,0.9-1.0
/kaggle/input/cell-images-for-detecting-malaria/cell_images/Parasitized/C181P142ThinF_IMG_20151127_155914_cell_156.png,Parasitized,109,115,RGB,1,1,1,0.9999708,False,12535,Q1 (smallest),0.9999708,0.9-1.0
/kaggle/input/cell-images-for-detecting-malaria/cell_images/Parasitized/C137P98ThinF_IMG_20151005_162348_cell_5.png,Parasitized,112,115,RGB,1,1,1,0.99953955,False,12880,Q1 (smallest),0.99953955,0.9-1.0
/kaggle/input/cell-images-for-detecting-malaria/cell_images/Uninfected/C93P54ThinF_IMG_20150821_162641_cell_198.png,Uninfected,145,130,RGB,0,0,0,0.013225511,False,18850,Q3,0.9867745,0.9-1.0
/kaggle/input/cell-images-for-detecting-malaria/cell_images/Parasitized/C107P68ThinF_IMG_20150924_222630_cell_175.png,Parasitized,127,124,RGB,1,1,1,0.99970573,False,15748,Q2,0.99970573,0.9-1.0
/kaggle/input/cell-images-for-detecting-malaria/cell_images/Parasitized/C132P93ThinF_IMG_20151004_153030_cell_27.png,Parasitized,124,139,RGB,1,1,1,0.99913955,False,17236,Q2,0.99913955,0.9-1.0
/kaggle/input/cell-images-for-detecting-malaria/cell_images/Parasitized/C93P54ThinF_IMG_20150821_163640_cell_207.png,Parasitized,154,199,RGB,1,1,1,0.9865206,False,30646,Q4 (largest),0.9865206,0.9-1.0
/kaggle/input/cell-images-for-detecting-malaria/cell_images/Parasitized/C173P134NThinF_IMG_20151130_120046_cell_241.png,Parasitized,124,130,RGB,1,1,1,0.6226386,False,16120,Q2,0.6226386,0.6-0.7
/kaggle/input/cell-images-for-detecting-malaria/cell_images/Uninfected/C151P112ThinF_IMG_20151115_121725_cell_26.png,Uninfected,109,115,RGB,0,0,0,0.0025832066,False,12535,Q1 (smallest),0.9974168,0.9-1.0
/kaggle/input/cell-images-for-detecting-malaria/cell_images/Parasitized/C184P145ThinF_IMG_20151203_103114_cell_184.png,Parasitized,145,130,RGB,1,1,0,0.08302741,True,18850,Q3,0.9169726,0.9-1.0
/kaggle/input/cell-images-for-detecting-malaria/cell_images/Parasitized/C97P58ThinF_IMG_20150917_152032_cell_174.png,Parasitized,115,112,RGB,1,1,1,0.998723,False,12880,Q1 (smallest),0.998723,0.9-1.0
/kaggle/input/cell-images-for-detecting-malaria/cell_images/Uninfected/C205ThinF_IMG_20151106_151800_cell_225.png,Uninfected,163,127,RGB,0,0,0,0.0003394857,False,20701,Q4 (largest),0.9996605,0.9-1.0
/kaggle/input/cell-images-for-detecting-malaria/cell_images/Uninfected/C12NThinF_IMG_20150614_124301_cell_122.png,Uninfected,127,127,RGB,0,0,0,4.4089476e-05,False,16129,Q2,0.9999559,0.9-1.0
/kaggle/input/cell-images-for-detecting-malaria/cell_images/Uninfected/C236ThinF_IMG_20151127_102115_cell_108.png,Uninfected,127,115,RGB,0,0,0,0.00025960166,False,14605,Q1 (smallest),0.9997404,0.9-1.0
/kaggle/input/cell-images-for-detecting-malaria/cell_images/Uninfected/C184P145ThinF_IMG_20151203_104153_cell_87.png,Uninfected,163,124,RGB,0,0,0,0.031404853,False,20212,Q4 (largest),0.96859515,0.9-1.0
/kaggle/input/cell-images-for-detecting-malaria/cell_images/Parasitized/C50P11thinF_IMG_20150724_115603_cell_155.png,Parasitized,127,112,RGB,1,1,0,0.118349515,True,14224,Q1 (smallest),0.8816505,0.8-0.9
/kaggle/input/cell-images-for-detecting-malaria/cell_images/Uninfected/C142P103ThinF_IMG_20151005_221115_cell_23.png,Uninfected,121,118,RGB,0,0,0,0.008218539,False,14278,Q1 (smallest),0.9917815,0.9-1.0
/kaggle/input/cell-images-for-detecting-malaria/cell_images/Parasitized/C140P101ThinF_IMG_20151005_211530_cell_145.png,Parasitized,112,190,RGB,1,1,1,0.9913317,False,21280,Q4 (largest),0.9913317,0.9-1.0
/kaggle/input/cell-images-for-detecting-malaria/cell_images/Parasitized/C62P23N_ThinF_IMG_20150818_133055_cell_185.png,Parasitized,100,118,RGB,1,1,0,0.0409447,True,11800,Q1 (smallest),0.9590553,0.9-1.0
/kaggle/input/cell-images-for-detecting-malaria/cell_images/Parasitized/C180P141NThinF_IMG_20151201_165423_cell_160.png,Parasitized,139,136,RGB,1,1,1,0.95205826,False,18904,Q3,0.95205826,0.9-1.0
/kaggle/input/cell-images-for-detecting-malaria/cell_images/Uninfected/C38P3thinF_original_IMG_20150621_112138_cell_17.png,Uninfected,142,145,RGB,0,0,0,0.19127321,False,20590,Q4 (largest),0.8087268,0.8-0.9
/kaggle/input/cell-images-for-detecting-malaria/cell_images/Uninfected/C148P109ThinF_IMG_20151115_112855_cell_114.png,Uninfected,142,148,RGB,0,0,0,0.027146826,False,21016,Q4 (largest),0.9728532,0.9-1.0
/kaggle/input/cell-images-for-detecting-malaria/cell_images/Uninfected/C157P118ThinF_IMG_20151115_163915_cell_107.png,Uninfected,109,127,RGB,0,0,1,0.7768199,True,13843,Q1 (smallest),0.7768199,0.7-0.8
/kaggle/input/cell-images-for-detecting-malaria/cell_images/Parasitized/C42P5thin_original_IMG_20150623_134547_cell_240.png,Parasitized,121,124,RGB,1,1,0,0.14298524,True,15004,Q2,0.8570148,0.8-0.9
/kaggle/input/cell-images-for-detecting-malaria/cell_images/Parasitized/C129P90ThinF_IMG_20151004_134636_cell_11.png,Parasitized,136,139,RGB,1,1,1,0.9952319,False,18904,Q3,0.9952319,0.9-1.0
/kaggle/input/cell-images-for-detecting-malaria/cell_images/Uninfected/C158P119ThinF_IMG_20151115_181035_cell_161.png,Uninfected,106,127,RGB,0,0,0,0.010952865,False,13462,Q1 (smallest),0.9890471,0.9-1.0
/kaggle/input/cell-images-for-detecting-malaria/cell_images/Parasitized/C132P93ThinF_IMG_20151004_151941_cell_8.png,Parasitized,115,103,RGB,1,1,1,0.9999796,False,11845,Q1 (smallest),0.9999796,0.9-1.0
/kaggle/input/cell-images-for-detecting-malaria/cell_images/Parasitized/C77P38ThinF_IMG_20150601_152941_cell_122.png,Parasitized,124,127,RGB,1,1,1,0.998782,False,15748,Q2,0.998782,0.9-1.0
/kaggle/input/cell-images-for-detecting-malaria/cell_images/Parasitized/C65P26N_ThinF_IMG_20150818_154050_cell_176.png,Parasitized,115,115,RGB,1,1,1,0.9995802,False,13225,Q1 (smallest),0.9995802,0.9-1.0
/kaggle/input/cell-images-for-detecting-malaria/cell_images/Parasitized/C63P24N_ThinF_IMG_20150818_143757_cell_174.png,Parasitized,136,139,RGB,1,1,1,0.99962425,False,18904,Q3,0.99962425,0.9-1.0
/kaggle/input/cell-images-for-detecting-malaria/cell_images/Uninfected/C155P116ThinF_IMG_20151115_142526_cell_86.png,Uninfected,118,133,RGB,0,0,0,0.014088363,False,15694,Q2,0.9859116,0.9-1.0
/kaggle/input/cell-images-for-detecting-malaria/cell_images/Parasitized/C118P79ThinF_IMG_20151002_110942_cell_12.png,Parasitized,121,124,RGB,1,1,1,0.99986446,False,15004,Q2,0.99986446,0.9-1.0
/kaggle/input/cell-images-for-detecting-malaria/cell_images/Uninfected/C119P80ThinF_IMG_20151002_124425_cell_73.png,Uninfected,127,118,RGB,0,0,0,0.0018300783,False,14986,Q2,0.9981699,0.9-1.0
/kaggle/input/cell-images-for-detecting-malaria/cell_images/Parasitized/C186P147NThinF_IMG_20151203_150408_cell_166.png,Parasitized,136,139,RGB,1,1,1,0.9999505,False,18904,Q3,0.9999505,0.9-1.0
/kaggle/input/cell-images-for-detecting-malaria/cell_images/Uninfected/C171P132ThinF_IMG_20151119_153512_cell_147.png,Uninfected,127,112,RGB,0,0,0,0.004736634,False,14224,Q1 (smallest),0.99526334,0.9-1.0
/kaggle/input/cell-images-for-detecting-malaria/cell_images/Parasitized/C59P20thinF_IMG_20150803_113430_cell_16.png,Parasitized,139,190,RGB,1,1,1,0.98727894,False,26410,Q4 (largest),0.98727894,0.9-1.0
/kaggle/input/cell-images-for-detecting-malaria/cell_images/Parasitized/C84P45ThinF_IMG_20150818_102009_cell_3.png,Parasitized,124,106,RGB,1,1,1,0.9743906,False,13144,Q1 (smallest),0.9743906,0.9-1.0
/kaggle/input/cell-images-for-detecting-malaria/cell_images/Parasitized/C118P79ThinF_IMG_20151002_104831_cell_160.png,Parasitized,124,133,RGB,1,1,1,0.8082169,False,16492,Q2,0.8082169,0.8-0.9
/kaggle/input/cell-images-for-detecting-malaria/cell_images/Parasitized/C133P94ThinF_IMG_20151004_155518_cell_111.png,Parasitized,112,136,RGB,1,1,1,0.9999497,False,15232,Q2,0.9999497,0.9-1.0
/kaggle/input/cell-images-for-detecting-malaria/cell_images/Uninfected/C134P95ThinF_IMG_20151005_122449_cell_55.png,Uninfected,148,154,RGB,0,0,0,0.0027051275,False,22792,Q4 (largest),0.99729484,0.9-1.0
/kaggle/input/cell-images-for-detecting-malaria/cell_images/Uninfected/C177P138NThinF_IMG_20151201_144820_cell_123.png,Uninfected,106,118,RGB,0,0,0,0.18190357,False,12508,Q1 (smallest),0.8180964,0.8-0.9
/kaggle/input/cell-images-for-detecting-malaria/cell_images/Parasitized/C82P43ThinF_IMG_20150817_124010_cell_207.png,Parasitized,151,142,RGB,1,1,1,0.75382406,False,21442,Q4 (largest),0.75382406,0.7-0.8
/kaggle/input/cell-images-for-detecting-malaria/cell_images/Uninfected/C222ThinF_IMG_20151115_151433_cell_115.png,Uninfected,106,103,RGB,0,0,0,0.13831848,False,10918,Q1 (smallest),0.8616815,0.8-0.9
/kaggle/input/cell-images-for-detecting-malaria/cell_images/Uninfected/C80P41ThinF_IMG_20150817_110957_cell_4.png,Uninfected,121,124,RGB,0,0,0,0.18297455,False,15004,Q2,0.8170254,0.8-0.9
/kaggle/input/cell-images-for-detecting-malaria/cell_images/Uninfected/C223ThinF_IMG_20151112_104240_cell_163.png,Uninfected,145,136,RGB,0,0,0,0.00048801527,False,19720,Q3,0.99951196,0.9-1.0
/kaggle/input/cell-images-for-detecting-malaria/cell_images/Parasitized/C132P93ThinF_IMG_20151004_152808_cell_43.png,Parasitized,109,100,RGB,1,1,1,0.9999789,False,10900,Q1 (smallest),0.9999789,0.9-1.0
/kaggle/input/cell-images-for-detecting-malaria/cell_images/Uninfected/C110P71ThinF_IMG_20150930_105319_cell_94.png,Uninfected,124,127,RGB,0,0,0,0.0016585641,False,15748,Q2,0.99834144,0.9-1.0
/kaggle/input/cell-images-for-detecting-malaria/cell_images/Uninfected/C220ThinF_IMG_20151106_154339_cell_12.png,Uninfected,124,118,RGB,0,0,0,0.0021373702,False,14632,Q1 (smallest),0.99786264,0.9-1.0
/kaggle/input/cell-images-for-detecting-malaria/cell_images/Parasitized/C99P60ThinF_IMG_20150918_141314_cell_101.png,Parasitized,124,97,RGB,1,1,1,0.99999046,False,12028,Q1 (smallest),0.99999046,0.9-1.0
/kaggle/input/cell-images-for-detecting-malaria/cell_images/Uninfected/C71P32_ThinF_IMG_20150813_163655_cell_58.png,Uninfected,154,157,RGB,0,0,0,0.14583604,False,24178,Q4 (largest),0.85416394,0.8-0.9
/kaggle/input/cell-images-for-detecting-malaria/cell_images/Parasitized/C132P93ThinF_IMG_20151004_152642_cell_46.png,Parasitized,118,121,RGB,1,1,1,0.9999995,False,14278,Q1 (smallest),0.9999995,0.9-1.0
/kaggle/input/cell-images-for-detecting-malaria/cell_images/Uninfected/C127P88ThinF_IMG_20151004_111436_cell_98.png,Uninfected,139,157,RGB,0,0,0,0.003363996,False,21823,Q4 (largest),0.99663603,0.9-1.0
/kaggle/input/cell-images-for-detecting-malaria/cell_images/Parasitized/C84P45ThinF_IMG_20150818_101257_cell_82.png,Parasitized,130,151,RGB,1,1,1,0.99998486,False,19630,Q3,0.99998486,0.9-1.0
/kaggle/input/cell-images-for-detecting-malaria/cell_images/Parasitized/C156P117ThinF_IMG_20151115_154022_cell_277.png,Parasitized,136,151,RGB,1,1,1,0.9989176,False,20536,Q4 (largest),0.9989176,0.9-1.0
/kaggle/input/cell-images-for-detecting-malaria/cell_images/Parasitized/C70P31_ThinF_IMG_20150813_130332_cell_110.png,Parasitized,130,133,RGB,1,1,1,0.992623,False,17290,Q2,0.992623,0.9-1.0
/kaggle/input/cell-images-for-detecting-malaria/cell_images/Uninfected/C100P61ThinF_IMG_20150918_150041_cell_15.png,Uninfected,139,154,RGB,0,0,0,0.006858095,False,21406,Q4 (largest),0.9931419,0.9-1.0
/kaggle/input/cell-images-for-detecting-malaria/cell_images/Parasitized/C91P52ThinF_IMG_20150821_125154_cell_214.png,Parasitized,211,232,RGB,1,1,1,0.9987948,False,48952,Q4 (largest),0.9987948,0.9-1.0
/kaggle/input/cell-images-for-detecting-malaria/cell_images/Parasitized/C116P77ThinF_IMG_20150930_171739_cell_104.png,Parasitized,118,127,RGB,1,1,1,0.9996407,False,14986,Q2,0.9996407,0.9-1.0
/kaggle/input/cell-images-for-detecting-malaria/cell_images/Parasitized/C48P9thinF_IMG_20150721_164129_cell_3.png,Parasitized,154,166,RGB,1,1,1,0.9820553,False,25564,Q4 (largest),0.9820553,0.9-1.0
/kaggle/input/cell-images-for-detecting-malaria/cell_images/Uninfected/C124P85ThinF_IMG_20151002_155101_cell_164.png,Uninfected,118,178,RGB,0,0,0,0.0025069604,False,21004,Q4 (largest),0.997493,0.9-1.0
/kaggle/input/cell-images-for-detecting-malaria/cell_images/Uninfected/C104P65ThinF_IMG_20150918_171751_cell_109.png,Uninfected,145,139,RGB,0,0,0,0.00070881844,False,20155,Q3,0.9992912,0.9-1.0
/kaggle/input/cell-images-for-detecting-malaria/cell_images/Uninfected/C47P8thin_Original_Motic_IMG_20150714_093600_cell_57.png,Uninfected,121,139,RGB,0,0,0,0.01432995,False,16819,Q2,0.98567003,0.9-1.0
/kaggle/input/cell-images-for-detecting-malaria/cell_images/Parasitized/C137P98ThinF_IMG_20151005_163946_cell_1.png,Parasitized,124,127,RGB,1,1,1,0.9744992,False,15748,Q2,0.9744992,0.9-1.0
/kaggle/input/cell-images-for-detecting-malaria/cell_images/Parasitized/C132P93ThinF_IMG_20151004_151733_cell_157.png,Parasitized,130,130,RGB,1,1,1,0.9987294,False,16900,Q2,0.9987294,0.9-1.0
/kaggle/input/cell-images-for-detecting-malaria/cell_images/Parasitized/C182P143NThinF_IMG_20151201_172759_cell_48.png,Parasitized,103,121,RGB,1,1,1,0.71276116,False,12463,Q1 (smallest),0.71276116,0.7-0.8
/kaggle/input/cell-images-for-detecting-malaria/cell_images/Parasitized/C128P89ThinF_IMG_20151004_131231_cell_147.png,Parasitized,136,133,RGB,1,1,1,0.98510957,False,18088,Q3,0.98510957,0.9-1.0
/kaggle/input/cell-images-for-detecting-malaria/cell_images/Parasitized/C133P94ThinF_IMG_20151004_154717_cell_118.png,Parasitized,94,88,RGB,1,1,1,0.99995995,False,8272,Q1 (smallest),0.99995995,0.9-1.0
/kaggle/input/cell-images-for-detecting-malaria/cell_images/Uninfected/C147P108ThinF_IMG_20151115_103432_cell_131.png,Uninfected,133,124,RGB,0,0,0,0.0008954309,False,16492,Q2,0.99910456,0.9-1.0
/kaggle/input/cell-images-for-detecting-malaria/cell_images/Parasitized/C136P97ThinF_IMG_20151005_141946_cell_98.png,Parasitized,136,130,RGB,1,1,1,0.9930415,False,17680,Q3,0.9930415,0.9-1.0
/kaggle/input/cell-images-for-detecting-malaria/cell_images/Parasitized/C180P141NThinF_IMG_20151201_165423_cell_184.png,Parasitized,145,118,RGB,1,1,1,0.9916683,False,17110,Q2,0.9916683,0.9-1.0
/kaggle/input/cell-images-for-detecting-malaria/cell_images/Uninfected/C172P133ThinF_IMG_20151119_155307_cell_54.png,Uninfected,154,145,RGB,0,0,0,0.0075391484,False,22330,Q4 (largest),0.99246085,0.9-1.0
/kaggle/input/cell-images-for-detecting-malaria/cell_images/Uninfected/C135P96ThinF_IMG_20151005_123441_cell_82.png,Uninfected,127,136,RGB,0,0,0,0.0012857751,False,17272,Q2,0.9987142,0.9-1.0
/kaggle/input/cell-images-for-detecting-malaria/cell_images/Parasitized/C119P80ThinF_IMG_20151002_124345_cell_166.png,Parasitized,97,166,RGB,1,1,1,0.9796626,False,16102,Q2,0.9796626,0.9-1.0
/kaggle/input/cell-images-for-detecting-malaria/cell_images/Uninfected/C224ThinF_IMG_20151112_113157_cell_151.png,Uninfected,133,175,RGB,0,0,0,0.005873438,False,23275,Q4 (largest),0.99412656,0.9-1.0
/kaggle/input/cell-images-for-detecting-malaria/cell_images/Uninfected/C151P112ThinF_IMG_20151115_121644_cell_156.png,Uninfected,121,169,RGB,0,0,0,0.004885125,False,20449,Q4 (largest),0.99511486,0.9-1.0
/kaggle/input/cell-images-for-detecting-malaria/cell_images/Uninfected/C91P52ThinF_IMG_20150821_124504_cell_53.png,Uninfected,142,184,RGB,0,0,0,0.0075145597,False,26128,Q4 (largest),0.99248546,0.9-1.0
/kaggle/input/cell-images-for-detecting-malaria/cell_images/Uninfected/C98P59ThinF_IMG_20150917_153801_cell_79.png,Uninfected,136,136,RGB,0,0,0,0.034354977,False,18496,Q3,0.965645,0.9-1.0
/kaggle/input/cell-images-for-detecting-malaria/cell_images/Parasitized/C182P143NThinF_IMG_20151201_172759_cell_11.png,Parasitized,130,115,RGB,1,1,1,0.99268895,False,14950,Q2,0.99268895,0.9-1.0
/kaggle/input/cell-images-for-detecting-malaria/cell_images/Uninfected/C104P65ThinF_IMG_20150918_172639_cell_167.png,Uninfected,175,172,RGB,0,0,0,0.0023942182,False,30100,Q4 (largest),0.9976058,0.9-1.0
/kaggle/input/cell-images-for-detecting-malaria/cell_images/Parasitized/C131P92ThinF_IMG_20151004_145224_cell_133.png,Parasitized,94,97,RGB,1,1,1,0.99989665,False,9118,Q1 (smallest),0.99989665,0.9-1.0
/kaggle/input/cell-images-for-detecting-malaria/cell_images/Uninfected/C213ThinF_IMG_20151106_112252_cell_97.png,Uninfected,124,142,RGB,0,0,0,0.00037321114,False,17608,Q3,0.9996268,0.9-1.0
/kaggle/input/cell-images-for-detecting-malaria/cell_images/Parasitized/C179P140ThinF_IMG_20151127_153350_cell_167.png,Parasitized,133,133,RGB,1,1,1,0.9946373,False,17689,Q3,0.9946373,0.9-1.0
/kaggle/input/cell-images-for-detecting-malaria/cell_images/Parasitized/C60P21thinF_IMG_20150804_113602_cell_125.png,Parasitized,130,151,RGB,1,1,1,0.9747343,False,19630,Q3,0.9747343,0.9-1.0
/kaggle/input/cell-images-for-detecting-malaria/cell_images/Parasitized/C181P142ThinF_IMG_20151127_155914_cell_171.png,Parasitized,133,121,RGB,1,1,1,0.9999163,False,16093,Q2,0.9999163,0.9-1.0
/kaggle/input/cell-images-for-detecting-malaria/cell_images/Uninfected/C63P24N_ThinF_IMG_20150818_143544_cell_64.png,Uninfected,166,139,RGB,0,0,0,0.00087686436,False,23074,Q4 (largest),0.99912316,0.9-1.0
/kaggle/input/cell-images-for-detecting-malaria/cell_images/Uninfected/C42P5thin_original_IMG_20150623_135746_cell_130.png,Uninfected,133,157,RGB,0,0,0,0.0035150207,False,20881,Q4 (largest),0.996485,0.9-1.0
/kaggle/input/cell-images-for-detecting-malaria/cell_images/Parasitized/C39P4thinF_original_IMG_20150622_113632_cell_19.png,Parasitized,172,175,RGB,1,1,0,0.49036482,True,30100,Q4 (largest),0.5096352,0.5-0.6
/kaggle/input/cell-images-for-detecting-malaria/cell_images/Parasitized/C119P80ThinF_IMG_20151002_124345_cell_148.png,Parasitized,157,151,RGB,1,1,1,0.99231297,False,23707,Q4 (largest),0.99231297,0.9-1.0
/kaggle/input/cell-images-for-detecting-malaria/cell_images/Parasitized/C70P31_ThinF_IMG_20150813_131609_cell_99.png,Parasitized,124,121,RGB,1,1,1,0.9922616,False,15004,Q2,0.9922616,0.9-1.0
/kaggle/input/cell-images-for-detecting-malaria/cell_images/Parasitized/C116P77ThinF_IMG_20150930_171809_cell_79.png,Parasitized,136,163,RGB,1,1,1,0.9686156,False,22168,Q4 (largest),0.9686156,0.9-1.0
/kaggle/input/cell-images-for-detecting-malaria/cell_images/Uninfected/C235ThinF_IMG_20151112_164625_cell_92.png,Uninfected,115,115,RGB,0,0,0,0.0007951577,False,13225,Q1 (smallest),0.9992048,0.9-1.0
/kaggle/input/cell-images-for-detecting-malaria/cell_images/Uninfected/C151P112ThinF_IMG_20151115_121843_cell_111.png,Uninfected,130,133,RGB,0,0,0,0.010728688,False,17290,Q2,0.9892713,0.9-1.0
/kaggle/input/cell-images-for-detecting-malaria/cell_images/Uninfected/C123P84ThinF_IMG_20151002_152144_cell_14.png,Uninfected,133,136,RGB,0,0,0,0.007867385,False,18088,Q3,0.9921326,0.9-1.0
/kaggle/input/cell-images-for-detecting-malaria/cell_images/Uninfected/C181P142ThinF_IMG_20151127_160434_cell_116.png,Uninfected,115,112,RGB,0,0,0,0.01825494,False,12880,Q1 (smallest),0.98174506,0.9-1.0
/kaggle/input/cell-images-for-detecting-malaria/cell_images/Parasitized/C80P41ThinF_IMG_20150817_111544_cell_135.png,Parasitized,148,136,RGB,1,1,1,0.99995756,False,20128,Q3,0.99995756,0.9-1.0
/kaggle/input/cell-images-for-detecting-malaria/cell_images/Parasitized/C59P20thinF_IMG_20150803_113139_cell_34.png,Parasitized,136,130,RGB,1,1,1,0.9999753,False,17680,Q3,0.9999753,0.9-1.0
/kaggle/input/cell-images-for-detecting-malaria/cell_images/Parasitized/C137P98ThinF_IMG_20151005_161449_cell_6.png,Parasitized,106,109,RGB,1,1,1,0.9999447,False,11554,Q1 (smallest),0.9999447,0.9-1.0
/kaggle/input/cell-images-for-detecting-malaria/cell_images/Uninfected/C225ThinF_IMG_20151112_113735_cell_15.png,Uninfected,136,145,RGB,0,0,0,0.00019975123,False,19720,Q3,0.99980026,0.9-1.0
/kaggle/input/cell-images-for-detecting-malaria/cell_images/Parasitized/C48P9thinF_IMG_20150721_160406_cell_201.png,Parasitized,127,151,RGB,1,1,1,0.94662964,False,19177,Q3,0.94662964,0.9-1.0
/kaggle/input/cell-images-for-detecting-malaria/cell_images/Parasitized/C81P42ThinF_IMG_20150817_120351_cell_190.png,Parasitized,184,187,RGB,1,1,1,0.9974388,False,34408,Q4 (largest),0.9974388,0.9-1.0
/kaggle/input/cell-images-for-detecting-malaria/cell_images/Uninfected/C230ThinF_IMG_20151112_150647_cell_9.png,Uninfected,130,139,RGB,0,0,0,0.00020696345,False,18070,Q3,0.99979305,0.9-1.0
/kaggle/input/cell-images-for-detecting-malaria/cell_images/Uninfected/C179P140ThinF_IMG_20151127_153350_cell_114.png,Uninfected,148,130,RGB,0,0,0,0.003150749,False,19240,Q3,0.99684924,0.9-1.0
/kaggle/input/cell-images-for-detecting-malaria/cell_images/Parasitized/C114P75ThinF_IMG_20150930_150555_cell_145.png,Parasitized,136,130,RGB,1,1,1,0.99794024,False,17680,Q3,0.99794024,0.9-1.0
/kaggle/input/cell-images-for-detecting-malaria/cell_images/Parasitized/C97P58ThinF_IMG_20150917_152225_cell_9.png,Parasitized,139,154,RGB,1,1,1,0.96821165,False,21406,Q4 (largest),0.96821165,0.9-1.0
/kaggle/input/cell-images-for-detecting-malaria/cell_images/Parasitized/C180P141NThinF_IMG_20151201_170110_cell_3.png,Parasitized,142,142,RGB,1,1,1,0.99998534,False,20164,Q4 (largest),0.99998534,0.9-1.0
/kaggle/input/cell-images-for-detecting-malaria/cell_images/Parasitized/C60P21thinF_IMG_20150804_105034_cell_106.png,Parasitized,157,151,RGB,1,1,1,0.9263541,False,23707,Q4 (largest),0.9263541,0.9-1.0
/kaggle/input/cell-images-for-detecting-malaria/cell_images/Uninfected/C96P57ThinF_IMG_20150824_112442_cell_18.png,Uninfected,139,133,RGB,0,0,0,0.011438658,False,18487,Q3,0.98856133,0.9-1.0
/kaggle/input/cell-images-for-detecting-malaria/cell_images/Uninfected/C139P100ThinF_IMG_20151005_182822_cell_116.png,Uninfected,157,163,RGB,0,0,0,0.01012166,False,25591,Q4 (largest),0.98987836,0.9-1.0
/kaggle/input/cell-images-for-detecting-malaria/cell_images/Parasitized/C173P134NThinF_IMG_20151130_115339_cell_260.png,Parasitized,115,103,RGB,1,1,1,0.7050418,False,11845,Q1 (smallest),0.7050418,0.7-0.8
/kaggle/input/cell-images-for-detecting-malaria/cell_images/Uninfected/C91P52ThinF_IMG_20150821_124739_cell_133.png,Uninfected,169,166,RGB,0,0,0,0.0023971982,False,28054,Q4 (largest),0.9976028,0.9-1.0
/kaggle/input/cell-images-for-detecting-malaria/cell_images/Uninfected/C156P117ThinF_IMG_20151115_155104_cell_221.png,Uninfected,133,142,RGB,0,0,0,0.021472573,False,18886,Q3,0.9785274,0.9-1.0
/kaggle/input/cell-images-for-detecting-malaria/cell_images/Uninfected/C147P108ThinF_IMG_20151115_095606_cell_78.png,Uninfected,142,133,RGB,0,0,0,0.0012306998,False,18886,Q3,0.9987693,0.9-1.0
/kaggle/input/cell-images-for-detecting-malaria/cell_images/Uninfected/C155P116ThinF_IMG_20151115_143330_cell_102.png,Uninfected,166,145,RGB,0,0,0,0.06308325,False,24070,Q4 (largest),0.93691677,0.9-1.0
/kaggle/input/cell-images-for-detecting-malaria/cell_images/Uninfected/C50P11thinF_IMG_20150724_114951_cell_16.png,Uninfected,100,85,RGB,0,0,0,0.16963802,False,8500,Q1 (smallest),0.83036196,0.8-0.9
/kaggle/input/cell-images-for-detecting-malaria/cell_images/Uninfected/C162P123ThinF_IMG_20151116_105019_cell_136.png,Uninfected,115,127,RGB,0,0,0,0.08847656,False,14605,Q1 (smallest),0.91152346,0.9-1.0
/kaggle/input/cell-images-for-detecting-malaria/cell_images/Parasitized/C84P45ThinF_IMG_20150818_101550_cell_97.png,Parasitized,127,112,RGB,1,1,1,0.96509206,False,14224,Q1 (smallest),0.96509206,0.9-1.0
/kaggle/input/cell-images-for-detecting-malaria/cell_images/Uninfected/C203ThinF_IMG_20151029_105443_cell_204.png,Uninfected,142,133,RGB,0,0,0,0.007393885,False,18886,Q3,0.9926061,0.9-1.0
/kaggle/input/cell-images-for-detecting-malaria/cell_images/Uninfected/C149P110ThinF_IMG_20151115_114629_cell_261.png,Uninfected,112,106,RGB,0,0,0,0.009493382,False,11872,Q1 (smallest),0.9905066,0.9-1.0
/kaggle/input/cell-images-for-detecting-malaria/cell_images/Parasitized/C102P63ThinF_IMG_20150918_161508_cell_190.png,Parasitized,172,163,RGB,1,1,1,0.70763165,False,28036,Q4 (largest),0.70763165,0.7-0.8
/kaggle/input/cell-images-for-detecting-malaria/cell_images/Parasitized/C154P115ThinF_IMG_20151115_141336_cell_235.png,Parasitized,133,118,RGB,1,1,1,0.9850279,False,15694,Q2,0.9850279,0.9-1.0
/kaggle/input/cell-images-for-detecting-malaria/cell_images/Uninfected/C117P78ThinF_IMG_20150930_221927_cell_28.png,Uninfected,127,133,RGB,0,0,0,0.0023745706,False,16891,Q2,0.9976254,0.9-1.0
/kaggle/input/cell-images-for-detecting-malaria/cell_images/Uninfected/C163P124ThinF_IMG_20151116_110818_cell_260.png,Uninfected,136,136,RGB,0,0,0,0.03456842,False,18496,Q3,0.9654316,0.9-1.0
/kaggle/input/cell-images-for-detecting-malaria/cell_images/Uninfected/C86P47ThinF_IMG_20150820_124025_cell_116.png,Uninfected,148,103,RGB,0,0,0,0.088111795,False,15244,Q2,0.9118882,0.9-1.0
/kaggle/input/cell-images-for-detecting-malaria/cell_images/Parasitized/C70P31_ThinF_IMG_20150813_131457_cell_3.png,Parasitized,130,127,RGB,1,1,1,0.9986778,False,16510,Q2,0.9986778,0.9-1.0
/kaggle/input/cell-images-for-detecting-malaria/cell_images/Uninfected/C101P62ThinF_IMG_20150918_151239_cell_25.png,Uninfected,142,79,RGB,0,0,0,0.0014571643,False,11218,Q1 (smallest),0.99854285,0.9-1.0
/kaggle/input/cell-images-for-detecting-malaria/cell_images/Parasitized/C65P26N_ThinF_IMG_20150818_154010_cell_200.png,Parasitized,133,178,RGB,1,1,1,0.99701923,False,23674,Q4 (largest),0.99701923,0.9-1.0
/kaggle/input/cell-images-for-detecting-malaria/cell_images/Uninfected/C202ThinF_IMG_20151015_152701_cell_280.png,Uninfected,133,145,RGB,0,0,0,0.0055369968,False,19285,Q3,0.994463,0.9-1.0
/kaggle/input/cell-images-for-detecting-malaria/cell_images/Uninfected/C118P79ThinF_IMG_20151002_105018_cell_114.png,Uninfected,142,148,RGB,0,0,0,0.00078805035,False,21016,Q4 (largest),0.99921197,0.9-1.0
/kaggle/input/cell-images-for-detecting-malaria/cell_images/Parasitized/C132P93ThinF_IMG_20151004_151811_cell_128.png,Parasitized,103,118,RGB,1,1,1,0.9990815,False,12154,Q1 (smallest),0.9990815,0.9-1.0
/kaggle/input/cell-images-for-detecting-malaria/cell_images/Uninfected/C216ThinF_IMG_20151106_135653_cell_112.png,Uninfected,130,160,RGB,0,0,0,0.0019278832,False,20800,Q4 (largest),0.9980721,0.9-1.0
/kaggle/input/cell-images-for-detecting-malaria/cell_images/Parasitized/C189P150ThinF_IMG_20151203_142224_cell_83.png,Parasitized,124,106,RGB,1,1,1,0.99988985,False,13144,Q1 (smallest),0.99988985,0.9-1.0
/kaggle/input/cell-images-for-detecting-malaria/cell_images/Uninfected/C140P101ThinF_IMG_20151005_211530_cell_64.png,Uninfected,142,142,RGB,0,0,0,0.0013749464,False,20164,Q4 (largest),0.99862504,0.9-1.0
/kaggle/input/cell-images-for-detecting-malaria/cell_images/Parasitized/C91P52ThinF_IMG_20150821_124937_cell_187.png,Parasitized,217,205,RGB,1,1,0,0.4262621,True,44485,Q4 (largest),0.57373786,0.5-0.6
/kaggle/input/cell-images-for-detecting-malaria/cell_images/Parasitized/C39P4thinF_original_IMG_20150622_111326_cell_1.png,Parasitized,106,100,RGB,1,1,1,0.664799,False,10600,Q1 (smallest),0.664799,0.6-0.7
/kaggle/input/cell-images-for-detecting-malaria/cell_images/Parasitized/C59P20thinF_IMG_20150803_111244_cell_183.png,Parasitized,130,127,RGB,1,1,1,0.9998909,False,16510,Q2,0.9998909,0.9-1.0
/kaggle/input/cell-images-for-detecting-malaria/cell_images/Parasitized/C91P52ThinF_IMG_20150821_124311_cell_6.png,Parasitized,208,178,RGB,1,1,1,0.8935783,False,37024,Q4 (largest),0.8935783,0.8-0.9
/kaggle/input/cell-images-for-detecting-malaria/cell_images/Uninfected/C85P46ThinF_IMG_20150820_110143_cell_111.png,Uninfected,136,127,RGB,0,0,0,0.0166043,False,17272,Q2,0.9833957,0.9-1.0
/kaggle/input/cell-images-for-detecting-malaria/cell_images/Parasitized/C99P60ThinF_IMG_20150918_140900_cell_147.png,Parasitized,178,142,RGB,1,1,1,0.9150893,False,25276,Q4 (largest),0.9150893,0.9-1.0
/kaggle/input/cell-images-for-detecting-malaria/cell_images/Uninfected/C174P135NThinF_IMG_20151127_135311_cell_122.png,Uninfected,100,106,RGB,0,0,0,0.0055011786,False,10600,Q1 (smallest),0.99449885,0.9-1.0
/kaggle/input/cell-images-for-detecting-malaria/cell_images/Uninfected/C75P36_ThinF_IMG_20150815_163059_cell_99.png,Uninfected,100,118,RGB,0,0,0,0.005570863,False,11800,Q1 (smallest),0.9944291,0.9-1.0
/kaggle/input/cell-images-for-detecting-malaria/cell_images/Uninfected/C84P45ThinF_IMG_20150818_101056_cell_15.png,Uninfected,187,115,RGB,0,0,0,0.18671471,False,21505,Q4 (largest),0.8132853,0.8-0.9
/kaggle/input/cell-images-for-detecting-malaria/cell_images/Parasitized/C60P21thinF_IMG_20150804_113011_cell_11.png,Parasitized,133,133,RGB,1,1,1,0.99660075,False,17689,Q3,0.99660075,0.9-1.0
/kaggle/input/cell-images-for-detecting-malaria/cell_images/Uninfected/C204ThinF_IMG_20151029_110627_cell_74.png,Uninfected,136,133,RGB,0,0,0,0.040118426,False,18088,Q3,0.95988154,0.9-1.0
/kaggle/input/cell-images-for-detecting-malaria/cell_images/Uninfected/C238NThinF_IMG_20151207_114653_cell_126.png,Uninfected,148,148,RGB,0,0,0,0.1513217,False,21904,Q4 (largest),0.8486783,0.8-0.9
/kaggle/input/cell-images-for-detecting-malaria/cell_images/Parasitized/C160P121ThinF_IMG_20151116_094128_cell_159.png,Parasitized,112,103,RGB,1,1,1,0.89877474,False,11536,Q1 (smallest),0.89877474,0.8-0.9
/kaggle/input/cell-images-for-detecting-malaria/cell_images/Uninfected/C240ThinF_IMG_20151127_115306_cell_75.png,Uninfected,76,82,RGB,0,0,0,0.06363522,False,6232,Q1 (smallest),0.93636477,0.9-1.0
/kaggle/input/cell-images-for-detecting-malaria/cell_images/Parasitized/C140P101ThinF_IMG_20151005_211530_cell_157.png,Parasitized,148,127,RGB,1,1,1,0.9590962,False,18796,Q3,0.9590962,0.9-1.0
/kaggle/input/cell-images-for-detecting-malaria/cell_images/Uninfected/C160P121ThinF_IMG_20151116_093748_cell_4.png,Uninfected,103,103,RGB,0,0,0,0.0959935,False,10609,Q1 (smallest),0.9040065,0.9-1.0
/kaggle/input/cell-images-for-detecting-malaria/cell_images/Uninfected/C64P25N_ThinF_IMG_20150818_152455_cell_25.png,Uninfected,148,151,RGB,0,0,0,0.003610664,False,22348,Q4 (largest),0.9963893,0.9-1.0
/kaggle/input/cell-images-for-detecting-malaria/cell_images/Uninfected/C128P89ThinF_IMG_20151004_131753_cell_49.png,Uninfected,121,121,RGB,0,0,0,0.006377304,False,14641,Q1 (smallest),0.9936227,0.9-1.0
/kaggle/input/cell-images-for-detecting-malaria/cell_images/Uninfected/C220ThinF_IMG_20151106_153947_cell_148.png,Uninfected,136,130,RGB,0,0,0,0.011351938,False,17680,Q3,0.98864806,0.9-1.0
/kaggle/input/cell-images-for-detecting-malaria/cell_images/Uninfected/C73P34_ThinF_IMG_20150815_112246_cell_92.png,Uninfected,133,154,RGB,0,0,0,0.005465486,False,20482,Q4 (largest),0.9945345,0.9-1.0
/kaggle/input/cell-images-for-detecting-malaria/cell_images/Uninfected/C179P140ThinF_IMG_20151127_153350_cell_115.png,Uninfected,127,139,RGB,0,0,0,0.029510753,False,17653,Q3,0.97048926,0.9-1.0
/kaggle/input/cell-images-for-detecting-malaria/cell_images/Uninfected/C208ThinF_IMG_20151029_155827_cell_31.png,Uninfected,139,130,RGB,0,0,0,0.001632486,False,18070,Q3,0.9983675,0.9-1.0
/kaggle/input/cell-images-for-detecting-malaria/cell_images/Parasitized/C97P58ThinF_IMG_20150917_151903_cell_14.png,Parasitized,100,163,RGB,1,1,1,0.98215866,False,16300,Q2,0.98215866,0.9-1.0
/kaggle/input/cell-images-for-detecting-malaria/cell_images/Uninfected/C68P29N_ThinF_IMG_20150819_134112_cell_99.png,Uninfected,148,142,RGB,0,0,1,0.63614666,True,21016,Q4 (largest),0.63614666,0.6-0.7
/kaggle/input/cell-images-for-detecting-malaria/cell_images/Uninfected/C206ThinF_IMG_20151029_140917_cell_192.png,Uninfected,169,154,RGB,0,0,1,0.98726565,True,26026,Q4 (largest),0.98726565,0.9-1.0
/kaggle/input/cell-images-for-detecting-malaria/cell_images/Parasitized/C189P150ThinF_IMG_20151203_141901_cell_79.png,Parasitized,97,112,RGB,1,1,1,0.9997607,False,10864,Q1 (smallest),0.9997607,0.9-1.0
/kaggle/input/cell-images-for-detecting-malaria/cell_images/Parasitized/C180P141NThinF_IMG_20151201_165453_cell_37.png,Parasitized,121,160,RGB,1,1,1,0.9346964,False,19360,Q3,0.9346964,0.9-1.0
/kaggle/input/cell-images-for-detecting-malaria/cell_images/Parasitized/C82P43ThinF_IMG_20150817_124010_cell_203.png,Parasitized,160,127,RGB,1,1,1,0.99885905,False,20320,Q4 (largest),0.99885905,0.9-1.0
/kaggle/input/cell-images-for-detecting-malaria/cell_images/Parasitized/C82P43ThinF_IMG_20150817_125326_cell_15.png,Parasitized,145,166,RGB,1,1,1,0.98851717,False,24070,Q4 (largest),0.98851717,0.9-1.0
/kaggle/input/cell-images-for-detecting-malaria/cell_images/Uninfected/C141P102ThinF_IMG_20151005_214033_cell_105.png,Uninfected,127,136,RGB,0,0,0,0.002422521,False,17272,Q2,0.9975775,0.9-1.0
/kaggle/input/cell-images-for-detecting-malaria/cell_images/Uninfected/C97P58ThinF_IMG_20150917_151512_cell_7.png,Uninfected,118,130,RGB,0,0,0,0.005057468,False,15340,Q2,0.99494255,0.9-1.0
/kaggle/input/cell-images-for-detecting-malaria/cell_images/Uninfected/C104P65ThinF_IMG_20150918_172214_cell_153.png,Uninfected,133,154,RGB,0,0,0,0.0017370873,False,20482,Q4 (largest),0.99826294,0.9-1.0
/kaggle/input/cell-images-for-detecting-malaria/cell_images/Uninfected/C165P126ThinF_IMG_20151117_171646_cell_84.png,Uninfected,130,136,RGB,0,0,0,0.09124638,False,17680,Q3,0.90875363,0.9-1.0
/kaggle/input/cell-images-for-detecting-malaria/cell_images/Parasitized/C80P41ThinF_IMG_20150817_111121_cell_149.png,Parasitized,118,133,RGB,1,1,1,0.96425545,False,15694,Q2,0.96425545,0.9-1.0
/kaggle/input/cell-images-for-detecting-malaria/cell_images/Uninfected/C152P113ThinF_IMG_20151115_124217_cell_16.png,Uninfected,130,127,RGB,0,0,0,0.0004225393,False,16510,Q2,0.99957746,0.9-1.0
/kaggle/input/cell-images-for-detecting-malaria/cell_images/Parasitized/C180P141NThinF_IMG_20151201_165528_cell_154.png,Parasitized,148,142,RGB,1,1,1,0.99947405,False,21016,Q4 (largest),0.99947405,0.9-1.0
/kaggle/input/cell-images-for-detecting-malaria/cell_images/Uninfected/C147P108ThinF_IMG_20151115_101156_cell_158.png,Uninfected,139,136,RGB,0,0,0,9.844482e-05,False,18904,Q3,0.99990153,0.9-1.0
/kaggle/input/cell-images-for-detecting-malaria/cell_images/Parasitized/C132P93ThinF_IMG_20151004_152642_cell_27.png,Parasitized,106,121,RGB,1,1,1,0.99984884,False,12826,Q1 (smallest),0.99984884,0.9-1.0
/kaggle/input/cell-images-for-detecting-malaria/cell_images/Uninfected/C152P113ThinF_IMG_20151115_124557_cell_29.png,Uninfected,121,115,RGB,0,0,0,0.04294627,False,13915,Q1 (smallest),0.9570537,0.9-1.0
/kaggle/input/cell-images-for-detecting-malaria/cell_images/Uninfected/C42P5thin_original_IMG_20150623_134919_cell_25.png,Uninfected,121,127,RGB,0,0,0,0.0034342112,False,15367,Q2,0.99656576,0.9-1.0
/kaggle/input/cell-images-for-detecting-malaria/cell_images/Uninfected/C125P86ThinF_IMG_20151004_102205_cell_58.png,Uninfected,142,145,RGB,0,0,0,0.0069434666,False,20590,Q4 (largest),0.99305654,0.9-1.0
/kaggle/input/cell-images-for-detecting-malaria/cell_images/Parasitized/C87P48ThinF_IMG_20150820_144855_cell_187.png,Parasitized,106,130,RGB,1,1,1,0.9995703,False,13780,Q1 (smallest),0.9995703,0.9-1.0
/kaggle/input/cell-images-for-detecting-malaria/cell_images/Parasitized/C137P98ThinF_IMG_20151005_162010_cell_88.png,Parasitized,103,106,RGB,1,1,1,0.9876715,False,10918,Q1 (smallest),0.9876715,0.9-1.0
/kaggle/input/cell-images-for-detecting-malaria/cell_images/Uninfected/C131P92ThinF_IMG_20151004_145410_cell_81.png,Uninfected,118,130,RGB,0,0,0,0.0014785237,False,15340,Q2,0.99852145,0.9-1.0
/kaggle/input/cell-images-for-detecting-malaria/cell_images/Parasitized/C144P105ThinF_IMG_20151015_160529_cell_273.png,Parasitized,136,133,RGB,1,1,1,0.8927175,False,18088,Q3,0.8927175,0.8-0.9
/kaggle/input/cell-images-for-detecting-malaria/cell_images/Uninfected/C85P46ThinF_IMG_20150820_110040_cell_190.png,Uninfected,142,130,RGB,0,0,0,0.034736887,False,18460,Q3,0.9652631,0.9-1.0
/kaggle/input/cell-images-for-detecting-malaria/cell_images/Uninfected/C224ThinF_IMG_20151112_112834_cell_239.png,Uninfected,118,133,RGB,0,0,0,0.0019524354,False,15694,Q2,0.9980476,0.9-1.0
/kaggle/input/cell-images-for-detecting-malaria/cell_images/Parasitized/C116P77ThinF_IMG_20150930_171635_cell_100.png,Parasitized,115,124,RGB,1,1,0,0.40564984,True,14260,Q1 (smallest),0.59435016,0.5-0.6
/kaggle/input/cell-images-for-detecting-malaria/cell_images/Uninfected/C83P44ThinF_IMG_20150817_133355_cell_147.png,Uninfected,145,154,RGB,0,0,0,0.0012382913,False,22330,Q4 (largest),0.9987617,0.9-1.0
/kaggle/input/cell-images-for-detecting-malaria/cell_images/Uninfected/C132P93ThinF_IMG_20151004_152505_cell_106.png,Uninfected,118,130,RGB,0,0,0,0.003963974,False,15340,Q2,0.99603605,0.9-1.0
/kaggle/input/cell-images-for-detecting-malaria/cell_images/Parasitized/C117P78ThinF_IMG_20150930_214941_cell_78.png,Parasitized,154,136,RGB,1,1,1,0.9989225,False,20944,Q4 (largest),0.9989225,0.9-1.0
/kaggle/input/cell-images-for-detecting-malaria/cell_images/Parasitized/C184P145ThinF_IMG_20151203_102405_cell_166.png,Parasitized,187,154,RGB,1,1,1,0.99638605,False,28798,Q4 (largest),0.99638605,0.9-1.0
/kaggle/input/cell-images-for-detecting-malaria/cell_images/Parasitized/C39P4thinF_original_IMG_20150622_111723_cell_76.png,Parasitized,136,121,RGB,1,1,1,0.7463436,False,16456,Q2,0.7463436,0.7-0.8
/kaggle/input/cell-images-for-detecting-malaria/cell_images/Parasitized/C136P97ThinF_IMG_20151005_141321_cell_95.png,Parasitized,121,133,RGB,1,1,1,0.99527127,False,16093,Q2,0.99527127,0.9-1.0
/kaggle/input/cell-images-for-detecting-malaria/cell_images/Uninfected/C158P119ThinF_IMG_20151115_181558_cell_42.png,Uninfected,142,136,RGB,0,0,0,0.012557455,False,19312,Q3,0.98744255,0.9-1.0
/kaggle/input/cell-images-for-detecting-malaria/cell_images/Parasitized/C172P133ThinF_IMG_20151119_155019_cell_237.png,Parasitized,148,133,RGB,1,1,1,0.99559736,False,19684,Q3,0.99559736,0.9-1.0
/kaggle/input/cell-images-for-detecting-malaria/cell_images/Uninfected/C63P24N_ThinF_IMG_20150818_143544_cell_92.png,Uninfected,151,133,RGB,0,0,0,0.17704056,False,20083,Q3,0.8229594,0.8-0.9
/kaggle/input/cell-images-for-detecting-malaria/cell_images/Parasitized/C74P35_ThinF_IMG_20150815_114555_cell_131.png,Parasitized,151,148,RGB,1,1,0,0.39137757,True,22348,Q4 (largest),0.60862243,0.6-0.7
/kaggle/input/cell-images-for-detecting-malaria/cell_images/Parasitized/C184P145ThinF_IMG_20151203_103637_cell_188.png,Parasitized,112,148,RGB,1,1,1,0.99963653,False,16576,Q2,0.99963653,0.9-1.0
/kaggle/input/cell-images-for-detecting-malaria/cell_images/Uninfected/C185P146ThinF_IMG_20151203_111121_cell_103.png,Uninfected,109,106,RGB,0,0,0,0.044436485,False,11554,Q1 (smallest),0.95556355,0.9-1.0
/kaggle/input/cell-images-for-detecting-malaria/cell_images/Uninfected/C188P149ThinF_IMG_20151203_134209_cell_138.png,Uninfected,121,133,RGB,0,0,0,0.00075037975,False,16093,Q2,0.99924964,0.9-1.0
/kaggle/input/cell-images-for-detecting-malaria/cell_images/Uninfected/C46P7ThinF_IMG_20151130_210843_cell_42.png,Uninfected,103,88,RGB,0,0,0,0.02826527,False,9064,Q1 (smallest),0.9717347,0.9-1.0
/kaggle/input/cell-images-for-detecting-malaria/cell_images/Uninfected/C57P18thinF_IMG_20150729_110305_cell_210.png,Uninfected,133,115,RGB,0,0,0,0.001080819,False,15295,Q2,0.9989192,0.9-1.0
/kaggle/input/cell-images-for-detecting-malaria/cell_images/Uninfected/C177P138NThinF_IMG_20151201_144820_cell_2.png,Uninfected,100,100,RGB,0,0,0,0.0022795778,False,10000,Q1 (smallest),0.9977204,0.9-1.0
/kaggle/input/cell-images-for-detecting-malaria/cell_images/Uninfected/C73P34_ThinF_IMG_20150815_112246_cell_49.png,Uninfected,133,136,RGB,0,0,0,0.0028952209,False,18088,Q3,0.99710476,0.9-1.0
/kaggle/input/cell-images-for-detecting-malaria/cell_images/Uninfected/C135P96ThinF_IMG_20151005_123715_cell_121.png,Uninfected,142,154,RGB,0,0,0,0.0016261294,False,21868,Q4 (largest),0.99837387,0.9-1.0
/kaggle/input/cell-images-for-detecting-malaria/cell_images/Uninfected/C160P121ThinF_IMG_20151116_094509_cell_133.png,Uninfected,118,136,RGB,0,0,0,0.03996644,False,16048,Q2,0.96003354,0.9-1.0
/kaggle/input/cell-images-for-detecting-malaria/cell_images/Uninfected/C183P144NThinF_IMG_20151201_223431_cell_2.png,Uninfected,109,97,RGB,0,0,0,0.14469497,False,10573,Q1 (smallest),0.855305,0.8-0.9
/kaggle/input/cell-images-for-detecting-malaria/cell_images/Uninfected/C167P128ReThinF_IMG_20151201_105707_cell_1.png,Uninfected,115,100,RGB,0,0,0,0.13446403,False,11500,Q1 (smallest),0.865536,0.8-0.9
/kaggle/input/cell-images-for-detecting-malaria/cell_images/Parasitized/C129P90ThinF_IMG_20151004_133921_cell_111.png,Parasitized,139,118,RGB,1,1,1,0.9992924,False,16402,Q2,0.9992924,0.9-1.0
/kaggle/input/cell-images-for-detecting-malaria/cell_images/Parasitized/C39P4thinF_original_IMG_20150622_113842_cell_27.png,Parasitized,136,133,RGB,1,1,1,0.9915673,False,18088,Q3,0.9915673,0.9-1.0
/kaggle/input/cell-images-for-detecting-malaria/cell_images/Parasitized/C144P105ThinF_IMG_20151015_160908_cell_281.png,Parasitized,130,130,RGB,1,1,1,0.5256885,False,16900,Q2,0.5256885,0.5-0.6
/kaggle/input/cell-images-for-detecting-malaria/cell_images/Parasitized/C137P98ThinF_IMG_20151005_163251_cell_73.png,Parasitized,121,106,RGB,1,1,1,0.9118396,False,12826,Q1 (smallest),0.9118396,0.9-1.0
/kaggle/input/cell-images-for-detecting-malaria/cell_images/Parasitized/C50P11thinF_IMG_20150724_115651_cell_190.png,Parasitized,130,127,RGB,1,1,1,0.974553,False,16510,Q2,0.974553,0.9-1.0
/kaggle/input/cell-images-for-detecting-malaria/cell_images/Parasitized/C67P28N_ThinF_IMG_20150819_132441_cell_176.png,Parasitized,118,127,RGB,1,1,1,0.9925138,False,14986,Q2,0.9925138,0.9-1.0
/kaggle/input/cell-images-for-detecting-malaria/cell_images/Uninfected/C96P57ThinF_IMG_20150824_112132_cell_124.png,Uninfected,148,142,RGB,0,0,0,0.005822225,False,21016,Q4 (largest),0.99417776,0.9-1.0
/kaggle/input/cell-images-for-detecting-malaria/cell_images/Parasitized/C186P147NThinF_IMG_20151203_150557_cell_178.png,Parasitized,139,136,RGB,1,1,1,0.99845076,False,18904,Q3,0.99845076,0.9-1.0
/kaggle/input/cell-images-for-detecting-malaria/cell_images/Parasitized/C46P7ThinF_IMG_20151130_210938_cell_164.png,Parasitized,100,127,RGB,1,1,1,0.9999981,False,12700,Q1 (smallest),0.9999981,0.9-1.0
/kaggle/input/cell-images-for-detecting-malaria/cell_images/Uninfected/C96P57ThinF_IMG_20150824_112442_cell_156.png,Uninfected,163,130,RGB,0,0,0,0.0064660134,False,21190,Q4 (largest),0.99353397,0.9-1.0
/kaggle/input/cell-images-for-detecting-malaria/cell_images/Parasitized/C68P29N_ThinF_IMG_20150819_133447_cell_177.png,Parasitized,154,121,RGB,1,1,1,0.9981065,False,18634,Q3,0.9981065,0.9-1.0
/kaggle/input/cell-images-for-detecting-malaria/cell_images/Uninfected/C109P70ThinF_IMG_20150930_103811_cell_114.png,Uninfected,109,115,RGB,0,0,0,0.0018861541,False,12535,Q1 (smallest),0.9981139,0.9-1.0
/kaggle/input/cell-images-for-detecting-malaria/cell_images/Parasitized/C133P94ThinF_IMG_20151004_155518_cell_122.png,Parasitized,133,118,RGB,1,1,1,0.9996582,False,15694,Q2,0.9996582,0.9-1.0
/kaggle/input/cell-images-for-detecting-malaria/cell_images/Parasitized/C137P98ThinF_IMG_20151005_160122_cell_72.png,Parasitized,130,115,RGB,1,1,1,0.99873596,False,14950,Q2,0.99873596,0.9-1.0
/kaggle/input/cell-images-for-detecting-malaria/cell_images/Parasitized/C156P117ThinF_IMG_20151115_154313_cell_274.png,Parasitized,136,130,RGB,1,1,1,0.9991235,False,17680,Q3,0.9991235,0.9-1.0
/kaggle/input/cell-images-for-detecting-malaria/cell_images/Uninfected/C48P9thinF_IMG_20150721_160406_cell_183.png,Uninfected,124,121,RGB,0,0,0,0.012163637,False,15004,Q2,0.98783636,0.9-1.0
/kaggle/input/cell-images-for-detecting-malaria/cell_images/Uninfected/C210ThinF_IMG_20151029_162439_cell_75.png,Uninfected,112,109,RGB,0,0,0,0.00076354,False,12208,Q1 (smallest),0.99923646,0.9-1.0
/kaggle/input/cell-images-for-detecting-malaria/cell_images/Uninfected/C49P10thinF_IMG_20150724_102330_cell_152.png,Uninfected,142,136,RGB,0,0,0,0.004986988,False,19312,Q3,0.995013,0.9-1.0
/kaggle/input/cell-images-for-detecting-malaria/cell_images/Uninfected/C92P53ThinF_IMG_20150821_151646_cell_142.png,Uninfected,157,190,RGB,0,0,0,0.001528262,False,29830,Q4 (largest),0.99847174,0.9-1.0
/kaggle/input/cell-images-for-detecting-malaria/cell_images/Parasitized/C101P62ThinF_IMG_20150923_165215_cell_8.png,Parasitized,139,157,RGB,1,1,1,0.99996865,False,21823,Q4 (largest),0.99996865,0.9-1.0
/kaggle/input/cell-images-for-detecting-malaria/cell_images/Uninfected/C4thin_original_IMG_20150608_165908_cell_191.png,Uninfected,148,148,RGB,0,0,0,0.0006030185,False,21904,Q4 (largest),0.999397,0.9-1.0
/kaggle/input/cell-images-for-detecting-malaria/cell_images/Parasitized/C81P42ThinF_IMG_20150817_120351_cell_181.png,Parasitized,142,130,RGB,1,1,1,0.99716586,False,18460,Q3,0.99716586,0.9-1.0
/kaggle/input/cell-images-for-detecting-malaria/cell_images/Parasitized/C124P85ThinF_IMG_20151002_154502_cell_158.png,Parasitized,130,121,RGB,1,1,1,0.93068755,False,15730,Q2,0.93068755,0.9-1.0
/kaggle/input/cell-images-for-detecting-malaria/cell_images/Uninfected/C125P86ThinF_IMG_20151004_101929_cell_83.png,Uninfected,160,133,RGB,0,0,0,0.01029827,False,21280,Q4 (largest),0.98970175,0.9-1.0
/kaggle/input/cell-images-for-detecting-malaria/cell_images/Parasitized/C180P141NThinF_IMG_20151201_163702_cell_192.png,Parasitized,139,154,RGB,1,1,1,0.98680633,False,21406,Q4 (largest),0.98680633,0.9-1.0
/kaggle/input/cell-images-for-detecting-malaria/cell_images/Parasitized/C188P149ThinF_IMG_20151203_134209_cell_206.png,Parasitized,127,145,RGB,1,1,1,0.99813807,False,18415,Q3,0.99813807,0.9-1.0
/kaggle/input/cell-images-for-detecting-malaria/cell_images/Parasitized/C60P21thinF_IMG_20150804_113602_cell_119.png,Parasitized,145,154,RGB,1,1,1,0.78897107,False,22330,Q4 (largest),0.78897107,0.7-0.8
/kaggle/input/cell-images-for-detecting-malaria/cell_images/Uninfected/C4thin_original_IMG_20150608_165620_cell_39.png,Uninfected,151,121,RGB,0,0,0,0.0012082866,False,18271,Q3,0.9987917,0.9-1.0
/kaggle/input/cell-images-for-detecting-malaria/cell_images/Parasitized/C59P20thinF_IMG_20150803_112858_cell_168.png,Parasitized,133,136,RGB,1,1,1,0.99956506,False,18088,Q3,0.99956506,0.9-1.0
/kaggle/input/cell-images-for-detecting-malaria/cell_images/Parasitized/C182P143NThinF_IMG_20151201_171836_cell_179.png,Parasitized,88,103,RGB,1,1,1,0.99758923,False,9064,Q1 (smallest),0.99758923,0.9-1.0
/kaggle/input/cell-images-for-detecting-malaria/cell_images/Uninfected/C174P135NThinF_IMG_20151127_135640_cell_131.png,Uninfected,127,115,RGB,0,0,0,0.00136635,False,14605,Q1 (smallest),0.9986336,0.9-1.0
/kaggle/input/cell-images-for-detecting-malaria/cell_images/Uninfected/C74P35_ThinF_IMG_20150815_120957_cell_22.png,Uninfected,136,154,RGB,0,0,0,0.002959156,False,20944,Q4 (largest),0.99704087,0.9-1.0
/kaggle/input/cell-images-for-detecting-malaria/cell_images/Parasitized/C99P60ThinF_IMG_20150918_142334_cell_15.png,Parasitized,124,142,RGB,1,1,1,0.9991748,False,17608,Q3,0.9991748,0.9-1.0
/kaggle/input/cell-images-for-detecting-malaria/cell_images/Uninfected/C186P147NThinF_IMG_20151203_150808_cell_62.png,Uninfected,160,136,RGB,0,0,0,0.026090913,False,21760,Q4 (largest),0.9739091,0.9-1.0
/kaggle/input/cell-images-for-detecting-malaria/cell_images/Parasitized/C180P141NThinF_IMG_20151201_163751_cell_176.png,Parasitized,133,139,RGB,1,1,1,0.9633491,False,18487,Q3,0.9633491,0.9-1.0
/kaggle/input/cell-images-for-detecting-malaria/cell_images/Parasitized/C84P45ThinF_IMG_20150818_101226_cell_95.png,Parasitized,115,100,RGB,1,1,1,0.99370486,False,11500,Q1 (smallest),0.99370486,0.9-1.0
/kaggle/input/cell-images-for-detecting-malaria/cell_images/Uninfected/C126P87ThinF_IMG_20151004_104408_cell_132.png,Uninfected,85,91,RGB,0,0,0,0.20524524,False,7735,Q1 (smallest),0.79475474,0.7-0.8
/kaggle/input/cell-images-for-detecting-malaria/cell_images/Parasitized/C78P39ThinF_IMG_20150606_103459_cell_171.png,Parasitized,109,121,RGB,1,1,1,0.99887425,False,13189,Q1 (smallest),0.99887425,0.9-1.0
/kaggle/input/cell-images-for-detecting-malaria/cell_images/Uninfected/C219ThinF_IMG_20151106_150027_cell_49.png,Uninfected,148,127,RGB,0,0,0,0.0006060171,False,18796,Q3,0.999394,0.9-1.0
/kaggle/input/cell-images-for-detecting-malaria/cell_images/Parasitized/C148P109ThinF_IMG_20151115_112333_cell_247.png,Parasitized,118,139,RGB,1,1,1,0.9917446,False,16402,Q2,0.9917446,0.9-1.0
/kaggle/input/cell-images-for-detecting-malaria/cell_images/Uninfected/C170P131ThinF_IMG_20151119_120019_cell_118.png,Uninfected,136,136,RGB,0,0,0,0.00061368034,False,18496,Q3,0.9993863,0.9-1.0
/kaggle/input/cell-images-for-detecting-malaria/cell_images/Parasitized/C120P81ThinF_IMG_20151002_130150_cell_201.png,Parasitized,94,166,RGB,1,1,1,0.99295515,False,15604,Q2,0.99295515,0.9-1.0
/kaggle/input/cell-images-for-detecting-malaria/cell_images/Uninfected/C144P105ThinF_IMG_20151015_160908_cell_55.png,Uninfected,115,115,RGB,0,0,0,0.00066577434,False,13225,Q1 (smallest),0.9993342,0.9-1.0
/kaggle/input/cell-images-for-detecting-malaria/cell_images/Parasitized/C91P52ThinF_IMG_20150821_124937_cell_186.png,Parasitized,214,151,RGB,1,1,1,0.9971796,False,32314,Q4 (largest),0.9971796,0.9-1.0
/kaggle/input/cell-images-for-detecting-malaria/cell_images/Parasitized/C59P20thinF_IMG_20150803_113051_cell_162.png,Parasitized,136,118,RGB,1,1,1,0.77348346,False,16048,Q2,0.77348346,0.7-0.8
/kaggle/input/cell-images-for-detecting-malaria/cell_images/Parasitized/C182P143NThinF_IMG_20151201_172842_cell_10.png,Parasitized,112,118,RGB,1,1,1,0.9988751,False,13216,Q1 (smallest),0.9988751,0.9-1.0
/kaggle/input/cell-images-for-detecting-malaria/cell_images/Uninfected/C174P135NThinF_IMG_20151127_135554_cell_45.png,Uninfected,130,112,RGB,0,0,0,0.0022985076,False,14560,Q1 (smallest),0.99770147,0.9-1.0
/kaggle/input/cell-images-for-detecting-malaria/cell_images/Uninfected/C171P132ThinF_IMG_20151119_153347_cell_93.png,Uninfected,130,136,RGB,0,0,0,0.004903118,False,17680,Q3,0.99509686,0.9-1.0
/kaggle/input/cell-images-for-detecting-malaria/cell_images/Parasitized/C91P52ThinF_IMG_20150821_124937_cell_208.png,Parasitized,172,160,RGB,1,1,1,0.8537571,False,27520,Q4 (largest),0.8537571,0.8-0.9
/kaggle/input/cell-images-for-detecting-malaria/cell_images/Uninfected/C46P7ThinF_IMG_20151130_210123_cell_115.png,Uninfected,124,121,RGB,0,0,0,0.037167445,False,15004,Q2,0.96283257,0.9-1.0
/kaggle/input/cell-images-for-detecting-malaria/cell_images/Uninfected/C213ThinF_IMG_20151106_112853_cell_12.png,Uninfected,133,133,RGB,0,0,0,0.0044378564,False,17689,Q3,0.99556214,0.9-1.0
/kaggle/input/cell-images-for-detecting-malaria/cell_images/Parasitized/C136P97ThinF_IMG_20151005_142627_cell_6.png,Parasitized,115,115,RGB,1,1,1,0.99383765,False,13225,Q1 (smallest),0.99383765,0.9-1.0
/kaggle/input/cell-images-for-detecting-malaria/cell_images/Uninfected/C139P100ThinF_IMG_20151005_182410_cell_87.png,Uninfected,160,148,RGB,0,0,0,0.0022870307,False,23680,Q4 (largest),0.99771297,0.9-1.0
/kaggle/input/cell-images-for-detecting-malaria/cell_images/Uninfected/C182P143NThinF_IMG_20151201_171905_cell_46.png,Uninfected,103,100,RGB,0,0,0,0.06606119,False,10300,Q1 (smallest),0.9339388,0.9-1.0
/kaggle/input/cell-images-for-detecting-malaria/cell_images/Parasitized/C167P128ReThinF_IMG_20151201_105354_cell_242.png,Parasitized,112,100,RGB,1,1,1,0.8285848,False,11200,Q1 (smallest),0.8285848,0.8-0.9
/kaggle/input/cell-images-for-detecting-malaria/cell_images/Parasitized/C66P27N_ThinF_IMG_20150818_164754_cell_204.png,Parasitized,118,136,RGB,1,1,1,0.99277616,False,16048,Q2,0.99277616,0.9-1.0
/kaggle/input/cell-images-for-detecting-malaria/cell_images/Uninfected/C144P105ThinF_IMG_20151015_160908_cell_104.png,Uninfected,148,139,RGB,0,0,0,0.0009763577,False,20572,Q4 (largest),0.9990236,0.9-1.0
/kaggle/input/cell-images-for-detecting-malaria/cell_images/Parasitized/C68P29N_ThinF_IMG_20150819_133350_cell_160.png,Parasitized,115,145,RGB,1,1,1,0.99970156,False,16675,Q2,0.99970156,0.9-1.0
/kaggle/input/cell-images-for-detecting-malaria/cell_images/Uninfected/C12NThinF_IMG_20150614_124244_cell_229.png,Uninfected,124,130,RGB,0,0,0,0.0006844475,False,16120,Q2,0.99931556,0.9-1.0
/kaggle/input/cell-images-for-detecting-malaria/cell_images/Uninfected/C146P107ThinF_IMG_20151018_140044_cell_142.png,Uninfected,133,121,RGB,0,0,0,0.034229197,False,16093,Q2,0.9657708,0.9-1.0
/kaggle/input/cell-images-for-detecting-malaria/cell_images/Parasitized/C80P41ThinF_IMG_20150817_110834_cell_134.png,Parasitized,160,148,RGB,1,1,1,0.9962506,False,23680,Q4 (largest),0.9962506,0.9-1.0
/kaggle/input/cell-images-for-detecting-malaria/cell_images/Uninfected/C217ThinF_IMG_20151106_141649_cell_24.png,Uninfected,166,106,RGB,0,0,1,0.5982106,True,17596,Q3,0.5982106,0.5-0.6
/kaggle/input/cell-images-for-detecting-malaria/cell_images/Uninfected/C128P89ThinF_IMG_20151004_131753_cell_93.png,Uninfected,103,103,RGB,0,0,0,0.008429606,False,10609,Q1 (smallest),0.9915704,0.9-1.0
/kaggle/input/cell-images-for-detecting-malaria/cell_images/Parasitized/C97P58ThinF_IMG_20150917_152437_cell_8.png,Parasitized,130,178,RGB,1,1,1,0.9805683,False,23140,Q4 (largest),0.9805683,0.9-1.0
/kaggle/input/cell-images-for-detecting-malaria/cell_images/Uninfected/C67P28N_ThinF_IMG_20150819_121456_cell_150.png,Uninfected,220,178,RGB,0,0,0,0.11067085,False,39160,Q4 (largest),0.88932914,0.8-0.9
/kaggle/input/cell-images-for-detecting-malaria/cell_images/Uninfected/C81P42ThinF_IMG_20150817_120524_cell_72.png,Uninfected,184,118,RGB,0,0,0,0.008970512,False,21712,Q4 (largest),0.9910295,0.9-1.0
/kaggle/input/cell-images-for-detecting-malaria/cell_images/Parasitized/C179P140ThinF_IMG_20151127_153852_cell_175.png,Parasitized,151,136,RGB,1,1,1,0.99735487,False,20536,Q4 (largest),0.99735487,0.9-1.0
/kaggle/input/cell-images-for-detecting-malaria/cell_images/Parasitized/C180P141NThinF_IMG_20151201_163848_cell_149.png,Parasitized,127,148,RGB,1,1,1,0.99042505,False,18796,Q3,0.99042505,0.9-1.0
/kaggle/input/cell-images-for-detecting-malaria/cell_images/Uninfected/C207ThinF_IMG_20151029_144033_cell_199.png,Uninfected,145,178,RGB,0,0,1,0.5003961,True,25810,Q4 (largest),0.5003961,0.5-0.6
/kaggle/input/cell-images-for-detecting-malaria/cell_images/Parasitized/C128P89ThinF_IMG_20151004_131129_cell_154.png,Parasitized,109,100,RGB,1,1,1,0.9996744,False,10900,Q1 (smallest),0.9996744,0.9-1.0
/kaggle/input/cell-images-for-detecting-malaria/cell_images/Parasitized/C154P115ThinF_IMG_20151115_141837_cell_203.png,Parasitized,136,139,RGB,1,1,1,0.99083906,False,18904,Q3,0.99083906,0.9-1.0
/kaggle/input/cell-images-for-detecting-malaria/cell_images/Uninfected/C155P116ThinF_IMG_20151115_142836_cell_190.png,Uninfected,112,124,RGB,0,0,0,0.033435307,False,13888,Q1 (smallest),0.9665647,0.9-1.0
/kaggle/input/cell-images-for-detecting-malaria/cell_images/Parasitized/C99P60ThinF_IMG_20150918_141129_cell_157.png,Parasitized,142,139,RGB,1,1,1,0.9324872,False,19738,Q3,0.9324872,0.9-1.0
/kaggle/input/cell-images-for-detecting-malaria/cell_images/Parasitized/C70P31_ThinF_IMG_20150813_132732_cell_4.png,Parasitized,133,109,RGB,1,1,1,0.99616486,False,14497,Q1 (smallest),0.99616486,0.9-1.0
/kaggle/input/cell-images-for-detecting-malaria/cell_images/Parasitized/C184P145ThinF_IMG_20151203_103637_cell_144.png,Parasitized,124,166,RGB,1,1,1,0.8861047,False,20584,Q4 (largest),0.8861047,0.8-0.9
/kaggle/input/cell-images-for-detecting-malaria/cell_images/Uninfected/C42P5thin_original_IMG_20150623_135746_cell_22.png,Uninfected,130,115,RGB,0,0,0,0.0030441743,False,14950,Q2,0.9969558,0.9-1.0
/kaggle/input/cell-images-for-detecting-malaria/cell_images/Parasitized/C81P42ThinF_IMG_20150817_120351_cell_185.png,Parasitized,130,115,RGB,1,1,1,0.9890225,False,14950,Q2,0.9890225,0.9-1.0
/kaggle/input/cell-images-for-detecting-malaria/cell_images/Parasitized/C59P20thinF_IMG_20150803_111244_cell_204.png,Parasitized,133,139,RGB,1,1,1,0.98943067,False,18487,Q3,0.98943067,0.9-1.0
/kaggle/input/cell-images-for-detecting-malaria/cell_images/Uninfected/C87P48ThinF_IMG_20150820_141913_cell_165.png,Uninfected,169,145,RGB,0,0,1,0.97046965,True,24505,Q4 (largest),0.97046965,0.9-1.0
/kaggle/input/cell-images-for-detecting-malaria/cell_images/Parasitized/C117P78ThinF_IMG_20150930_214317_cell_102.png,Parasitized,148,136,RGB,1,1,0,0.11067653,True,20128,Q3,0.8893235,0.8-0.9
/kaggle/input/cell-images-for-detecting-malaria/cell_images/Parasitized/C37BP2_thinF_IMG_20150620_131423a_cell_92.png,Parasitized,139,139,RGB,1,1,1,0.9999007,False,19321,Q3,0.9999007,0.9-1.0
/kaggle/input/cell-images-for-detecting-malaria/cell_images/Uninfected/C170P131ThinF_IMG_20151119_120233_cell_174.png,Uninfected,136,124,RGB,0,0,0,0.0010807918,False,16864,Q2,0.9989192,0.9-1.0
/kaggle/input/cell-images-for-detecting-malaria/cell_images/Uninfected/C146P107ThinF_IMG_20151018_134554_cell_49.png,Uninfected,154,127,RGB,0,0,0,0.050885163,False,19558,Q3,0.94911486,0.9-1.0
/kaggle/input/cell-images-for-detecting-malaria/cell_images/Parasitized/C97P58ThinF_IMG_20150917_151320_cell_151.png,Parasitized,154,163,RGB,1,1,1,0.9748068,False,25102,Q4 (largest),0.9748068,0.9-1.0
/kaggle/input/cell-images-for-detecting-malaria/cell_images/Uninfected/C104P65ThinF_IMG_20150918_172537_cell_53.png,Uninfected,151,154,RGB,0,0,0,0.0012397569,False,23254,Q4 (largest),0.9987602,0.9-1.0
/kaggle/input/cell-images-for-detecting-malaria/cell_images/Uninfected/C61P22N_ThinF_IMG_20150818_112518_cell_11.png,Uninfected,133,133,RGB,0,0,0,0.0076840506,False,17689,Q3,0.99231595,0.9-1.0
/kaggle/input/cell-images-for-detecting-malaria/cell_images/Uninfected/C94P55ThinF_IMG_20150821_170021_cell_23.png,Uninfected,112,97,RGB,0,0,0,0.18717757,False,10864,Q1 (smallest),0.81282246,0.8-0.9
/kaggle/input/cell-images-for-detecting-malaria/cell_images/Parasitized/C137P98ThinF_IMG_20151005_162648_cell_8.png,Parasitized,121,130,RGB,1,1,1,0.9924331,False,15730,Q2,0.9924331,0.9-1.0
/kaggle/input/cell-images-for-detecting-malaria/cell_images/Parasitized/C68P29N_ThinF_IMG_20150819_134504_cell_157.png,Parasitized,139,151,RGB,1,1,1,0.9999653,False,20989,Q4 (largest),0.9999653,0.9-1.0
/kaggle/input/cell-images-for-detecting-malaria/cell_images/Parasitized/C59P20thinF_IMG_20150803_113430_cell_38.png,Parasitized,118,127,RGB,1,1,1,0.9973406,False,14986,Q2,0.9973406,0.9-1.0
/kaggle/input/cell-images-for-detecting-malaria/cell_images/Uninfected/C126P87ThinF_IMG_20151004_104441_cell_98.png,Uninfected,115,121,RGB,0,0,0,0.008038326,False,13915,Q1 (smallest),0.99196166,0.9-1.0
/kaggle/input/cell-images-for-detecting-malaria/cell_images/Parasitized/C175P136NThinF_IMG_20151127_141428_cell_229.png,Parasitized,136,133,RGB,1,1,1,0.9876531,False,18088,Q3,0.9876531,0.9-1.0
/kaggle/input/cell-images-for-detecting-malaria/cell_images/Parasitized/C180P141NThinF_IMG_20151201_163702_cell_181.png,Parasitized,127,127,RGB,1,1,1,0.9962417,False,16129,Q2,0.9962417,0.9-1.0
/kaggle/input/cell-images-for-detecting-malaria/cell_images/Parasitized/C68P29N_ThinF_IMG_20150819_134326_cell_160.png,Parasitized,193,211,RGB,1,1,1,0.9999939,False,40723,Q4 (largest),0.9999939,0.9-1.0
/kaggle/input/cell-images-for-detecting-malaria/cell_images/Parasitized/C102P63ThinF_IMG_20150918_161826_cell_171.png,Parasitized,142,154,RGB,1,1,1,0.9953677,False,21868,Q4 (largest),0.9953677,0.9-1.0
/kaggle/input/cell-images-for-detecting-malaria/cell_images/Uninfected/C112P73ThinF_IMG_20150930_131516_cell_112.png,Uninfected,142,136,RGB,0,0,0,0.0005487049,False,19312,Q3,0.9994513,0.9-1.0
/kaggle/input/cell-images-for-detecting-malaria/cell_images/Parasitized/C68P29N_ThinF_IMG_20150819_134625_cell_61.png,Parasitized,232,169,RGB,1,1,1,0.9989789,False,39208,Q4 (largest),0.9989789,0.9-1.0
/kaggle/input/cell-images-for-detecting-malaria/cell_images/Parasitized/C70P31_ThinF_IMG_20150819_142744_cell_103.png,Parasitized,118,115,RGB,1,1,1,0.9981243,False,13570,Q1 (smallest),0.9981243,0.9-1.0
/kaggle/input/cell-images-for-detecting-malaria/cell_images/Uninfected/C38P3thinF_original_IMG_20150621_112227_cell_187.png,Uninfected,142,124,RGB,0,0,0,0.0040983916,False,17608,Q3,0.9959016,0.9-1.0
/kaggle/input/cell-images-for-detecting-malaria/cell_images/Parasitized/C91P52ThinF_IMG_20150821_124311_cell_30.png,Parasitized,262,256,RGB,1,1,1,0.60568696,False,67072,Q4 (largest),0.60568696,0.6-0.7
/kaggle/input/cell-images-for-detecting-malaria/cell_images/Uninfected/C70P31_ThinF_IMG_20150813_130510_cell_67.png,Uninfected,112,109,RGB,0,0,0,0.002420704,False,12208,Q1 (smallest),0.9975793,0.9-1.0
/kaggle/input/cell-images-for-detecting-malaria/cell_images/Uninfected/C167P128ReThinF_IMG_20151201_105354_cell_205.png,Uninfected,145,133,RGB,0,0,0,0.041279923,False,19285,Q3,0.9587201,0.9-1.0
/kaggle/input/cell-images-for-detecting-malaria/cell_images/Parasitized/C117P78ThinF_IMG_20150930_214941_cell_77.png,Parasitized,148,163,RGB,1,1,1,0.98522377,False,24124,Q4 (largest),0.98522377,0.9-1.0
/kaggle/input/cell-images-for-detecting-malaria/cell_images/Uninfected/C99P60ThinF_IMG_20150918_141351_cell_56.png,Uninfected,148,154,RGB,0,0,0,0.0021860038,False,22792,Q4 (largest),0.997814,0.9-1.0
/kaggle/input/cell-images-for-detecting-malaria/cell_images/Parasitized/C180P141NThinF_IMG_20151201_170110_cell_22.png,Parasitized,136,148,RGB,1,1,1,0.9967045,False,20128,Q3,0.9967045,0.9-1.0
/kaggle/input/cell-images-for-detecting-malaria/cell_images/Parasitized/C136P97ThinF_IMG_20151005_143743_cell_119.png,Parasitized,106,127,RGB,1,1,1,0.99282336,False,13462,Q1 (smallest),0.99282336,0.9-1.0
/kaggle/input/cell-images-for-detecting-malaria/cell_images/Uninfected/C160P121ThinF_IMG_20151116_093704_cell_40.png,Uninfected,109,91,RGB,0,0,0,0.20523505,False,9919,Q1 (smallest),0.79476494,0.7-0.8
/kaggle/input/cell-images-for-detecting-malaria/cell_images/Uninfected/C240ThinF_IMG_20151127_115328_cell_72.png,Uninfected,115,124,RGB,0,0,0,0.01676571,False,14260,Q1 (smallest),0.9832343,0.9-1.0
/kaggle/input/cell-images-for-detecting-malaria/cell_images/Parasitized/C68P29N_ThinF_IMG_20150819_134326_cell_137.png,Parasitized,157,163,RGB,1,1,1,0.9999945,False,25591,Q4 (largest),0.9999945,0.9-1.0
/kaggle/input/cell-images-for-detecting-malaria/cell_images/Uninfected/C113P74ThinF_IMG_20150930_134751_cell_61.png,Uninfected,124,136,RGB,0,0,0,0.0017115225,False,16864,Q2,0.99828845,0.9-1.0
/kaggle/input/cell-images-for-detecting-malaria/cell_images/Uninfected/C1_thinF_IMG_20150604_105100_cell_275.png,Uninfected,118,136,RGB,0,0,0,0.00920002,False,16048,Q2,0.99079996,0.9-1.0
/kaggle/input/cell-images-for-detecting-malaria/cell_images/Uninfected/C46P7ThinF_IMG_20151130_210938_cell_110.png,Uninfected,100,124,RGB,0,0,0,0.011969729,False,12400,Q1 (smallest),0.98803025,0.9-1.0
/kaggle/input/cell-images-for-detecting-malaria/cell_images/Uninfected/C210ThinF_IMG_20151029_162834_cell_153.png,Uninfected,136,121,RGB,0,0,0,0.00023314853,False,16456,Q2,0.9997668,0.9-1.0
/kaggle/input/cell-images-for-detecting-malaria/cell_images/Parasitized/C133P94ThinF_IMG_20151004_154351_cell_122.png,Parasitized,103,127,RGB,1,1,1,0.99941856,False,13081,Q1 (smallest),0.99941856,0.9-1.0
/kaggle/input/cell-images-for-detecting-malaria/cell_images/Parasitized/C132P93ThinF_IMG_20151004_152808_cell_24.png,Parasitized,130,130,RGB,1,1,1,0.998315,False,16900,Q2,0.998315,0.9-1.0
/kaggle/input/cell-images-for-detecting-malaria/cell_images/Uninfected/C55P16thinF_IMG_20150728_121151_cell_34.png,Uninfected,112,118,RGB,0,0,0,0.060510114,False,13216,Q1 (smallest),0.9394899,0.9-1.0
/kaggle/input/cell-images-for-detecting-malaria/cell_images/Parasitized/C179P140ThinF_IMG_20151127_153453_cell_189.png,Parasitized,112,160,RGB,1,1,1,0.9929904,False,17920,Q3,0.9929904,0.9-1.0
/kaggle/input/cell-images-for-detecting-malaria/cell_images/Parasitized/C184P145ThinF_IMG_20151203_104334_cell_40.png,Parasitized,121,133,RGB,1,1,1,0.99256575,False,16093,Q2,0.99256575,0.9-1.0
/kaggle/input/cell-images-for-detecting-malaria/cell_images/Parasitized/C80P41ThinF_IMG_20150817_111246_cell_115.png,Parasitized,127,136,RGB,1,1,1,0.9997112,False,17272,Q2,0.9997112,0.9-1.0
/kaggle/input/cell-images-for-detecting-malaria/cell_images/Uninfected/C1_thinF_IMG_20150604_104919_cell_134.png,Uninfected,142,112,RGB,0,0,0,0.0033039246,False,15904,Q2,0.99669605,0.9-1.0
/kaggle/input/cell-images-for-detecting-malaria/cell_images/Uninfected/C166P127ThinF_IMG_20151117_194147_cell_64.png,Uninfected,94,100,RGB,0,0,0,0.04597786,False,9400,Q1 (smallest),0.95402217,0.9-1.0
/kaggle/input/cell-images-for-detecting-malaria/cell_images/Parasitized/C129P90ThinF_IMG_20151004_133244_cell_118.png,Parasitized,142,139,RGB,1,1,1,0.9919043,False,19738,Q3,0.9919043,0.9-1.0
/kaggle/input/cell-images-for-detecting-malaria/cell_images/Uninfected/C227ThinF_IMG_20151112_135818_cell_57.png,Uninfected,142,181,RGB,0,0,0,0.04127231,False,25702,Q4 (largest),0.9587277,0.9-1.0
/kaggle/input/cell-images-for-detecting-malaria/cell_images/Uninfected/C91P52ThinF_IMG_20150821_125154_cell_117.png,Uninfected,118,100,RGB,0,0,0,0.0028051934,False,11800,Q1 (smallest),0.9971948,0.9-1.0
/kaggle/input/cell-images-for-detecting-malaria/cell_images/Uninfected/C149P110ThinF_IMG_20151115_114555_cell_8.png,Uninfected,115,127,RGB,0,0,0,0.04251367,False,14605,Q1 (smallest),0.95748633,0.9-1.0
/kaggle/input/cell-images-for-detecting-malaria/cell_images/Parasitized/C159P120ThinF_IMG_20151115_190421_cell_203.png,Parasitized,142,118,RGB,1,1,1,0.9896792,False,16756,Q2,0.9896792,0.9-1.0
/kaggle/input/cell-images-for-detecting-malaria/cell_images/Parasitized/C176P137NThinF_IMG_20151201_122811_cell_160.png,Parasitized,100,106,RGB,1,1,1,0.99243546,False,10600,Q1 (smallest),0.99243546,0.9-1.0
/kaggle/input/cell-images-for-detecting-malaria/cell_images/Uninfected/C131P92ThinF_IMG_20151004_145410_cell_98.png,Uninfected,157,145,RGB,0,0,0,0.0019556808,False,22765,Q4 (largest),0.9980443,0.9-1.0
/kaggle/input/cell-images-for-detecting-malaria/cell_images/Uninfected/C150P111ThinF_IMG_20151115_115950_cell_4.png,Uninfected,118,115,RGB,0,0,0,0.00016081195,False,13570,Q1 (smallest),0.9998392,0.9-1.0
/kaggle/input/cell-images-for-detecting-malaria/cell_images/Parasitized/C184P145ThinF_IMG_20151203_104153_cell_136.png,Parasitized,166,127,RGB,1,1,1,0.9583677,False,21082,Q4 (largest),0.9583677,0.9-1.0
/kaggle/input/cell-images-for-detecting-malaria/cell_images/Parasitized/C66P27N_ThinF_IMG_20150818_163551_cell_177.png,Parasitized,130,124,RGB,1,1,1,0.9972022,False,16120,Q2,0.9972022,0.9-1.0
/kaggle/input/cell-images-for-detecting-malaria/cell_images/Uninfected/C81P42ThinF_IMG_20150817_120524_cell_29.png,Uninfected,139,121,RGB,0,0,0,0.032144886,False,16819,Q2,0.9678551,0.9-1.0
/kaggle/input/cell-images-for-detecting-malaria/cell_images/Uninfected/C61P22N_ThinF_IMG_20150818_112626_cell_142.png,Uninfected,112,127,RGB,0,0,0,0.003932199,False,14224,Q1 (smallest),0.9960678,0.9-1.0
/kaggle/input/cell-images-for-detecting-malaria/cell_images/Parasitized/C59P20thinF_IMG_20150803_111333_cell_179.png,Parasitized,124,136,RGB,1,1,1,0.9999213,False,16864,Q2,0.9999213,0.9-1.0
/kaggle/input/cell-images-for-detecting-malaria/cell_images/Uninfected/C3thin_original_IMG_20150608_162835_cell_144.png,Uninfected,106,154,RGB,0,0,0,0.0047704135,False,16324,Q2,0.9952296,0.9-1.0
/kaggle/input/cell-images-for-detecting-malaria/cell_images/Parasitized/C116P77ThinF_IMG_20150930_171558_cell_125.png,Parasitized,118,133,RGB,1,1,1,0.9999995,False,15694,Q2,0.9999995,0.9-1.0
/kaggle/input/cell-images-for-detecting-malaria/cell_images/Parasitized/C137P98ThinF_IMG_20151005_162348_cell_6.png,Parasitized,106,115,RGB,1,1,1,0.99920195,False,12190,Q1 (smallest),0.99920195,0.9-1.0
/kaggle/input/cell-images-for-detecting-malaria/cell_images/Parasitized/C116P77ThinF_IMG_20150930_171635_cell_74.png,Parasitized,94,121,RGB,1,1,1,0.997905,False,11374,Q1 (smallest),0.997905,0.9-1.0
/kaggle/input/cell-images-for-detecting-malaria/cell_images/Uninfected/C136P97ThinF_IMG_20151005_143743_cell_45.png,Uninfected,142,142,RGB,0,0,0,0.1926729,False,20164,Q4 (largest),0.8073271,0.8-0.9
/kaggle/input/cell-images-for-detecting-malaria/cell_images/Parasitized/C116P77ThinF_IMG_20150930_171558_cell_142.png,Parasitized,118,139,RGB,1,1,0,0.32213,True,16402,Q2,0.67787004,0.6-0.7
/kaggle/input/cell-images-for-detecting-malaria/cell_images/Parasitized/C174P135NThinF_IMG_20151127_135554_cell_200.png,Parasitized,109,103,RGB,1,1,1,0.99892014,False,11227,Q1 (smallest),0.99892014,0.9-1.0
/kaggle/input/cell-images-for-detecting-malaria/cell_images/Parasitized/C179P140ThinF_IMG_20151127_153436_cell_181.png,Parasitized,127,136,RGB,1,1,1,0.99605453,False,17272,Q2,0.99605453,0.9-1.0
/kaggle/input/cell-images-for-detecting-malaria/cell_images/Parasitized/C39P4thinF_original_IMG_20150622_113632_cell_25.png,Parasitized,94,103,RGB,1,1,1,0.9052399,False,9682,Q1 (smallest),0.9052399,0.9-1.0
/kaggle/input/cell-images-for-detecting-malaria/cell_images/Uninfected/C180P141NThinF_IMG_20151201_163848_cell_27.png,Uninfected,145,142,RGB,0,0,0,0.0071961894,False,20590,Q4 (largest),0.9928038,0.9-1.0
/kaggle/input/cell-images-for-detecting-malaria/cell_images/Parasitized/C45P6ThinF_IMG_20151130_154725_cell_179.png,Parasitized,130,118,RGB,1,1,1,0.99999666,False,15340,Q2,0.99999666,0.9-1.0
/kaggle/input/cell-images-for-detecting-malaria/cell_images/Uninfected/C125P86ThinF_IMG_20151004_101158_cell_93.png,Uninfected,145,160,RGB,0,0,0,0.0010752277,False,23200,Q4 (largest),0.9989248,0.9-1.0
/kaggle/input/cell-images-for-detecting-malaria/cell_images/Uninfected/C149P110ThinF_IMG_20151115_114629_cell_54.png,Uninfected,106,154,RGB,0,0,0,0.012066829,False,16324,Q2,0.98793316,0.9-1.0
/kaggle/input/cell-images-for-detecting-malaria/cell_images/Parasitized/C86P47ThinF_IMG_20150820_124025_cell_244.png,Parasitized,166,136,RGB,1,1,1,0.9244333,False,22576,Q4 (largest),0.9244333,0.9-1.0
/kaggle/input/cell-images-for-detecting-malaria/cell_images/Parasitized/C181P142ThinF_IMG_20151127_155722_cell_196.png,Parasitized,112,139,RGB,1,1,1,0.99599135,False,15568,Q2,0.99599135,0.9-1.0
/kaggle/input/cell-images-for-detecting-malaria/cell_images/Uninfected/C125P86ThinF_IMG_20151004_102132_cell_74.png,Uninfected,130,190,RGB,0,0,0,0.011127253,False,24700,Q4 (largest),0.98887277,0.9-1.0
/kaggle/input/cell-images-for-detecting-malaria/cell_images/Parasitized/C39P4thinF_original_IMG_20150622_114804_cell_19.png,Parasitized,130,136,RGB,1,1,1,0.70430785,False,17680,Q3,0.70430785,0.7-0.8
/kaggle/input/cell-images-for-detecting-malaria/cell_images/Uninfected/C182P143NThinF_IMG_20151201_172257_cell_100.png,Uninfected,115,112,RGB,0,0,0,0.09136242,False,12880,Q1 (smallest),0.9086376,0.9-1.0
/kaggle/input/cell-images-for-detecting-malaria/cell_images/Uninfected/C155P116ThinF_IMG_20151115_143156_cell_36.png,Uninfected,118,136,RGB,0,0,0,0.03767532,False,16048,Q2,0.9623247,0.9-1.0
/kaggle/input/cell-images-for-detecting-malaria/cell_images/Uninfected/C56P17thinF_IMG_20150728_153328_cell_36.png,Uninfected,136,127,RGB,0,0,0,0.030758407,False,17272,Q2,0.9692416,0.9-1.0
/kaggle/input/cell-images-for-detecting-malaria/cell_images/Parasitized/C79P40ThinF_IMG_20150817_104919_cell_131.png,Parasitized,94,130,RGB,1,1,1,0.99822146,False,12220,Q1 (smallest),0.99822146,0.9-1.0
/kaggle/input/cell-images-for-detecting-malaria/cell_images/Uninfected/C88P49ThinF_IMG_20150820_153042_cell_142.png,Uninfected,88,88,RGB,0,0,0,0.026416361,False,7744,Q1 (smallest),0.97358364,0.9-1.0
/kaggle/input/cell-images-for-detecting-malaria/cell_images/Uninfected/C153P114ThinF_IMG_20151115_135639_cell_68.png,Uninfected,121,121,RGB,0,0,0,0.0036544998,False,14641,Q1 (smallest),0.9963455,0.9-1.0
/kaggle/input/cell-images-for-detecting-malaria/cell_images/Uninfected/C237ThinF_IMG_20151127_104954_cell_45.png,Uninfected,130,133,RGB,0,0,0,0.0007763274,False,17290,Q2,0.99922365,0.9-1.0
/kaggle/input/cell-images-for-detecting-malaria/cell_images/Parasitized/C132P93ThinF_IMG_20151004_151701_cell_157.png,Parasitized,133,130,RGB,1,1,1,0.9945275,False,17290,Q2,0.9945275,0.9-1.0
/kaggle/input/cell-images-for-detecting-malaria/cell_images/Uninfected/C6NThinF_IMG_20150609_121955_cell_155.png,Uninfected,139,136,RGB,0,0,0,0.005479563,False,18904,Q3,0.9945204,0.9-1.0
/kaggle/input/cell-images-for-detecting-malaria/cell_images/Parasitized/C99P60ThinF_IMG_20150918_141129_cell_127.png,Parasitized,145,130,RGB,1,1,1,0.9959818,False,18850,Q3,0.9959818,0.9-1.0
/kaggle/input/cell-images-for-detecting-malaria/cell_images/Parasitized/C180P141NThinF_IMG_20151201_165659_cell_44.png,Parasitized,145,127,RGB,1,1,1,0.95935977,False,18415,Q3,0.95935977,0.9-1.0
/kaggle/input/cell-images-for-detecting-malaria/cell_images/Parasitized/C118P79ThinF_IMG_20151002_104831_cell_144.png,Parasitized,133,157,RGB,1,1,1,0.9996308,False,20881,Q4 (largest),0.9996308,0.9-1.0
/kaggle/input/cell-images-for-detecting-malaria/cell_images/Parasitized/C137P98ThinF_IMG_20151005_161306_cell_13.png,Parasitized,94,100,RGB,1,1,1,0.99930966,False,9400,Q1 (smallest),0.99930966,0.9-1.0
/kaggle/input/cell-images-for-detecting-malaria/cell_images/Parasitized/C119P80ThinF_IMG_20151002_122720_cell_163.png,Parasitized,94,82,RGB,1,1,1,0.9914791,False,7708,Q1 (smallest),0.9914791,0.9-1.0
/kaggle/input/cell-images-for-detecting-malaria/cell_images/Uninfected/C6NThinF_IMG_20150609_122547_cell_205.png,Uninfected,154,169,RGB,0,0,0,0.059653096,False,26026,Q4 (largest),0.9403469,0.9-1.0
/kaggle/input/cell-images-for-detecting-malaria/cell_images/Uninfected/C145P106ThinF_IMG_20151016_154921_cell_54.png,Uninfected,124,130,RGB,0,0,0,0.00067075633,False,16120,Q2,0.99932927,0.9-1.0
/kaggle/input/cell-images-for-detecting-malaria/cell_images/Uninfected/C119P80ThinF_IMG_20151002_124304_cell_91.png,Uninfected,112,139,RGB,0,0,0,0.011167252,False,15568,Q2,0.9888328,0.9-1.0
/kaggle/input/cell-images-for-detecting-malaria/cell_images/Uninfected/C234ThinF_IMG_20151112_162759_cell_106.png,Uninfected,124,133,RGB,0,0,0,0.0019522718,False,16492,Q2,0.9980477,0.9-1.0
/kaggle/input/cell-images-for-detecting-malaria/cell_images/Uninfected/C45P6ThinF_IMG_20151130_160135_cell_114.png,Uninfected,136,136,RGB,0,0,0,0.06598758,False,18496,Q3,0.9340124,0.9-1.0
/kaggle/input/cell-images-for-detecting-malaria/cell_images/Uninfected/C99P60ThinF_IMG_20150918_140900_cell_66.png,Uninfected,178,166,RGB,0,0,0,0.031547107,False,29548,Q4 (largest),0.9684529,0.9-1.0
/kaggle/input/cell-images-for-detecting-malaria/cell_images/Uninfected/C227ThinF_IMG_20151112_135308_cell_80.png,Uninfected,130,145,RGB,0,0,0,0.0053081177,False,18850,Q3,0.9946919,0.9-1.0
/kaggle/input/cell-images-for-detecting-malaria/cell_images/Parasitized/C97P58ThinF_IMG_20150917_152225_cell_7.png,Parasitized,145,142,RGB,1,1,1,0.99676454,False,20590,Q4 (largest),0.99676454,0.9-1.0
/kaggle/input/cell-images-for-detecting-malaria/cell_images/Parasitized/C116P77ThinF_IMG_20150930_171558_cell_129.png,Parasitized,148,130,RGB,1,1,1,0.99998367,False,19240,Q3,0.99998367,0.9-1.0
/kaggle/input/cell-images-for-detecting-malaria/cell_images/Uninfected/C137P98ThinF_IMG_20151005_160256_cell_12.png,Uninfected,106,100,RGB,0,0,0,0.0029179424,False,10600,Q1 (smallest),0.99708205,0.9-1.0
/kaggle/input/cell-images-for-detecting-malaria/cell_images/Uninfected/C50P11thinF_IMG_20150724_120716_cell_125.png,Uninfected,112,109,RGB,0,0,0,0.23813857,False,12208,Q1 (smallest),0.76186144,0.7-0.8
/kaggle/input/cell-images-for-detecting-malaria/cell_images/Parasitized/C144P105ThinF_IMG_20151015_160908_cell_287.png,Parasitized,124,124,RGB,1,1,1,0.8254746,False,15376,Q2,0.8254746,0.8-0.9
/kaggle/input/cell-images-for-detecting-malaria/cell_images/Parasitized/C70P31_ThinF_IMG_20150813_131330_cell_89.png,Parasitized,112,115,RGB,1,1,1,0.99842,False,12880,Q1 (smallest),0.99842,0.9-1.0
/kaggle/input/cell-images-for-detecting-malaria/cell_images/Uninfected/C33P1thinF_IMG_20150619_120838a_cell_28.png,Uninfected,151,130,RGB,0,0,0,0.00041994543,False,19630,Q3,0.99958,0.9-1.0
/kaggle/input/cell-images-for-detecting-malaria/cell_images/Parasitized/C136P97ThinF_IMG_20151005_143743_cell_106.png,Parasitized,133,115,RGB,1,1,1,0.9576314,False,15295,Q2,0.9576314,0.9-1.0
/kaggle/input/cell-images-for-detecting-malaria/cell_images/Uninfected/C110P71ThinF_IMG_20150930_110052_cell_149.png,Uninfected,106,118,RGB,0,0,0,0.0029984885,False,12508,Q1 (smallest),0.9970015,0.9-1.0
/kaggle/input/cell-images-for-detecting-malaria/cell_images/Parasitized/C51AP12thinF_IMG_20150724_160140_cell_62.png,Parasitized,91,118,RGB,1,1,1,0.99868435,False,10738,Q1 (smallest),0.99868435,0.9-1.0
/kaggle/input/cell-images-for-detecting-malaria/cell_images/Parasitized/C117P78ThinF_IMG_20150930_214941_cell_85.png,Parasitized,142,193,RGB,1,1,1,0.9922242,False,27406,Q4 (largest),0.9922242,0.9-1.0
/kaggle/input/cell-images-for-detecting-malaria/cell_images/Parasitized/C100P61ThinF_IMG_20150918_144823_cell_159.png,Parasitized,139,157,RGB,1,1,1,0.972807,False,21823,Q4 (largest),0.972807,0.9-1.0
/kaggle/input/cell-images-for-detecting-malaria/cell_images/Parasitized/C99P60ThinF_IMG_20150918_141520_cell_121.png,Parasitized,142,148,RGB,1,1,0,0.08675558,True,21016,Q4 (largest),0.9132444,0.9-1.0
/kaggle/input/cell-images-for-detecting-malaria/cell_images/Parasitized/C82P43ThinF_IMG_20150817_123652_cell_226.png,Parasitized,136,115,RGB,1,1,1,0.99881667,False,15640,Q2,0.99881667,0.9-1.0
/kaggle/input/cell-images-for-detecting-malaria/cell_images/Uninfected/C47P8thinOriginalOlympusCX21_IMG_20150717_172748_cell_95.png,Uninfected,121,133,RGB,0,0,0,0.0058685895,False,16093,Q2,0.9941314,0.9-1.0
/kaggle/input/cell-images-for-detecting-malaria/cell_images/Parasitized/C99P60ThinF_IMG_20150918_141857_cell_56.png,Parasitized,151,121,RGB,1,1,1,0.7982357,False,18271,Q3,0.7982357,0.7-0.8
/kaggle/input/cell-images-for-detecting-malaria/cell_images/Uninfected/C215ThinF_IMG_20151106_133116_cell_155.png,Uninfected,133,136,RGB,0,0,0,0.0008318948,False,18088,Q3,0.9991681,0.9-1.0
/kaggle/input/cell-images-for-detecting-malaria/cell_images/Parasitized/C45P6ThinF_IMG_20151130_160135_cell_219.png,Parasitized,163,196,RGB,1,1,1,0.99958426,False,31948,Q4 (largest),0.99958426,0.9-1.0
/kaggle/input/cell-images-for-detecting-malaria/cell_images/Parasitized/C184P145ThinF_IMG_20151203_104153_cell_176.png,Parasitized,139,142,RGB,1,1,1,0.9915742,False,19738,Q3,0.9915742,0.9-1.0
/kaggle/input/cell-images-for-detecting-malaria/cell_images/Parasitized/C186P147NThinF_IMG_20151203_150557_cell_185.png,Parasitized,127,115,RGB,1,1,1,0.9999943,False,14605,Q1 (smallest),0.9999943,0.9-1.0
/kaggle/input/cell-images-for-detecting-malaria/cell_images/Parasitized/C174P135NThinF_IMG_20151127_135554_cell_196.png,Parasitized,130,133,RGB,1,1,1,0.99999845,False,17290,Q2,0.99999845,0.9-1.0
/kaggle/input/cell-images-for-detecting-malaria/cell_images/Parasitized/C144P105ThinF_IMG_20151015_155004_cell_304.png,Parasitized,136,118,RGB,1,1,1,0.7216624,False,16048,Q2,0.7216624,0.7-0.8
/kaggle/input/cell-images-for-detecting-malaria/cell_images/Uninfected/C67P28N_ThinF_IMG_20150819_115955_cell_97.png,Uninfected,115,136,RGB,0,0,0,0.013300287,False,15640,Q2,0.9866997,0.9-1.0
/kaggle/input/cell-images-for-detecting-malaria/cell_images/Uninfected/C91P52ThinF_IMG_20150821_124504_cell_147.png,Uninfected,154,178,RGB,0,0,0,0.006549945,False,27412,Q4 (largest),0.99345005,0.9-1.0
/kaggle/input/cell-images-for-detecting-malaria/cell_images/Uninfected/C227ThinF_IMG_20151112_135308_cell_78.png,Uninfected,118,148,RGB,0,0,0,0.00072606636,False,17464,Q3,0.99927396,0.9-1.0
/kaggle/input/cell-images-for-detecting-malaria/cell_images/Parasitized/C188P149ThinF_IMG_20151203_134229_cell_217.png,Parasitized,130,133,RGB,1,1,1,0.9933007,False,17290,Q2,0.9933007,0.9-1.0
/kaggle/input/cell-images-for-detecting-malaria/cell_images/Uninfected/C171P132ThinF_IMG_20151119_153512_cell_163.png,Uninfected,121,124,RGB,0,0,0,0.004734086,False,15004,Q2,0.9952659,0.9-1.0
/kaggle/input/cell-images-for-detecting-malaria/cell_images/Uninfected/C150P111ThinF_IMG_20151115_115805_cell_99.png,Uninfected,151,127,RGB,0,0,0,0.0001275239,False,19177,Q3,0.9998725,0.9-1.0
/kaggle/input/cell-images-for-detecting-malaria/cell_images/Uninfected/C52P13thinF_IMG_20150725_123938_cell_82.png,Uninfected,139,139,RGB,0,0,0,0.0046266164,False,19321,Q3,0.99537337,0.9-1.0
/kaggle/input/cell-images-for-detecting-malaria/cell_images/Parasitized/C129P90ThinF_IMG_20151004_133703_cell_108.png,Parasitized,130,121,RGB,1,1,1,0.9943028,False,15730,Q2,0.9943028,0.9-1.0
/kaggle/input/cell-images-for-detecting-malaria/cell_images/Parasitized/C180P141NThinF_IMG_20151201_170110_cell_11.png,Parasitized,193,202,RGB,1,1,1,0.90664554,False,38986,Q4 (largest),0.90664554,0.9-1.0
/kaggle/input/cell-images-for-detecting-malaria/cell_images/Parasitized/C116P77ThinF_IMG_20150930_171844_cell_88.png,Parasitized,112,100,RGB,1,1,1,0.976819,False,11200,Q1 (smallest),0.976819,0.9-1.0
/kaggle/input/cell-images-for-detecting-malaria/cell_images/Parasitized/C59P20thinF_IMG_20150803_115303_cell_1.png,Parasitized,151,130,RGB,1,1,1,0.9999999,False,19630,Q3,0.9999999,0.9-1.0
/kaggle/input/cell-images-for-detecting-malaria/cell_images/Uninfected/C79P40ThinF_IMG_20150817_103303_cell_51.png,Uninfected,118,109,RGB,0,0,0,0.01172639,False,12862,Q1 (smallest),0.9882736,0.9-1.0
/kaggle/input/cell-images-for-detecting-malaria/cell_images/Uninfected/C87P48ThinF_IMG_20150820_144714_cell_179.png,Uninfected,178,160,RGB,0,0,0,0.16913556,False,28480,Q4 (largest),0.8308644,0.8-0.9
/kaggle/input/cell-images-for-detecting-malaria/cell_images/Uninfected/C133P94ThinF_IMG_20151004_155331_cell_53.png,Uninfected,136,139,RGB,0,0,0,0.0027399384,False,18904,Q3,0.99726003,0.9-1.0
/kaggle/input/cell-images-for-detecting-malaria/cell_images/Uninfected/C209ThinF_IMG_20151029_160803_cell_127.png,Uninfected,133,130,RGB,0,0,0,0.0009473211,False,17290,Q2,0.9990527,0.9-1.0
/kaggle/input/cell-images-for-detecting-malaria/cell_images/Uninfected/C185P146ThinF_IMG_20151203_110817_cell_160.png,Uninfected,136,118,RGB,0,0,0,0.015724625,False,16048,Q2,0.9842754,0.9-1.0
/kaggle/input/cell-images-for-detecting-malaria/cell_images/Uninfected/C152P113ThinF_IMG_20151115_124217_cell_106.png,Uninfected,127,118,RGB,0,0,0,0.0018057454,False,14986,Q2,0.9981943,0.9-1.0
/kaggle/input/cell-images-for-detecting-malaria/cell_images/Parasitized/C117P78ThinF_IMG_20150930_214511_cell_93.png,Parasitized,157,160,RGB,1,1,1,0.9944971,False,25120,Q4 (largest),0.9944971,0.9-1.0
/kaggle/input/cell-images-for-detecting-malaria/cell_images/Uninfected/C47P8thinOriginalOlympusCX21_IMG_20150717_174222_cell_152.png,Uninfected,124,124,RGB,0,0,0,0.0058564898,False,15376,Q2,0.9941435,0.9-1.0
/kaggle/input/cell-images-for-detecting-malaria/cell_images/Uninfected/C170P131ThinF_IMG_20151119_115918_cell_200.png,Uninfected,130,130,RGB,0,0,0,0.076554745,False,16900,Q2,0.9234452,0.9-1.0
/kaggle/input/cell-images-for-detecting-malaria/cell_images/Parasitized/C59P20thinF_IMG_20150803_112858_cell_152.png,Parasitized,145,124,RGB,1,1,1,0.9772101,False,17980,Q3,0.9772101,0.9-1.0
/kaggle/input/cell-images-for-detecting-malaria/cell_images/Parasitized/C81P42ThinF_IMG_20150817_120524_cell_186.png,Parasitized,112,124,RGB,1,1,1,0.99817455,False,13888,Q1 (smallest),0.99817455,0.9-1.0
/kaggle/input/cell-images-for-detecting-malaria/cell_images/Uninfected/C148P109ThinF_IMG_20151115_112253_cell_104.png,Uninfected,163,160,RGB,0,0,0,0.007914121,False,26080,Q4 (largest),0.9920859,0.9-1.0
/kaggle/input/cell-images-for-detecting-malaria/cell_images/Parasitized/C98P59ThinF_IMG_20150917_154452_cell_206.png,Parasitized,133,160,RGB,1,1,1,0.80524427,False,21280,Q4 (largest),0.80524427,0.8-0.9
/kaggle/input/cell-images-for-detecting-malaria/cell_images/Uninfected/C103P64ThinF_IMG_20150918_165510_cell_98.png,Uninfected,136,127,RGB,0,0,0,0.0009483556,False,17272,Q2,0.99905163,0.9-1.0
/kaggle/input/cell-images-for-detecting-malaria/cell_images/Parasitized/C132P93ThinF_IMG_20151004_152808_cell_47.png,Parasitized,109,130,RGB,1,1,1,0.9979917,False,14170,Q1 (smallest),0.9979917,0.9-1.0
/kaggle/input/cell-images-for-detecting-malaria/cell_images/Parasitized/C132P93ThinF_IMG_20151004_152505_cell_127.png,Parasitized,121,112,RGB,1,1,1,0.9982576,False,13552,Q1 (smallest),0.9982576,0.9-1.0
/kaggle/input/cell-images-for-detecting-malaria/cell_images/Uninfected/C121P82ThinF_IMG_20151002_133427_cell_34.png,Uninfected,133,199,RGB,0,0,0,0.0011396399,False,26467,Q4 (largest),0.99886036,0.9-1.0
/kaggle/input/cell-images-for-detecting-malaria/cell_images/Parasitized/C59P20thinF_IMG_20150803_112733_cell_185.png,Parasitized,142,121,RGB,1,1,1,0.9786753,False,17182,Q2,0.9786753,0.9-1.0
/kaggle/input/cell-images-for-detecting-malaria/cell_images/Parasitized/C146P107ThinF_IMG_20151018_135703_cell_222.png,Parasitized,142,133,RGB,1,1,1,0.9951456,False,18886,Q3,0.9951456,0.9-1.0
/kaggle/input/cell-images-for-detecting-malaria/cell_images/Parasitized/C89P50ThinF_IMG_20150820_163347_cell_202.png,Parasitized,133,151,RGB,1,1,1,0.9995733,False,20083,Q3,0.9995733,0.9-1.0
/kaggle/input/cell-images-for-detecting-malaria/cell_images/Parasitized/C59P20thinF_IMG_20150803_112802_cell_175.png,Parasitized,115,112,RGB,1,1,1,0.997903,False,12880,Q1 (smallest),0.997903,0.9-1.0
/kaggle/input/cell-images-for-detecting-malaria/cell_images/Uninfected/C72P33_ThinF_IMG_20150815_104307_cell_85.png,Uninfected,106,106,RGB,0,0,0,0.008469127,False,11236,Q1 (smallest),0.9915309,0.9-1.0
/kaggle/input/cell-images-for-detecting-malaria/cell_images/Parasitized/C46P7ThinF_IMG_20151130_210938_cell_155.png,Parasitized,100,115,RGB,1,1,1,0.999658,False,11500,Q1 (smallest),0.999658,0.9-1.0
/kaggle/input/cell-images-for-detecting-malaria/cell_images/Uninfected/C100P61ThinF_IMG_20150918_144823_cell_139.png,Uninfected,151,139,RGB,0,0,0,0.009782703,False,20989,Q4 (largest),0.99021727,0.9-1.0
/kaggle/input/cell-images-for-detecting-malaria/cell_images/Parasitized/C91P52ThinF_IMG_20150821_124311_cell_34.png,Parasitized,364,340,RGB,1,1,0,0.46901143,True,123760,Q4 (largest),0.5309886,0.5-0.6
/kaggle/input/cell-images-for-detecting-malaria/cell_images/Uninfected/C123P84ThinF_IMG_20151002_152330_cell_187.png,Uninfected,130,127,RGB,0,0,0,0.0007699578,False,16510,Q2,0.99923,0.9-1.0
/kaggle/input/cell-images-for-detecting-malaria/cell_images/Uninfected/C114P75ThinF_IMG_20150930_150555_cell_32.png,Uninfected,121,136,RGB,0,0,0,0.005384016,False,16456,Q2,0.994616,0.9-1.0
/kaggle/input/cell-images-for-detecting-malaria/cell_images/Parasitized/C174P135NThinF_IMG_20151127_135640_cell_183.png,Parasitized,130,124,RGB,1,1,1,0.9990213,False,16120,Q2,0.9990213,0.9-1.0
/kaggle/input/cell-images-for-detecting-malaria/cell_images/Parasitized/C84P45ThinF_IMG_20150818_103817_cell_8.png,Parasitized,136,118,RGB,1,1,1,0.99985623,False,16048,Q2,0.99985623,0.9-1.0
/kaggle/input/cell-images-for-detecting-malaria/cell_images/Uninfected/C203ThinF_IMG_20151029_102123_cell_111.png,Uninfected,145,127,RGB,0,0,0,0.00014396057,False,18415,Q3,0.99985605,0.9-1.0
/kaggle/input/cell-images-for-detecting-malaria/cell_images/Parasitized/C180P141NThinF_IMG_20151201_164714_cell_188.png,Parasitized,142,178,RGB,1,1,1,0.9562047,False,25276,Q4 (largest),0.9562047,0.9-1.0
/kaggle/input/cell-images-for-detecting-malaria/cell_images/Uninfected/C87P48ThinF_IMG_20150820_132327_cell_7.png,Uninfected,97,100,RGB,0,0,0,0.10877738,False,9700,Q1 (smallest),0.8912226,0.8-0.9
/kaggle/input/cell-images-for-detecting-malaria/cell_images/Parasitized/C93P54ThinF_IMG_20150821_163815_cell_218.png,Parasitized,142,121,RGB,1,1,1,0.99720746,False,17182,Q2,0.99720746,0.9-1.0
/kaggle/input/cell-images-for-detecting-malaria/cell_images/Uninfected/C146P107ThinF_IMG_20151018_134554_cell_182.png,Uninfected,127,127,RGB,0,0,0,0.10358515,False,16129,Q2,0.8964149,0.8-0.9
/kaggle/input/cell-images-for-detecting-malaria/cell_images/Parasitized/C182P143NThinF_IMG_20151201_171905_cell_183.png,Parasitized,91,121,RGB,1,1,1,0.99318343,False,11011,Q1 (smallest),0.99318343,0.9-1.0
/kaggle/input/cell-images-for-detecting-malaria/cell_images/Uninfected/C166P127ThinF_IMG_20151117_195030_cell_41.png,Uninfected,118,127,RGB,0,0,0,0.09157905,False,14986,Q2,0.9084209,0.9-1.0
/kaggle/input/cell-images-for-detecting-malaria/cell_images/Uninfected/C150P111ThinF_IMG_20151115_115922_cell_166.png,Uninfected,118,145,RGB,0,0,0,9.110821e-05,False,17110,Q2,0.99990886,0.9-1.0
/kaggle/input/cell-images-for-detecting-malaria/cell_images/Parasitized/C84P45ThinF_IMG_20150818_101550_cell_105.png,Parasitized,118,106,RGB,1,1,1,0.9999591,False,12508,Q1 (smallest),0.9999591,0.9-1.0
/kaggle/input/cell-images-for-detecting-malaria/cell_images/Uninfected/C176P137NThinF_IMG_20151201_122444_cell_17.png,Uninfected,121,121,RGB,0,0,0,0.023616506,False,14641,Q1 (smallest),0.9763835,0.9-1.0
/kaggle/input/cell-images-for-detecting-malaria/cell_images/Parasitized/C97P58ThinF_IMG_20150917_152032_cell_159.png,Parasitized,145,133,RGB,1,1,1,0.594151,False,19285,Q3,0.594151,0.5-0.6
/kaggle/input/cell-images-for-detecting-malaria/cell_images/Parasitized/C123P84ThinF_IMG_20151002_151143_cell_185.png,Parasitized,139,127,RGB,1,1,0,0.43851644,True,17653,Q3,0.56148356,0.5-0.6
/kaggle/input/cell-images-for-detecting-malaria/cell_images/Parasitized/C82P43ThinF_IMG_20150817_123652_cell_201.png,Parasitized,130,139,RGB,1,1,1,0.99268264,False,18070,Q3,0.99268264,0.9-1.0
/kaggle/input/cell-images-for-detecting-malaria/cell_images/Parasitized/C81P42ThinF_IMG_20150817_121113_cell_182.png,Parasitized,157,133,RGB,1,1,1,0.99972516,False,20881,Q4 (largest),0.99972516,0.9-1.0
/kaggle/input/cell-images-for-detecting-malaria/cell_images/Parasitized/C78P39ThinF_IMG_20150606_103459_cell_172.png,Parasitized,115,112,RGB,1,1,1,0.9976584,False,12880,Q1 (smallest),0.9976584,0.9-1.0
/kaggle/input/cell-images-for-detecting-malaria/cell_images/Parasitized/C137P98ThinF_IMG_20151005_161659_cell_3.png,Parasitized,106,106,RGB,1,1,1,0.9980464,False,11236,Q1 (smallest),0.9980464,0.9-1.0
/kaggle/input/cell-images-for-detecting-malaria/cell_images/Uninfected/C232ThinF_IMG_20151112_154719_cell_45.png,Uninfected,133,130,RGB,0,0,0,0.0001786649,False,17290,Q2,0.99982136,0.9-1.0
/kaggle/input/cell-images-for-detecting-malaria/cell_images/Uninfected/C161P122ThinF_IMG_20151116_101626_cell_75.png,Uninfected,106,115,RGB,0,0,0,0.0037430369,False,12190,Q1 (smallest),0.99625695,0.9-1.0
/kaggle/input/cell-images-for-detecting-malaria/cell_images/Parasitized/C176P137NThinF_IMG_20151201_122708_cell_126.png,Parasitized,136,160,RGB,1,1,1,0.99257624,False,21760,Q4 (largest),0.99257624,0.9-1.0
/kaggle/input/cell-images-for-detecting-malaria/cell_images/Uninfected/C180P141NThinF_IMG_20151201_164714_cell_123.png,Uninfected,145,178,RGB,0,0,0,0.023161415,False,25810,Q4 (largest),0.9768386,0.9-1.0
/kaggle/input/cell-images-for-detecting-malaria/cell_images/Uninfected/C208ThinF_IMG_20151029_155411_cell_14.png,Uninfected,124,124,RGB,0,0,0,0.0016799457,False,15376,Q2,0.99832004,0.9-1.0
/kaggle/input/cell-images-for-detecting-malaria/cell_images/Parasitized/C39P4thinF_original_IMG_20150622_111326_cell_12.png,Parasitized,133,124,RGB,1,1,1,0.9757126,False,16492,Q2,0.9757126,0.9-1.0
/kaggle/input/cell-images-for-detecting-malaria/cell_images/Uninfected/C154P115ThinF_IMG_20151115_141507_cell_166.png,Uninfected,145,133,RGB,0,0,0,0.011685557,False,19285,Q3,0.98831445,0.9-1.0
/kaggle/input/cell-images-for-detecting-malaria/cell_images/Uninfected/C108P69ThinF_IMG_20150924_224038_cell_85.png,Uninfected,145,145,RGB,0,0,0,0.0011903425,False,21025,Q4 (largest),0.99880964,0.9-1.0
/kaggle/input/cell-images-for-detecting-malaria/cell_images/Uninfected/C82P43ThinF_IMG_20150817_123500_cell_131.png,Uninfected,142,121,RGB,0,0,0,0.0017508416,False,17182,Q2,0.9982492,0.9-1.0
/kaggle/input/cell-images-for-detecting-malaria/cell_images/Parasitized/C117P78ThinF_IMG_20150930_214511_cell_94.png,Parasitized,145,151,RGB,1,1,0,0.0072261826,True,21895,Q4 (largest),0.99277383,0.9-1.0
/kaggle/input/cell-images-for-detecting-malaria/cell_images/Uninfected/C182P143NThinF_IMG_20151201_171950_cell_93.png,Uninfected,91,67,RGB,0,0,0,0.36579493,False,6097,Q1 (smallest),0.6342051,0.6-0.7
/kaggle/input/cell-images-for-detecting-malaria/cell_images/Uninfected/C144P105ThinF_IMG_20151015_155004_cell_116.png,Uninfected,130,142,RGB,0,0,0,0.00049278623,False,18460,Q3,0.9995072,0.9-1.0
/kaggle/input/cell-images-for-detecting-malaria/cell_images/Uninfected/C98P59ThinF_IMG_20150917_153030_cell_30.png,Uninfected,157,136,RGB,0,0,1,0.5905831,True,21352,Q4 (largest),0.5905831,0.5-0.6
/kaggle/input/cell-images-for-detecting-malaria/cell_images/Parasitized/C77P38ThinF_IMG_20150601_155125_cell_132.png,Parasitized,130,121,RGB,1,1,1,0.9999995,False,15730,Q2,0.9999995,0.9-1.0
/kaggle/input/cell-images-for-detecting-malaria/cell_images/Parasitized/C101P62ThinF_IMG_20150918_151149_cell_88.png,Parasitized,136,139,RGB,1,1,1,0.9992483,False,18904,Q3,0.9992483,0.9-1.0
/kaggle/input/cell-images-for-detecting-malaria/cell_images/Parasitized/C144P105ThinF_IMG_20151015_163432_cell_311.png,Parasitized,145,124,RGB,1,1,1,0.60358655,False,17980,Q3,0.60358655,0.6-0.7
/kaggle/input/cell-images-for-detecting-malaria/cell_images/Parasitized/C68P29N_ThinF_IMG_20150819_134504_cell_124.png,Parasitized,139,142,RGB,1,1,1,0.9989367,False,19738,Q3,0.9989367,0.9-1.0
/kaggle/input/cell-images-for-detecting-malaria/cell_images/Parasitized/C39P4thinF_original_IMG_20150622_113126_cell_8.png,Parasitized,133,124,RGB,1,1,1,0.8428528,False,16492,Q2,0.8428528,0.8-0.9
/kaggle/input/cell-images-for-detecting-malaria/cell_images/Uninfected/C103P64ThinF_IMG_20150918_164250_cell_15.png,Uninfected,157,178,RGB,0,0,0,0.0022313676,False,27946,Q4 (largest),0.99776864,0.9-1.0
/kaggle/input/cell-images-for-detecting-malaria/cell_images/Parasitized/C66P27N_ThinF_IMG_20150818_164754_cell_199.png,Parasitized,133,136,RGB,1,1,1,0.9996469,False,18088,Q3,0.9996469,0.9-1.0
/kaggle/input/cell-images-for-detecting-malaria/cell_images/Uninfected/C221ThinF_IMG_20151106_160022_cell_15.png,Uninfected,151,139,RGB,0,0,0,0.0015163355,False,20989,Q4 (largest),0.99848366,0.9-1.0
/kaggle/input/cell-images-for-detecting-malaria/cell_images/Uninfected/C167P128ReThinF_IMG_20151201_105354_cell_29.png,Uninfected,124,127,RGB,0,0,0,0.0037013313,False,15748,Q2,0.9962987,0.9-1.0
/kaggle/input/cell-images-for-detecting-malaria/cell_images/Uninfected/C224ThinF_IMG_20151112_113157_cell_206.png,Uninfected,151,148,RGB,0,0,0,0.0012128437,False,22348,Q4 (largest),0.99878716,0.9-1.0
/kaggle/input/cell-images-for-detecting-malaria/cell_images/Parasitized/C80P41ThinF_IMG_20150817_112329_cell_17.png,Parasitized,127,139,RGB,1,1,1,0.9965478,False,17653,Q3,0.9965478,0.9-1.0
/kaggle/input/cell-images-for-detecting-malaria/cell_images/Uninfected/C46P7ThinF_IMG_20151130_205756_cell_115.png,Uninfected,112,157,RGB,0,0,0,0.0724609,False,17584,Q3,0.9275391,0.9-1.0
/kaggle/input/cell-images-for-detecting-malaria/cell_images/Parasitized/C39P4thinF_original_IMG_20150622_111942_cell_12.png,Parasitized,118,112,RGB,1,1,1,0.9984951,False,13216,Q1 (smallest),0.9984951,0.9-1.0
/kaggle/input/cell-images-for-detecting-malaria/cell_images/Uninfected/C151P112ThinF_IMG_20151115_121725_cell_72.png,Uninfected,142,115,RGB,0,0,0,0.009170342,False,16330,Q2,0.99082965,0.9-1.0
/kaggle/input/cell-images-for-detecting-malaria/cell_images/Parasitized/C189P150ThinF_IMG_20151203_141308_cell_67.png,Parasitized,109,109,RGB,1,1,1,0.9992986,False,11881,Q1 (smallest),0.9992986,0.9-1.0
/kaggle/input/cell-images-for-detecting-malaria/cell_images/Uninfected/C186P147NThinF_IMG_20151203_150322_cell_110.png,Uninfected,169,121,RGB,0,0,0,0.0078094164,False,20449,Q4 (largest),0.9921906,0.9-1.0
/kaggle/input/cell-images-for-detecting-malaria/cell_images/Parasitized/C175P136NThinF_IMG_20151127_142009_cell_209.png,Parasitized,160,193,RGB,1,1,1,0.89298296,False,30880,Q4 (largest),0.89298296,0.8-0.9
/kaggle/input/cell-images-for-detecting-malaria/cell_images/Parasitized/C39P4thinF_original_IMG_20150622_110115_cell_114.png,Parasitized,136,145,RGB,1,1,1,0.91264117,False,19720,Q3,0.91264117,0.9-1.0
/kaggle/input/cell-images-for-detecting-malaria/cell_images/Uninfected/C118P79ThinF_IMG_20151002_110834_cell_27.png,Uninfected,130,142,RGB,0,0,0,0.005931679,False,18460,Q3,0.9940683,0.9-1.0
/kaggle/input/cell-images-for-detecting-malaria/cell_images/Uninfected/C237ThinF_IMG_20151127_104748_cell_43.png,Uninfected,133,133,RGB,0,0,0,0.0031637405,False,17689,Q3,0.99683625,0.9-1.0
/kaggle/input/cell-images-for-detecting-malaria/cell_images/Uninfected/C214ThinF_IMG_20151106_114611_cell_9.png,Uninfected,130,127,RGB,0,0,0,0.0034593327,False,16510,Q2,0.99654067,0.9-1.0
/kaggle/input/cell-images-for-detecting-malaria/cell_images/Parasitized/C59P20thinF_IMG_20150803_112858_cell_163.png,Parasitized,139,133,RGB,1,1,1,0.99978745,False,18487,Q3,0.99978745,0.9-1.0
/kaggle/input/cell-images-for-detecting-malaria/cell_images/Parasitized/C136P97ThinF_IMG_20151005_141552_cell_2.png,Parasitized,106,121,RGB,1,1,1,0.9997978,False,12826,Q1 (smallest),0.9997978,0.9-1.0
/kaggle/input/cell-images-for-detecting-malaria/cell_images/Uninfected/C52P13thinF_IMG_20150725_125847_cell_27.png,Uninfected,142,130,RGB,0,0,0,0.0037826733,False,18460,Q3,0.9962173,0.9-1.0
/kaggle/input/cell-images-for-detecting-malaria/cell_images/Uninfected/C48P9thinF_IMG_20150721_160406_cell_57.png,Uninfected,115,115,RGB,0,0,0,0.007503018,False,13225,Q1 (smallest),0.99249697,0.9-1.0
/kaggle/input/cell-images-for-detecting-malaria/cell_images/Parasitized/C106P67ThinF_IMG_20150924_104044_cell_167.png,Parasitized,112,133,RGB,1,1,1,0.99356705,False,14896,Q2,0.99356705,0.9-1.0
/kaggle/input/cell-images-for-detecting-malaria/cell_images/Parasitized/C39P4thinF_original_IMG_20150622_113126_cell_10.png,Parasitized,118,139,RGB,1,1,1,0.9048042,False,16402,Q2,0.9048042,0.9-1.0
/kaggle/input/cell-images-for-detecting-malaria/cell_images/Parasitized/C186P147NThinF_IMG_20151203_150408_cell_170.png,Parasitized,136,172,RGB,1,1,1,0.9914102,False,23392,Q4 (largest),0.9914102,0.9-1.0
/kaggle/input/cell-images-for-detecting-malaria/cell_images/Uninfected/C178P139NThinF_IMG_20151201_154524_cell_132.png,Uninfected,130,133,RGB,0,0,0,0.061809536,False,17290,Q2,0.93819046,0.9-1.0
/kaggle/input/cell-images-for-detecting-malaria/cell_images/Uninfected/C66P27N_ThinF_IMG_20150818_163419_cell_125.png,Uninfected,103,88,RGB,0,0,0,0.036662206,False,9064,Q1 (smallest),0.9633378,0.9-1.0
/kaggle/input/cell-images-for-detecting-malaria/cell_images/Parasitized/C172P133ThinF_IMG_20151119_155019_cell_242.png,Parasitized,148,139,RGB,1,1,1,0.9861924,False,20572,Q4 (largest),0.9861924,0.9-1.0
/kaggle/input/cell-images-for-detecting-malaria/cell_images/Uninfected/C137P98ThinF_IMG_20151005_163251_cell_19.png,Uninfected,106,118,RGB,0,0,0,0.0015639636,False,12508,Q1 (smallest),0.99843603,0.9-1.0
/kaggle/input/cell-images-for-detecting-malaria/cell_images/Parasitized/C132P93ThinF_IMG_20151004_151733_cell_135.png,Parasitized,133,148,RGB,1,1,1,0.99985397,False,19684,Q3,0.99985397,0.9-1.0
/kaggle/input/cell-images-for-detecting-malaria/cell_images/Uninfected/C146P107ThinF_IMG_20151018_135846_cell_173.png,Uninfected,157,133,RGB,0,0,0,0.011957481,False,20881,Q4 (largest),0.98804253,0.9-1.0
/kaggle/input/cell-images-for-detecting-malaria/cell_images/Uninfected/C207ThinF_IMG_20151029_144152_cell_4.png,Uninfected,166,148,RGB,0,0,0,0.06282379,False,24568,Q4 (largest),0.9371762,0.9-1.0
/kaggle/input/cell-images-for-detecting-malaria/cell_images/Uninfected/C133P94ThinF_IMG_20151004_154158_cell_90.png,Uninfected,124,130,RGB,0,0,0,0.0028205481,False,16120,Q2,0.99717945,0.9-1.0
/kaggle/input/cell-images-for-detecting-malaria/cell_images/Uninfected/C103P64ThinF_IMG_20150918_165016_cell_31.png,Uninfected,136,166,RGB,0,0,0,0.0010363641,False,22576,Q4 (largest),0.99896365,0.9-1.0
/kaggle/input/cell-images-for-detecting-malaria/cell_images/Uninfected/C124P85ThinF_IMG_20151002_154846_cell_2.png,Uninfected,151,133,RGB,0,0,0,0.005039285,False,20083,Q3,0.9949607,0.9-1.0
/kaggle/input/cell-images-for-detecting-malaria/cell_images/Parasitized/C51AP12thinF_IMG_20150724_155557_cell_78.png,Parasitized,157,115,RGB,1,1,1,0.94335157,False,18055,Q3,0.94335157,0.9-1.0
/kaggle/input/cell-images-for-detecting-malaria/cell_images/Parasitized/C132P93ThinF_IMG_20151004_152045_cell_130.png,Parasitized,145,139,RGB,1,1,1,0.99706084,False,20155,Q3,0.99706084,0.9-1.0
/kaggle/input/cell-images-for-detecting-malaria/cell_images/Uninfected/C238NThinF_IMG_20151207_114444_cell_133.png,Uninfected,121,103,RGB,0,0,0,0.062211405,False,12463,Q1 (smallest),0.9377886,0.9-1.0
/kaggle/input/cell-images-for-detecting-malaria/cell_images/Parasitized/C122P83ThinF_IMG_20151002_150207_cell_159.png,Parasitized,157,151,RGB,1,1,1,0.99124277,False,23707,Q4 (largest),0.99124277,0.9-1.0
/kaggle/input/cell-images-for-detecting-malaria/cell_images/Parasitized/C58P19thinF_IMG_20150802_122338_cell_166.png,Parasitized,127,118,RGB,1,1,0,0.022619383,True,14986,Q2,0.97738063,0.9-1.0
/kaggle/input/cell-images-for-detecting-malaria/cell_images/Parasitized/C181P142ThinF_IMG_20151127_155722_cell_201.png,Parasitized,127,157,RGB,1,1,1,0.8779832,False,19939,Q3,0.8779832,0.8-0.9
/kaggle/input/cell-images-for-detecting-malaria/cell_images/Uninfected/C47P8thinOriginalOlympusCX21_IMG_20150717_174222_cell_17.png,Uninfected,121,133,RGB,0,0,0,0.010405564,False,16093,Q2,0.98959446,0.9-1.0
/kaggle/input/cell-images-for-detecting-malaria/cell_images/Parasitized/C169P130ThinF_IMG_20151118_163539_cell_236.png,Parasitized,145,112,RGB,1,1,1,0.9209991,False,16240,Q2,0.9209991,0.9-1.0
/kaggle/input/cell-images-for-detecting-malaria/cell_images/Uninfected/C148P109ThinF_IMG_20151115_112855_cell_245.png,Uninfected,121,130,RGB,0,0,0,0.03087079,False,15730,Q2,0.9691292,0.9-1.0
/kaggle/input/cell-images-for-detecting-malaria/cell_images/Parasitized/C180P141NThinF_IMG_20151201_164714_cell_183.png,Parasitized,145,133,RGB,1,1,1,0.99904007,False,19285,Q3,0.99904007,0.9-1.0
/kaggle/input/cell-images-for-detecting-malaria/cell_images/Parasitized/C136P97ThinF_IMG_20151005_143329_cell_92.png,Parasitized,115,115,RGB,1,1,1,0.9985128,False,13225,Q1 (smallest),0.9985128,0.9-1.0
/kaggle/input/cell-images-for-detecting-malaria/cell_images/Uninfected/C93P54ThinF_IMG_20150821_162641_cell_105.png,Uninfected,100,142,RGB,0,0,0,0.011132959,False,14200,Q1 (smallest),0.98886704,0.9-1.0
/kaggle/input/cell-images-for-detecting-malaria/cell_images/Parasitized/C133P94ThinF_IMG_20151004_154351_cell_118.png,Parasitized,157,190,RGB,1,1,1,0.99964297,False,29830,Q4 (largest),0.99964297,0.9-1.0
/kaggle/input/cell-images-for-detecting-malaria/cell_images/Parasitized/C80P41ThinF_IMG_20150817_111121_cell_162.png,Parasitized,136,142,RGB,1,1,1,0.6563661,False,19312,Q3,0.6563661,0.6-0.7
/kaggle/input/cell-images-for-detecting-malaria/cell_images/Uninfected/C130P91ThinF_IMG_20151004_141341_cell_66.png,Uninfected,163,151,RGB,0,0,0,0.0022593958,False,24613,Q4 (largest),0.9977406,0.9-1.0
/kaggle/input/cell-images-for-detecting-malaria/cell_images/Parasitized/C116P77ThinF_IMG_20150930_172112_cell_105.png,Parasitized,106,133,RGB,1,1,1,0.5337375,False,14098,Q1 (smallest),0.5337375,0.5-0.6
/kaggle/input/cell-images-for-detecting-malaria/cell_images/Parasitized/C176P137NThinF_IMG_20151201_114035_cell_132.png,Parasitized,136,142,RGB,1,1,1,0.99951446,False,19312,Q3,0.99951446,0.9-1.0
/kaggle/input/cell-images-for-detecting-malaria/cell_images/Uninfected/C147P108ThinF_IMG_20151115_101317_cell_47.png,Uninfected,136,130,RGB,0,0,0,0.00082034274,False,17680,Q3,0.99917966,0.9-1.0
/kaggle/input/cell-images-for-detecting-malaria/cell_images/Parasitized/C133P94ThinF_IMG_20151004_154919_cell_126.png,Parasitized,121,127,RGB,1,1,1,0.9999999,False,15367,Q2,0.9999999,0.9-1.0
/kaggle/input/cell-images-for-detecting-malaria/cell_images/Uninfected/C165P126ThinF_IMG_20151117_172356_cell_14.png,Uninfected,100,106,RGB,0,0,0,0.008235334,False,10600,Q1 (smallest),0.99176466,0.9-1.0
/kaggle/input/cell-images-for-detecting-malaria/cell_images/Uninfected/C120P81ThinF_IMG_20151002_130150_cell_4.png,Uninfected,148,148,RGB,0,0,0,0.0018898372,False,21904,Q4 (largest),0.9981102,0.9-1.0
/kaggle/input/cell-images-for-detecting-malaria/cell_images/Parasitized/C136P97ThinF_IMG_20151005_144449_cell_20.png,Parasitized,112,115,RGB,1,1,1,0.99751854,False,12880,Q1 (smallest),0.99751854,0.9-1.0
/kaggle/input/cell-images-for-detecting-malaria/cell_images/Uninfected/C241NThinF_IMG_20151207_124208_cell_150.png,Uninfected,124,124,RGB,0,0,0,0.0025696664,False,15376,Q2,0.9974303,0.9-1.0
/kaggle/input/cell-images-for-detecting-malaria/cell_images/Parasitized/C39P4thinF_original_IMG_20150622_111723_cell_93.png,Parasitized,127,115,RGB,1,1,1,0.98775786,False,14605,Q1 (smallest),0.98775786,0.9-1.0
/kaggle/input/cell-images-for-detecting-malaria/cell_images/Uninfected/C83P44ThinF_IMG_20150817_134331_cell_92.png,Uninfected,151,148,RGB,0,0,0,0.0011848278,False,22348,Q4 (largest),0.9988152,0.9-1.0
/kaggle/input/cell-images-for-detecting-malaria/cell_images/Parasitized/C118P79ThinF_IMG_20151002_110609_cell_16.png,Parasitized,154,142,RGB,1,1,1,0.99999726,False,21868,Q4 (largest),0.99999726,0.9-1.0
/kaggle/input/cell-images-for-detecting-malaria/cell_images/Uninfected/C131P92ThinF_IMG_20151004_145410_cell_20.png,Uninfected,121,145,RGB,0,0,0,0.0017742435,False,17545,Q3,0.99822575,0.9-1.0
/kaggle/input/cell-images-for-detecting-malaria/cell_images/Uninfected/C209ThinF_IMG_20151029_160927_cell_37.png,Uninfected,118,109,RGB,0,0,0,0.00023870938,False,12862,Q1 (smallest),0.9997613,0.9-1.0
/kaggle/input/cell-images-for-detecting-malaria/cell_images/Uninfected/C94P55ThinF_IMG_20150821_165118_cell_74.png,Uninfected,112,109,RGB,0,0,0,0.013643861,False,12208,Q1 (smallest),0.98635614,0.9-1.0
/kaggle/input/cell-images-for-detecting-malaria/cell_images/Parasitized/C130P91ThinF_IMG_20151004_141341_cell_153.png,Parasitized,148,142,RGB,1,1,1,0.99262154,False,21016,Q4 (largest),0.99262154,0.9-1.0
/kaggle/input/cell-images-for-detecting-malaria/cell_images/Uninfected/C85P46ThinF_IMG_20150820_110143_cell_125.png,Uninfected,184,193,RGB,0,0,0,0.03045366,False,35512,Q4 (largest),0.9695463,0.9-1.0
/kaggle/input/cell-images-for-detecting-malaria/cell_images/Uninfected/C3thin_original_IMG_20150608_163047_cell_147.png,Uninfected,118,109,RGB,0,0,0,0.0017657351,False,12862,Q1 (smallest),0.9982343,0.9-1.0
/kaggle/input/cell-images-for-detecting-malaria/cell_images/Uninfected/C72P33_ThinF_IMG_20150815_104307_cell_208.png,Uninfected,148,124,RGB,0,0,0,0.005132713,False,18352,Q3,0.99486727,0.9-1.0
/kaggle/input/cell-images-for-detecting-malaria/cell_images/Parasitized/C88P49ThinF_IMG_20150820_151626_cell_188.png,Parasitized,85,85,RGB,1,1,0,0.12016701,True,7225,Q1 (smallest),0.879833,0.8-0.9
/kaggle/input/cell-images-for-detecting-malaria/cell_images/Parasitized/C154P115ThinF_IMG_20151115_141837_cell_205.png,Parasitized,124,124,RGB,1,1,1,0.9995559,False,15376,Q2,0.9995559,0.9-1.0
/kaggle/input/cell-images-for-detecting-malaria/cell_images/Parasitized/C176P137NThinF_IMG_20151201_122811_cell_143.png,Parasitized,130,109,RGB,1,1,1,0.9839167,False,14170,Q1 (smallest),0.9839167,0.9-1.0
/kaggle/input/cell-images-for-detecting-malaria/cell_images/Parasitized/C59P20thinF_IMG_20150803_113809_cell_8.png,Parasitized,130,130,RGB,1,1,1,0.9999517,False,16900,Q2,0.9999517,0.9-1.0
/kaggle/input/cell-images-for-detecting-malaria/cell_images/Parasitized/C99P60ThinF_IMG_20150918_142128_cell_106.png,Parasitized,151,157,RGB,1,1,1,0.95392716,False,23707,Q4 (largest),0.95392716,0.9-1.0
/kaggle/input/cell-images-for-detecting-malaria/cell_images/Uninfected/C228ThinF_IMG_20151112_142216_cell_222.png,Uninfected,127,139,RGB,0,0,0,0.0011580201,False,17653,Q3,0.998842,0.9-1.0
/kaggle/input/cell-images-for-detecting-malaria/cell_images/Parasitized/C136P97ThinF_IMG_20151005_144727_cell_108.png,Parasitized,103,103,RGB,1,1,1,0.99373794,False,10609,Q1 (smallest),0.99373794,0.9-1.0
/kaggle/input/cell-images-for-detecting-malaria/cell_images/Uninfected/C66P27N_ThinF_IMG_20150818_164702_cell_142.png,Uninfected,145,148,RGB,0,0,0,0.0132237235,False,21460,Q4 (largest),0.9867763,0.9-1.0
/kaggle/input/cell-images-for-detecting-malaria/cell_images/Parasitized/C180P141NThinF_IMG_20151201_165659_cell_6.png,Parasitized,130,115,RGB,1,1,1,0.9975629,False,14950,Q2,0.9975629,0.9-1.0
/kaggle/input/cell-images-for-detecting-malaria/cell_images/Uninfected/C104P65ThinF_IMG_20150918_172639_cell_144.png,Uninfected,142,154,RGB,0,0,0,0.0019043103,False,21868,Q4 (largest),0.9980957,0.9-1.0
/kaggle/input/cell-images-for-detecting-malaria/cell_images/Uninfected/C171P132ThinF_IMG_20151119_153425_cell_191.png,Uninfected,118,130,RGB,0,0,0,0.04557789,False,15340,Q2,0.9544221,0.9-1.0
/kaggle/input/cell-images-for-detecting-malaria/cell_images/Parasitized/C184P145ThinF_IMG_20151203_102405_cell_163.png,Parasitized,139,127,RGB,1,1,1,0.99905926,False,17653,Q3,0.99905926,0.9-1.0
/kaggle/input/cell-images-for-detecting-malaria/cell_images/Uninfected/C180P141NThinF_IMG_20151201_165601_cell_115.png,Uninfected,142,127,RGB,0,0,0,0.014947282,False,18034,Q3,0.9850527,0.9-1.0
/kaggle/input/cell-images-for-detecting-malaria/cell_images/Uninfected/C38P3thinF_original_IMG_20150621_112246_cell_35.png,Uninfected,139,145,RGB,0,0,0,0.02536517,False,20155,Q3,0.9746348,0.9-1.0
/kaggle/input/cell-images-for-detecting-malaria/cell_images/Uninfected/C217ThinF_IMG_20151106_142147_cell_71.png,Uninfected,109,121,RGB,0,0,0,0.00065282057,False,13189,Q1 (smallest),0.99934715,0.9-1.0
/kaggle/input/cell-images-for-detecting-malaria/cell_images/Uninfected/C82P43ThinF_IMG_20150817_123652_cell_102.png,Uninfected,160,124,RGB,0,0,0,0.0026396473,False,19840,Q3,0.99736035,0.9-1.0
/kaggle/input/cell-images-for-detecting-malaria/cell_images/Parasitized/C39P4thinF_original_IMG_20150622_105335_cell_4.png,Parasitized,109,112,RGB,1,1,1,0.9962901,False,12208,Q1 (smallest),0.9962901,0.9-1.0
/kaggle/input/cell-images-for-detecting-malaria/cell_images/Uninfected/C169P130ThinF_IMG_20151119_144354_cell_171.png,Uninfected,115,118,RGB,0,0,0,0.002062619,False,13570,Q1 (smallest),0.9979374,0.9-1.0
/kaggle/input/cell-images-for-detecting-malaria/cell_images/Uninfected/C42P5thin_original_IMG_20150623_134426_cell_37.png,Uninfected,154,163,RGB,0,0,0,0.0041699274,False,25102,Q4 (largest),0.99583006,0.9-1.0
/kaggle/input/cell-images-for-detecting-malaria/cell_images/Uninfected/C215ThinF_IMG_20151106_133247_cell_79.png,Uninfected,124,142,RGB,0,0,0,0.00029174724,False,17608,Q3,0.99970824,0.9-1.0
/kaggle/input/cell-images-for-detecting-malaria/cell_images/Parasitized/C182P143NThinF_IMG_20151201_172057_cell_142.png,Parasitized,100,94,RGB,1,1,1,0.9832408,False,9400,Q1 (smallest),0.9832408,0.9-1.0
/kaggle/input/cell-images-for-detecting-malaria/cell_images/Uninfected/C178P139NThinF_IMG_20151201_153246_cell_127.png,Uninfected,112,112,RGB,0,0,0,0.023003906,False,12544,Q1 (smallest),0.97699606,0.9-1.0
/kaggle/input/cell-images-for-detecting-malaria/cell_images/Uninfected/C125P86ThinF_IMG_20151004_102205_cell_57.png,Uninfected,121,148,RGB,0,0,0,0.005712991,False,17908,Q3,0.994287,0.9-1.0
/kaggle/input/cell-images-for-detecting-malaria/cell_images/Uninfected/C153P114ThinF_IMG_20151115_135911_cell_177.png,Uninfected,127,124,RGB,0,0,0,0.004095753,False,15748,Q2,0.99590427,0.9-1.0
/kaggle/input/cell-images-for-detecting-malaria/cell_images/Parasitized/C140P101ThinF_IMG_20151005_211735_cell_158.png,Parasitized,124,139,RGB,1,1,1,0.9847519,False,17236,Q2,0.9847519,0.9-1.0
/kaggle/input/cell-images-for-detecting-malaria/cell_images/Parasitized/C45P6ThinF_IMG_20151130_160409_cell_196.png,Parasitized,115,127,RGB,1,1,1,0.999297,False,14605,Q1 (smallest),0.999297,0.9-1.0
/kaggle/input/cell-images-for-detecting-malaria/cell_images/Uninfected/C114P75ThinF_IMG_20150930_150057_cell_113.png,Uninfected,136,151,RGB,0,0,0,0.00923241,False,20536,Q4 (largest),0.9907676,0.9-1.0
/kaggle/input/cell-images-for-detecting-malaria/cell_images/Uninfected/C213ThinF_IMG_20151106_112422_cell_180.png,Uninfected,124,118,RGB,0,0,0,0.0010270112,False,14632,Q1 (smallest),0.998973,0.9-1.0
/kaggle/input/cell-images-for-detecting-malaria/cell_images/Uninfected/C162P123ThinF_IMG_20151116_104451_cell_111.png,Uninfected,136,133,RGB,0,0,0,0.075940505,False,18088,Q3,0.9240595,0.9-1.0
/kaggle/input/cell-images-for-detecting-malaria/cell_images/Parasitized/C81P42ThinF_IMG_20150817_115942_cell_220.png,Parasitized,109,130,RGB,1,1,1,0.995107,False,14170,Q1 (smallest),0.995107,0.9-1.0
/kaggle/input/cell-images-for-detecting-malaria/cell_images/Parasitized/C118P79ThinF_IMG_20151002_105125_cell_148.png,Parasitized,148,148,RGB,1,1,1,0.99688774,False,21904,Q4 (largest),0.99688774,0.9-1.0
/kaggle/input/cell-images-for-detecting-malaria/cell_images/Parasitized/C129P90ThinF_IMG_20151004_134944_cell_24.png,Parasitized,136,130,RGB,1,1,1,0.99168044,False,17680,Q3,0.99168044,0.9-1.0
/kaggle/input/cell-images-for-detecting-malaria/cell_images/Parasitized/C133P94ThinF_IMG_20151004_155912_cell_10.png,Parasitized,118,139,RGB,1,1,1,0.99884164,False,16402,Q2,0.99884164,0.9-1.0
/kaggle/input/cell-images-for-detecting-malaria/cell_images/Parasitized/C68P29N_ThinF_IMG_20150819_134112_cell_158.png,Parasitized,202,202,RGB,1,1,1,0.99999833,False,40804,Q4 (largest),0.99999833,0.9-1.0
/kaggle/input/cell-images-for-detecting-malaria/cell_images/Uninfected/C150P111ThinF_IMG_20151115_120244_cell_136.png,Uninfected,115,124,RGB,0,0,0,0.002012833,False,14260,Q1 (smallest),0.99798715,0.9-1.0
/kaggle/input/cell-images-for-detecting-malaria/cell_images/Parasitized/C172P133ThinF_IMG_20151119_154936_cell_252.png,Parasitized,148,157,RGB,1,1,1,0.97914034,False,23236,Q4 (largest),0.97914034,0.9-1.0
/kaggle/input/cell-images-for-detecting-malaria/cell_images/Parasitized/C184P145ThinF_IMG_20151203_102405_cell_154.png,Parasitized,139,148,RGB,1,1,1,0.9964095,False,20572,Q4 (largest),0.9964095,0.9-1.0
/kaggle/input/cell-images-for-detecting-malaria/cell_images/Parasitized/C97P58ThinF_IMG_20150917_151551_cell_177.png,Parasitized,160,148,RGB,1,1,1,0.9305371,False,23680,Q4 (largest),0.9305371,0.9-1.0
/kaggle/input/cell-images-for-detecting-malaria/cell_images/Parasitized/C59P20thinF_IMG_20150803_112733_cell_178.png,Parasitized,160,151,RGB,1,1,1,0.99984956,False,24160,Q4 (largest),0.99984956,0.9-1.0
/kaggle/input/cell-images-for-detecting-malaria/cell_images/Parasitized/C89P50ThinF_IMG_20150820_162153_cell_190.png,Parasitized,148,124,RGB,1,1,1,0.9971029,False,18352,Q3,0.9971029,0.9-1.0
/kaggle/input/cell-images-for-detecting-malaria/cell_images/Parasitized/C120P81ThinF_IMG_20151002_130150_cell_202.png,Parasitized,148,142,RGB,1,1,1,0.9997664,False,21016,Q4 (largest),0.9997664,0.9-1.0
/kaggle/input/cell-images-for-detecting-malaria/cell_images/Uninfected/C137P98ThinF_IMG_20151005_161859_cell_8.png,Uninfected,91,82,RGB,0,0,0,0.023475701,False,7462,Q1 (smallest),0.9765243,0.9-1.0
/kaggle/input/cell-images-for-detecting-malaria/cell_images/Parasitized/C178P139NThinF_IMG_20151201_154025_cell_128.png,Parasitized,133,145,RGB,1,1,1,0.9977272,False,19285,Q3,0.9977272,0.9-1.0
/kaggle/input/cell-images-for-detecting-malaria/cell_images/Parasitized/C172P133ThinF_IMG_20151119_155343_cell_287.png,Parasitized,136,154,RGB,1,1,1,0.9871579,False,20944,Q4 (largest),0.9871579,0.9-1.0
/kaggle/input/cell-images-for-detecting-malaria/cell_images/Parasitized/C68P29N_ThinF_IMG_20150819_133350_cell_157.png,Parasitized,151,130,RGB,1,1,1,0.9913538,False,19630,Q3,0.9913538,0.9-1.0
/kaggle/input/cell-images-for-detecting-malaria/cell_images/Parasitized/C70P31_ThinF_IMG_20150813_131924_cell_10.png,Parasitized,85,73,RGB,1,1,1,0.99834204,False,6205,Q1 (smallest),0.99834204,0.9-1.0
/kaggle/input/cell-images-for-detecting-malaria/cell_images/Uninfected/C137P98ThinF_IMG_20151005_162010_cell_47.png,Uninfected,127,118,RGB,0,0,0,0.0034247588,False,14986,Q2,0.99657524,0.9-1.0
/kaggle/input/cell-images-for-detecting-malaria/cell_images/Uninfected/C137P98ThinF_IMG_20151005_163218_cell_15.png,Uninfected,85,109,RGB,0,0,0,0.0047530923,False,9265,Q1 (smallest),0.9952469,0.9-1.0
/kaggle/input/cell-images-for-detecting-malaria/cell_images/Uninfected/C96P57ThinF_IMG_20150824_112132_cell_63.png,Uninfected,130,148,RGB,0,0,0,0.026288785,False,19240,Q3,0.9737112,0.9-1.0
/kaggle/input/cell-images-for-detecting-malaria/cell_images/Parasitized/C90P51ThinF_IMG_20150821_115700_cell_262.png,Parasitized,115,115,RGB,1,1,1,0.99943453,False,13225,Q1 (smallest),0.99943453,0.9-1.0
/kaggle/input/cell-images-for-detecting-malaria/cell_images/Parasitized/C76P37ThinF_IMG_20150815_171454_cell_255.png,Parasitized,151,130,RGB,1,1,1,0.99719286,False,19630,Q3,0.99719286,0.9-1.0
/kaggle/input/cell-images-for-detecting-malaria/cell_images/Uninfected/C66P27N_ThinF_IMG_20150818_164008_cell_54.png,Uninfected,133,133,RGB,0,0,0,0.0051391795,False,17689,Q3,0.9948608,0.9-1.0
/kaggle/input/cell-images-for-detecting-malaria/cell_images/Parasitized/C133P94ThinF_IMG_20151004_153930_cell_100.png,Parasitized,112,124,RGB,1,1,1,0.9999962,False,13888,Q1 (smallest),0.9999962,0.9-1.0
/kaggle/input/cell-images-for-detecting-malaria/cell_images/Uninfected/C184P145ThinF_IMG_20151203_103824_cell_37.png,Uninfected,106,118,RGB,0,0,0,0.003252658,False,12508,Q1 (smallest),0.9967473,0.9-1.0
/kaggle/input/cell-images-for-detecting-malaria/cell_images/Uninfected/C158P119ThinF_IMG_20151115_181035_cell_23.png,Uninfected,127,139,RGB,0,0,0,0.05551184,False,17653,Q3,0.94448817,0.9-1.0
/kaggle/input/cell-images-for-detecting-malaria/cell_images/Uninfected/C171P132ThinF_IMG_20151119_153512_cell_114.png,Uninfected,124,127,RGB,0,0,0,0.00023588717,False,15748,Q2,0.9997641,0.9-1.0
/kaggle/input/cell-images-for-detecting-malaria/cell_images/Parasitized/C99P60ThinF_IMG_20150918_141620_cell_42.png,Parasitized,145,154,RGB,1,1,1,0.99734724,False,22330,Q4 (largest),0.99734724,0.9-1.0
/kaggle/input/cell-images-for-detecting-malaria/cell_images/Uninfected/C227ThinF_IMG_20151112_135818_cell_138.png,Uninfected,118,112,RGB,0,0,0,0.0020455467,False,13216,Q1 (smallest),0.9979544,0.9-1.0
/kaggle/input/cell-images-for-detecting-malaria/cell_images/Parasitized/C131P92ThinF_IMG_20151004_145302_cell_131.png,Parasitized,121,145,RGB,1,1,1,0.9999757,False,17545,Q3,0.9999757,0.9-1.0
/kaggle/input/cell-images-for-detecting-malaria/cell_images/Parasitized/C109P70ThinF_IMG_20150930_103811_cell_157.png,Parasitized,130,139,RGB,1,1,1,0.9275129,False,18070,Q3,0.9275129,0.9-1.0
/kaggle/input/cell-images-for-detecting-malaria/cell_images/Uninfected/C131P92ThinF_IMG_20151004_151001_cell_110.png,Uninfected,118,139,RGB,0,0,0,0.00081687863,False,16402,Q2,0.9991831,0.9-1.0
/kaggle/input/cell-images-for-detecting-malaria/cell_images/Parasitized/C109P70ThinF_IMG_20150930_103811_cell_159.png,Parasitized,118,127,RGB,1,1,1,0.66870296,False,14986,Q2,0.66870296,0.6-0.7
/kaggle/input/cell-images-for-detecting-malaria/cell_images/Parasitized/C184P145ThinF_IMG_20151203_104440_cell_15.png,Parasitized,145,133,RGB,1,1,1,0.99940014,False,19285,Q3,0.99940014,0.9-1.0
/kaggle/input/cell-images-for-detecting-malaria/cell_images/Uninfected/C131P92ThinF_IMG_20151004_150208_cell_79.png,Uninfected,166,145,RGB,0,0,0,0.0015814797,False,24070,Q4 (largest),0.9984185,0.9-1.0
/kaggle/input/cell-images-for-detecting-malaria/cell_images/Parasitized/C140P101ThinF_IMG_20151005_211735_cell_150.png,Parasitized,76,166,RGB,1,1,1,0.99840504,False,12616,Q1 (smallest),0.99840504,0.9-1.0
/kaggle/input/cell-images-for-detecting-malaria/cell_images/Parasitized/C133P94ThinF_IMG_20151004_155721_cell_121.png,Parasitized,139,130,RGB,1,1,1,0.99808395,False,18070,Q3,0.99808395,0.9-1.0
/kaggle/input/cell-images-for-detecting-malaria/cell_images/Parasitized/C48P9thinF_IMG_20150721_164031_cell_21.png,Parasitized,151,139,RGB,1,1,1,0.987909,False,20989,Q4 (largest),0.987909,0.9-1.0
/kaggle/input/cell-images-for-detecting-malaria/cell_images/Uninfected/C218ThinF_IMG_20151106_144143_cell_199.png,Uninfected,139,142,RGB,0,0,0,0.00043608324,False,19738,Q3,0.99956393,0.9-1.0
/kaggle/input/cell-images-for-detecting-malaria/cell_images/Parasitized/C95P56ThinF_IMG_20150821_172351_cell_104.png,Parasitized,142,160,RGB,1,1,1,0.9974111,False,22720,Q4 (largest),0.9974111,0.9-1.0
/kaggle/input/cell-images-for-detecting-malaria/cell_images/Parasitized/C134P95ThinF_IMG_20151005_122449_cell_134.png,Parasitized,118,166,RGB,1,1,1,0.9998512,False,19588,Q3,0.9998512,0.9-1.0
/kaggle/input/cell-images-for-detecting-malaria/cell_images/Parasitized/C181P142ThinF_IMG_20151127_155722_cell_200.png,Parasitized,139,118,RGB,1,1,1,0.99009985,False,16402,Q2,0.99009985,0.9-1.0
/kaggle/input/cell-images-for-detecting-malaria/cell_images/Uninfected/C165P126ThinF_IMG_20151117_171006_cell_103.png,Uninfected,136,145,RGB,0,0,0,0.00045071688,False,19720,Q3,0.99954927,0.9-1.0
/kaggle/input/cell-images-for-detecting-malaria/cell_images/Uninfected/C61P22N_ThinF_IMG_20150818_112433_cell_48.png,Uninfected,124,133,RGB,0,0,0,0.0029947103,False,16492,Q2,0.9970053,0.9-1.0
/kaggle/input/cell-images-for-detecting-malaria/cell_images/Uninfected/C56P17thinF_IMG_20150728_160256_cell_59.png,Uninfected,130,121,RGB,0,0,0,0.06562644,False,15730,Q2,0.93437356,0.9-1.0
/kaggle/input/cell-images-for-detecting-malaria/cell_images/Uninfected/C56P17thinF_IMG_20150728_151330_cell_37.png,Uninfected,130,139,RGB,0,0,0,0.17051177,False,18070,Q3,0.8294882,0.8-0.9
/kaggle/input/cell-images-for-detecting-malaria/cell_images/Uninfected/C46P7ThinF_IMG_20151130_205558_cell_55.png,Uninfected,136,136,RGB,0,0,0,0.08192606,False,18496,Q3,0.91807395,0.9-1.0
/kaggle/input/cell-images-for-detecting-malaria/cell_images/Uninfected/C204ThinF_IMG_20151029_112231_cell_172.png,Uninfected,148,145,RGB,0,0,0,0.0028173458,False,21460,Q4 (largest),0.99718267,0.9-1.0
/kaggle/input/cell-images-for-detecting-malaria/cell_images/Parasitized/C39P4thinF_original_IMG_20150622_112119_cell_21.png,Parasitized,202,118,RGB,1,1,1,0.93427867,False,23836,Q4 (largest),0.93427867,0.9-1.0
/kaggle/input/cell-images-for-detecting-malaria/cell_images/Parasitized/C184P145ThinF_IMG_20151203_104153_cell_128.png,Parasitized,145,151,RGB,1,1,1,0.99977106,False,21895,Q4 (largest),0.99977106,0.9-1.0
/kaggle/input/cell-images-for-detecting-malaria/cell_images/Uninfected/C151P112ThinF_IMG_20151115_121942_cell_53.png,Uninfected,127,109,RGB,0,0,0,0.0003004883,False,13843,Q1 (smallest),0.99969953,0.9-1.0
/kaggle/input/cell-images-for-detecting-malaria/cell_images/Parasitized/C136P97ThinF_IMG_20151005_141946_cell_106.png,Parasitized,115,121,RGB,1,1,1,0.99999785,False,13915,Q1 (smallest),0.99999785,0.9-1.0
/kaggle/input/cell-images-for-detecting-malaria/cell_images/Parasitized/C97P58ThinF_IMG_20150917_151320_cell_162.png,Parasitized,124,172,RGB,1,1,1,0.90832597,False,21328,Q4 (largest),0.90832597,0.9-1.0
/kaggle/input/cell-images-for-detecting-malaria/cell_images/Parasitized/C84P45ThinF_IMG_20150818_104156_cell_121.png,Parasitized,169,166,RGB,1,1,1,0.9940342,False,28054,Q4 (largest),0.9940342,0.9-1.0
/kaggle/input/cell-images-for-detecting-malaria/cell_images/Parasitized/C123P84ThinF_IMG_20151002_151432_cell_159.png,Parasitized,136,139,RGB,1,1,1,0.99715,False,18904,Q3,0.99715,0.9-1.0
/kaggle/input/cell-images-for-detecting-malaria/cell_images/Parasitized/C68P29N_ThinF_IMG_20150819_133236_cell_155.png,Parasitized,112,115,RGB,1,1,1,0.704989,False,12880,Q1 (smallest),0.704989,0.7-0.8
/kaggle/input/cell-images-for-detecting-malaria/cell_images/Uninfected/C231ThinF_IMG_20151112_153041_cell_137.png,Uninfected,154,136,RGB,0,0,0,0.014146893,False,20944,Q4 (largest),0.98585314,0.9-1.0
/kaggle/input/cell-images-for-detecting-malaria/cell_images/Parasitized/C182P143NThinF_IMG_20151201_172759_cell_52.png,Parasitized,100,100,RGB,1,1,1,0.9995004,False,10000,Q1 (smallest),0.9995004,0.9-1.0
/kaggle/input/cell-images-for-detecting-malaria/cell_images/Parasitized/C80P41ThinF_IMG_20150817_111943_cell_1.png,Parasitized,133,124,RGB,1,1,1,0.99966717,False,16492,Q2,0.99966717,0.9-1.0
/kaggle/input/cell-images-for-detecting-malaria/cell_images/Parasitized/C189P150ThinF_IMG_20151203_141004_cell_80.png,Parasitized,85,88,RGB,1,1,0,0.32906908,True,7480,Q1 (smallest),0.6709309,0.6-0.7
/kaggle/input/cell-images-for-detecting-malaria/cell_images/Parasitized/C132P93ThinF_IMG_20151004_153030_cell_41.png,Parasitized,127,124,RGB,1,1,1,0.99967223,False,15748,Q2,0.99967223,0.9-1.0
/kaggle/input/cell-images-for-detecting-malaria/cell_images/Parasitized/C158P119ThinF_IMG_20151115_181136_cell_197.png,Parasitized,142,136,RGB,1,1,1,0.99621314,False,19312,Q3,0.99621314,0.9-1.0
/kaggle/input/cell-images-for-detecting-malaria/cell_images/Uninfected/C229ThinF_IMG_20151112_144534_cell_176.png,Uninfected,127,127,RGB,0,0,0,0.0003432522,False,16129,Q2,0.99965674,0.9-1.0
/kaggle/input/cell-images-for-detecting-malaria/cell_images/Parasitized/C126P87ThinF_IMG_20151004_104728_cell_130.png,Parasitized,106,136,RGB,1,1,1,0.9998493,False,14416,Q1 (smallest),0.9998493,0.9-1.0
/kaggle/input/cell-images-for-detecting-malaria/cell_images/Uninfected/C38P3thinF_original_IMG_20150621_112227_cell_116.png,Uninfected,106,124,RGB,0,0,0,0.11594413,False,13144,Q1 (smallest),0.88405585,0.8-0.9
/kaggle/input/cell-images-for-detecting-malaria/cell_images/Uninfected/C174P135NThinF_IMG_20151127_135342_cell_117.png,Uninfected,130,118,RGB,0,0,0,0.00075443194,False,15340,Q2,0.9992456,0.9-1.0
/kaggle/input/cell-images-for-detecting-malaria/cell_images/Parasitized/C137P98ThinF_IMG_20151005_161659_cell_10.png,Parasitized,88,94,RGB,1,1,1,0.99720675,False,8272,Q1 (smallest),0.99720675,0.9-1.0
/kaggle/input/cell-images-for-detecting-malaria/cell_images/Parasitized/C118P79ThinF_IMG_20151002_105827_cell_147.png,Parasitized,145,175,RGB,1,1,0,0.008205597,True,25375,Q4 (largest),0.9917944,0.9-1.0
/kaggle/input/cell-images-for-detecting-malaria/cell_images/Uninfected/C172P133ThinF_IMG_20151119_154936_cell_124.png,Uninfected,130,124,RGB,0,0,0,0.1157873,False,16120,Q2,0.88421273,0.8-0.9
/kaggle/input/cell-images-for-detecting-malaria/cell_images/Parasitized/C189P150ThinF_IMG_20151203_142224_cell_97.png,Parasitized,124,106,RGB,1,1,1,0.9965072,False,13144,Q1 (smallest),0.9965072,0.9-1.0
/kaggle/input/cell-images-for-detecting-malaria/cell_images/Uninfected/C223ThinF_IMG_20151112_104708_cell_196.png,Uninfected,154,151,RGB,0,0,0,0.00037728474,False,23254,Q4 (largest),0.9996227,0.9-1.0
/kaggle/input/cell-images-for-detecting-malaria/cell_images/Parasitized/C99P60ThinF_IMG_20150918_141857_cell_51.png,Parasitized,133,154,RGB,1,1,1,0.99909484,False,20482,Q4 (largest),0.99909484,0.9-1.0
/kaggle/input/cell-images-for-detecting-malaria/cell_images/Parasitized/C102P63ThinF_IMG_20150918_161508_cell_195.png,Parasitized,121,118,RGB,1,1,1,0.800082,False,14278,Q1 (smallest),0.800082,0.8-0.9
/kaggle/input/cell-images-for-detecting-malaria/cell_images/Uninfected/C141P102ThinF_IMG_20151005_215906_cell_83.png,Uninfected,148,133,RGB,0,0,0,0.0029937027,False,19684,Q3,0.9970063,0.9-1.0
/kaggle/input/cell-images-for-detecting-malaria/cell_images/Uninfected/C201ThinF_IMG_20150930_143502_cell_155.png,Uninfected,136,148,RGB,0,0,0,0.04234696,False,20128,Q3,0.95765305,0.9-1.0
/kaggle/input/cell-images-for-detecting-malaria/cell_images/Uninfected/C117P78ThinF_IMG_20150930_215322_cell_48.png,Uninfected,139,151,RGB,0,0,0,0.0019089663,False,20989,Q4 (largest),0.99809104,0.9-1.0
/kaggle/input/cell-images-for-detecting-malaria/cell_images/Uninfected/C112P73ThinF_IMG_20150930_131254_cell_4.png,Uninfected,157,139,RGB,0,0,0,0.0012488288,False,21823,Q4 (largest),0.99875116,0.9-1.0
/kaggle/input/cell-images-for-detecting-malaria/cell_images/Uninfected/C64P25N_ThinF_IMG_20150818_152921_cell_13.png,Uninfected,124,121,RGB,0,0,0,0.0012245016,False,15004,Q2,0.9987755,0.9-1.0
/kaggle/input/cell-images-for-detecting-malaria/cell_images/Uninfected/C99P60ThinF_IMG_20150918_141314_cell_65.png,Uninfected,139,133,RGB,0,0,0,0.0017728935,False,18487,Q3,0.9982271,0.9-1.0
/kaggle/input/cell-images-for-detecting-malaria/cell_images/Parasitized/C113P74ThinF_IMG_20150930_134949_cell_162.png,Parasitized,124,121,RGB,1,1,1,0.87659067,False,15004,Q2,0.87659067,0.8-0.9
/kaggle/input/cell-images-for-detecting-malaria/cell_images/Uninfected/C55P16thinF_IMG_20150728_121151_cell_16.png,Uninfected,187,139,RGB,0,0,1,0.67919993,True,25993,Q4 (largest),0.67919993,0.6-0.7
/kaggle/input/cell-images-for-detecting-malaria/cell_images/Uninfected/C140P101ThinF_IMG_20151005_210026_cell_43.png,Uninfected,118,94,RGB,0,0,0,0.0010382972,False,11092,Q1 (smallest),0.9989617,0.9-1.0
/kaggle/input/cell-images-for-detecting-malaria/cell_images/Uninfected/C6NThinF_IMG_20150609_122327_cell_179.png,Uninfected,127,133,RGB,0,0,0,0.0037907267,False,16891,Q2,0.99620926,0.9-1.0
/kaggle/input/cell-images-for-detecting-malaria/cell_images/Parasitized/C88P49ThinF_IMG_20150820_153042_cell_213.png,Parasitized,145,133,RGB,1,1,1,0.99985933,False,19285,Q3,0.99985933,0.9-1.0
/kaggle/input/cell-images-for-detecting-malaria/cell_images/Parasitized/C184P145ThinF_IMG_20151203_104334_cell_4.png,Parasitized,148,151,RGB,1,1,1,0.9999995,False,22348,Q4 (largest),0.9999995,0.9-1.0
/kaggle/input/cell-images-for-detecting-malaria/cell_images/Parasitized/C159P120ThinF_IMG_20151115_190812_cell_248.png,Parasitized,130,124,RGB,1,1,1,0.95601815,False,16120,Q2,0.95601815,0.9-1.0
/kaggle/input/cell-images-for-detecting-malaria/cell_images/Parasitized/C184P145ThinF_IMG_20151203_104334_cell_15.png,Parasitized,124,127,RGB,1,1,1,0.98030055,False,15748,Q2,0.98030055,0.9-1.0
/kaggle/input/cell-images-for-detecting-malaria/cell_images/Parasitized/C117P78ThinF_IMG_20150930_221812_cell_84.png,Parasitized,151,157,RGB,1,1,1,0.9985146,False,23707,Q4 (largest),0.9985146,0.9-1.0
/kaggle/input/cell-images-for-detecting-malaria/cell_images/Uninfected/C189P150ThinF_IMG_20151203_142224_cell_27.png,Uninfected,124,130,RGB,0,0,0,0.019384766,False,16120,Q2,0.98061526,0.9-1.0
/kaggle/input/cell-images-for-detecting-malaria/cell_images/Parasitized/C118P79ThinF_IMG_20151002_110002_cell_17.png,Parasitized,157,145,RGB,1,1,1,0.99875486,False,22765,Q4 (largest),0.99875486,0.9-1.0
/kaggle/input/cell-images-for-detecting-malaria/cell_images/Uninfected/C219ThinF_IMG_20151106_150027_cell_194.png,Uninfected,139,133,RGB,0,0,0,0.046602223,False,18487,Q3,0.95339775,0.9-1.0
/kaggle/input/cell-images-for-detecting-malaria/cell_images/Uninfected/C134P95ThinF_IMG_20151005_121834_cell_42.png,Uninfected,136,124,RGB,0,0,0,0.0037297884,False,16864,Q2,0.99627024,0.9-1.0
/kaggle/input/cell-images-for-detecting-malaria/cell_images/Parasitized/C157P118ThinF_IMG_20151115_162818_cell_187.png,Parasitized,124,118,RGB,1,1,1,0.98522085,False,14632,Q1 (smallest),0.98522085,0.9-1.0
/kaggle/input/cell-images-for-detecting-malaria/cell_images/Parasitized/C128P89ThinF_IMG_20151004_131753_cell_131.png,Parasitized,136,121,RGB,1,1,1,0.9962811,False,16456,Q2,0.9962811,0.9-1.0
/kaggle/input/cell-images-for-detecting-malaria/cell_images/Parasitized/C97P58ThinF_IMG_20150917_151437_cell_159.png,Parasitized,139,133,RGB,1,1,1,0.9995704,False,18487,Q3,0.9995704,0.9-1.0
/kaggle/input/cell-images-for-detecting-malaria/cell_images/Parasitized/C138P99ThinF_IMG_20151005_173241_cell_152.png,Parasitized,100,127,RGB,1,1,1,0.9997577,False,12700,Q1 (smallest),0.9997577,0.9-1.0
/kaggle/input/cell-images-for-detecting-malaria/cell_images/Uninfected/C179P140ThinF_IMG_20151127_153453_cell_165.png,Uninfected,121,124,RGB,0,0,0,0.031159556,False,15004,Q2,0.9688404,0.9-1.0
/kaggle/input/cell-images-for-detecting-malaria/cell_images/Parasitized/C59P20thinF_IMG_20150803_111244_cell_179.png,Parasitized,145,139,RGB,1,1,1,0.9997336,False,20155,Q3,0.9997336,0.9-1.0
/kaggle/input/cell-images-for-detecting-malaria/cell_images/Uninfected/C149P110ThinF_IMG_20151115_114910_cell_218.png,Uninfected,136,121,RGB,0,0,0,0.045927174,False,16456,Q2,0.95407283,0.9-1.0
/kaggle/input/cell-images-for-detecting-malaria/cell_images/Uninfected/C128P89ThinF_IMG_20151004_131030_cell_12.png,Uninfected,106,184,RGB,0,0,0,0.014540314,False,19504,Q3,0.9854597,0.9-1.0
/kaggle/input/cell-images-for-detecting-malaria/cell_images/Parasitized/C174P135NThinF_IMG_20151127_135311_cell_207.png,Parasitized,133,136,RGB,1,1,1,0.94253737,False,18088,Q3,0.94253737,0.9-1.0
/kaggle/input/cell-images-for-detecting-malaria/cell_images/Parasitized/C188P149ThinF_IMG_20151203_134229_cell_222.png,Parasitized,121,118,RGB,1,1,1,0.86889136,False,14278,Q1 (smallest),0.86889136,0.8-0.9
/kaggle/input/cell-images-for-detecting-malaria/cell_images/Parasitized/C119P80ThinF_IMG_20151002_124345_cell_153.png,Parasitized,127,133,RGB,1,1,1,0.9958663,False,16891,Q2,0.9958663,0.9-1.0
/kaggle/input/cell-images-for-detecting-malaria/cell_images/Parasitized/C140P101ThinF_IMG_20151005_210309_cell_175.png,Parasitized,124,124,RGB,1,1,1,0.9808323,False,15376,Q2,0.9808323,0.9-1.0
/kaggle/input/cell-images-for-detecting-malaria/cell_images/Parasitized/C132P93ThinF_IMG_20151004_151941_cell_27.png,Parasitized,127,121,RGB,1,1,1,0.9999577,False,15367,Q2,0.9999577,0.9-1.0
/kaggle/input/cell-images-for-detecting-malaria/cell_images/Parasitized/C80P41ThinF_IMG_20150817_110957_cell_152.png,Parasitized,190,160,RGB,1,1,1,0.9925914,False,30400,Q4 (largest),0.9925914,0.9-1.0
/kaggle/input/cell-images-for-detecting-malaria/cell_images/Parasitized/C184P145ThinF_IMG_20151203_104334_cell_2.png,Parasitized,121,121,RGB,1,1,1,0.9985929,False,14641,Q1 (smallest),0.9985929,0.9-1.0
/kaggle/input/cell-images-for-detecting-malaria/cell_images/Parasitized/C80P41ThinF_IMG_20150817_111121_cell_155.png,Parasitized,139,136,RGB,1,1,1,0.99170977,False,18904,Q3,0.99170977,0.9-1.0
/kaggle/input/cell-images-for-detecting-malaria/cell_images/Uninfected/C93P54ThinF_IMG_20150821_163815_cell_136.png,Uninfected,130,127,RGB,0,0,0,0.0022036247,False,16510,Q2,0.99779636,0.9-1.0
/kaggle/input/cell-images-for-detecting-malaria/cell_images/Uninfected/C59P20thinF_IMG_20150803_112802_cell_83.png,Uninfected,97,130,RGB,0,0,1,0.9044376,True,12610,Q1 (smallest),0.9044376,0.9-1.0
/kaggle/input/cell-images-for-detecting-malaria/cell_images/Parasitized/C84P45ThinF_IMG_20150818_104156_cell_112.png,Parasitized,115,142,RGB,1,1,1,0.99508023,False,16330,Q2,0.99508023,0.9-1.0
/kaggle/input/cell-images-for-detecting-malaria/cell_images/Uninfected/C129P90ThinF_IMG_20151004_133703_cell_10.png,Uninfected,148,145,RGB,0,0,0,0.0018286853,False,21460,Q4 (largest),0.9981713,0.9-1.0
/kaggle/input/cell-images-for-detecting-malaria/cell_images/Parasitized/C176P137NThinF_IMG_20151201_122444_cell_115.png,Parasitized,136,154,RGB,1,1,1,0.99175364,False,20944,Q4 (largest),0.99175364,0.9-1.0
/kaggle/input/cell-images-for-detecting-malaria/cell_images/Uninfected/C232ThinF_IMG_20151112_154251_cell_184.png,Uninfected,139,133,RGB,0,0,0,0.0002558005,False,18487,Q3,0.9997442,0.9-1.0
/kaggle/input/cell-images-for-detecting-malaria/cell_images/Parasitized/C180P141NThinF_IMG_20151201_163751_cell_162.png,Parasitized,181,145,RGB,1,1,1,0.9688984,False,26245,Q4 (largest),0.9688984,0.9-1.0
/kaggle/input/cell-images-for-detecting-malaria/cell_images/Parasitized/C146P107ThinF_IMG_20151018_135703_cell_224.png,Parasitized,148,136,RGB,1,1,1,0.9603192,False,20128,Q3,0.9603192,0.9-1.0
/kaggle/input/cell-images-for-detecting-malaria/cell_images/Parasitized/C137P98ThinF_IMG_20151005_163251_cell_76.png,Parasitized,127,133,RGB,1,1,1,0.99913347,False,16891,Q2,0.99913347,0.9-1.0
/kaggle/input/cell-images-for-detecting-malaria/cell_images/Parasitized/C99P60ThinF_IMG_20150918_141351_cell_138.png,Parasitized,154,160,RGB,1,1,1,0.99882597,False,24640,Q4 (largest),0.99882597,0.9-1.0
/kaggle/input/cell-images-for-detecting-malaria/cell_images/Parasitized/C186P147NThinF_IMG_20151203_150557_cell_181.png,Parasitized,184,130,RGB,1,1,1,0.9926974,False,23920,Q4 (largest),0.9926974,0.9-1.0
/kaggle/input/cell-images-for-detecting-malaria/cell_images/Parasitized/C129P90ThinF_IMG_20151004_133703_cell_103.png,Parasitized,115,112,RGB,1,1,1,0.99564904,False,12880,Q1 (smallest),0.99564904,0.9-1.0
/kaggle/input/cell-images-for-detecting-malaria/cell_images/Uninfected/C52P13thinF_IMG_20150725_125213_cell_61.png,Uninfected,136,112,RGB,0,0,0,0.019223787,False,15232,Q2,0.9807762,0.9-1.0
/kaggle/input/cell-images-for-detecting-malaria/cell_images/Parasitized/C82P43ThinF_IMG_20150817_123500_cell_229.png,Parasitized,115,130,RGB,1,1,1,0.9995066,False,14950,Q2,0.9995066,0.9-1.0
/kaggle/input/cell-images-for-detecting-malaria/cell_images/Parasitized/C39P4thinF_original_IMG_20150622_113842_cell_14.png,Parasitized,145,169,RGB,1,1,1,0.998992,False,24505,Q4 (largest),0.998992,0.9-1.0
/kaggle/input/cell-images-for-detecting-malaria/cell_images/Parasitized/C39P4thinF_original_IMG_20150622_111942_cell_22.png,Parasitized,139,130,RGB,1,1,1,0.964745,False,18070,Q3,0.964745,0.9-1.0
/kaggle/input/cell-images-for-detecting-malaria/cell_images/Parasitized/C74P35_ThinF_IMG_20150815_114401_cell_154.png,Parasitized,139,145,RGB,1,1,1,0.9917555,False,20155,Q3,0.9917555,0.9-1.0
/kaggle/input/cell-images-for-detecting-malaria/cell_images/Parasitized/C132P93ThinF_IMG_20151004_152257_cell_150.png,Parasitized,133,127,RGB,1,1,1,0.9984194,False,16891,Q2,0.9984194,0.9-1.0
/kaggle/input/cell-images-for-detecting-malaria/cell_images/Parasitized/C100P61ThinF_IMG_20150918_144104_cell_169.png,Parasitized,154,124,RGB,1,1,1,0.98142934,False,19096,Q3,0.98142934,0.9-1.0
/kaggle/input/cell-images-for-detecting-malaria/cell_images/Parasitized/C57P18thinF_IMG_20150729_110305_cell_222.png,Parasitized,103,94,RGB,1,1,1,0.9996709,False,9682,Q1 (smallest),0.9996709,0.9-1.0
/kaggle/input/cell-images-for-detecting-malaria/cell_images/Uninfected/C119P80ThinF_IMG_20151002_123608_cell_13.png,Uninfected,130,160,RGB,0,0,0,0.09271439,False,20800,Q4 (largest),0.90728563,0.9-1.0
/kaggle/input/cell-images-for-detecting-malaria/cell_images/Uninfected/C144P105ThinF_IMG_20151015_160529_cell_122.png,Uninfected,127,139,RGB,0,0,0,0.00040766134,False,17653,Q3,0.99959236,0.9-1.0
/kaggle/input/cell-images-for-detecting-malaria/cell_images/Uninfected/C151P112ThinF_IMG_20151115_121942_cell_119.png,Uninfected,127,124,RGB,0,0,0,0.00026553823,False,15748,Q2,0.99973446,0.9-1.0
/kaggle/input/cell-images-for-detecting-malaria/cell_images/Parasitized/C135P96ThinF_IMG_20151005_123857_cell_160.png,Parasitized,148,169,RGB,1,1,1,0.64068335,False,25012,Q4 (largest),0.64068335,0.6-0.7
/kaggle/input/cell-images-for-detecting-malaria/cell_images/Parasitized/C139P100ThinF_IMG_20151005_182410_cell_172.png,Parasitized,148,160,RGB,1,1,0,0.49868858,True,23680,Q4 (largest),0.5013114,0.5-0.6
/kaggle/input/cell-images-for-detecting-malaria/cell_images/Parasitized/C45P6ThinF_IMG_20151130_155110_cell_209.png,Parasitized,136,136,RGB,1,1,1,0.98034155,False,18496,Q3,0.98034155,0.9-1.0
/kaggle/input/cell-images-for-detecting-malaria/cell_images/Parasitized/C180P141NThinF_IMG_20151201_165659_cell_21.png,Parasitized,121,127,RGB,1,1,1,0.99896026,False,15367,Q2,0.99896026,0.9-1.0
/kaggle/input/cell-images-for-detecting-malaria/cell_images/Uninfected/C152P113ThinF_IMG_20151115_123837_cell_140.png,Uninfected,103,112,RGB,0,0,0,0.050946537,False,11536,Q1 (smallest),0.94905347,0.9-1.0
/kaggle/input/cell-images-for-detecting-malaria/cell_images/Parasitized/C99P60ThinF_IMG_20150918_141620_cell_45.png,Parasitized,142,175,RGB,1,1,0,0.057782233,True,24850,Q4 (largest),0.94221777,0.9-1.0
/kaggle/input/cell-images-for-detecting-malaria/cell_images/Parasitized/C132P93ThinF_IMG_20151004_151733_cell_156.png,Parasitized,136,127,RGB,1,1,1,0.9992081,False,17272,Q2,0.9992081,0.9-1.0
/kaggle/input/cell-images-for-detecting-malaria/cell_images/Parasitized/C93P54ThinF_IMG_20150821_164024_cell_196.png,Parasitized,124,130,RGB,1,1,1,0.9347045,False,16120,Q2,0.9347045,0.9-1.0
/kaggle/input/cell-images-for-detecting-malaria/cell_images/Parasitized/C177P138NThinF_IMG_20151201_142942_cell_172.png,Parasitized,166,121,RGB,1,1,1,0.93262476,False,20086,Q3,0.93262476,0.9-1.0
/kaggle/input/cell-images-for-detecting-malaria/cell_images/Parasitized/C182P143NThinF_IMG_20151201_172607_cell_50.png,Parasitized,103,124,RGB,1,1,1,0.9932668,False,12772,Q1 (smallest),0.9932668,0.9-1.0
/kaggle/input/cell-images-for-detecting-malaria/cell_images/Uninfected/C201ThinF_IMG_20150930_142848_cell_32.png,Uninfected,118,115,RGB,0,0,0,0.0010212673,False,13570,Q1 (smallest),0.99897873,0.9-1.0
/kaggle/input/cell-images-for-detecting-malaria/cell_images/Uninfected/C237ThinF_IMG_20151127_104954_cell_162.png,Uninfected,145,124,RGB,0,0,0,0.0026386105,False,17980,Q3,0.99736136,0.9-1.0
/kaggle/input/cell-images-for-detecting-malaria/cell_images/Parasitized/C68P29N_ThinF_IMG_20150819_134830_cell_58.png,Parasitized,142,145,RGB,1,1,1,0.99641204,False,20590,Q4 (largest),0.99641204,0.9-1.0
/kaggle/input/cell-images-for-detecting-malaria/cell_images/Parasitized/C84P45ThinF_IMG_20150818_102325_cell_107.png,Parasitized,124,130,RGB,1,1,1,0.93665206,False,16120,Q2,0.93665206,0.9-1.0
/kaggle/input/cell-images-for-detecting-malaria/cell_images/Parasitized/C84P45ThinF_IMG_20150818_101550_cell_93.png,Parasitized,133,133,RGB,1,1,1,0.99958056,False,17689,Q3,0.99958056,0.9-1.0
/kaggle/input/cell-images-for-detecting-malaria/cell_images/Parasitized/C99P60ThinF_IMG_20150918_141857_cell_36.png,Parasitized,193,184,RGB,1,1,1,0.9999465,False,35512,Q4 (largest),0.9999465,0.9-1.0
/kaggle/input/cell-images-for-detecting-malaria/cell_images/Parasitized/C48P9thinF_IMG_20150721_160944_cell_201.png,Parasitized,196,130,RGB,1,1,1,0.99959373,False,25480,Q4 (largest),0.99959373,0.9-1.0
/kaggle/input/cell-images-for-detecting-malaria/cell_images/Parasitized/C68P29N_ThinF_IMG_20150819_134625_cell_21.png,Parasitized,139,154,RGB,1,1,1,0.9999987,False,21406,Q4 (largest),0.9999987,0.9-1.0
/kaggle/input/cell-images-for-detecting-malaria/cell_images/Uninfected/C237ThinF_IMG_20151127_104844_cell_72.png,Uninfected,103,100,RGB,0,0,0,0.00047600266,False,10300,Q1 (smallest),0.999524,0.9-1.0
/kaggle/input/cell-images-for-detecting-malaria/cell_images/Uninfected/C172P133ThinF_IMG_20151119_155156_cell_89.png,Uninfected,133,133,RGB,0,0,0,0.009847346,False,17689,Q3,0.99015266,0.9-1.0
/kaggle/input/cell-images-for-detecting-malaria/cell_images/Parasitized/C84P45ThinF_IMG_20150818_103817_cell_10.png,Parasitized,106,106,RGB,1,1,1,0.9973272,False,11236,Q1 (smallest),0.9973272,0.9-1.0
/kaggle/input/cell-images-for-detecting-malaria/cell_images/Uninfected/C213ThinF_IMG_20151106_112853_cell_66.png,Uninfected,112,130,RGB,0,0,0,0.00032529127,False,14560,Q1 (smallest),0.99967474,0.9-1.0
/kaggle/input/cell-images-for-detecting-malaria/cell_images/Uninfected/C119P80ThinF_IMG_20151002_122720_cell_50.png,Uninfected,112,109,RGB,0,0,0,0.005386473,False,12208,Q1 (smallest),0.9946135,0.9-1.0
/kaggle/input/cell-images-for-detecting-malaria/cell_images/Uninfected/C97P58ThinF_IMG_20150917_152032_cell_128.png,Uninfected,115,127,RGB,0,0,0,0.0015927032,False,14605,Q1 (smallest),0.9984073,0.9-1.0
/kaggle/input/cell-images-for-detecting-malaria/cell_images/Uninfected/C37BP2_thinF_IMG_20150620_133001a_cell_44.png,Uninfected,142,148,RGB,0,0,0,0.00029094506,False,21016,Q4 (largest),0.99970907,0.9-1.0
/kaggle/input/cell-images-for-detecting-malaria/cell_images/Uninfected/C169P130ThinF_IMG_20151118_173039_cell_136.png,Uninfected,133,148,RGB,0,0,0,0.00095506787,False,19684,Q3,0.99904495,0.9-1.0
/kaggle/input/cell-images-for-detecting-malaria/cell_images/Uninfected/C62P23N_ThinF_IMG_20150818_133527_cell_74.png,Uninfected,121,121,RGB,0,0,0,0.00036581262,False,14641,Q1 (smallest),0.9996342,0.9-1.0
/kaggle/input/cell-images-for-detecting-malaria/cell_images/Uninfected/C6NThinF_IMG_20150609_122725_cell_45.png,Uninfected,145,139,RGB,0,0,0,0.012122179,False,20155,Q3,0.98787785,0.9-1.0
/kaggle/input/cell-images-for-detecting-malaria/cell_images/Parasitized/C82P43ThinF_IMG_20150817_124728_cell_15.png,Parasitized,136,130,RGB,1,1,1,0.99928224,False,17680,Q3,0.99928224,0.9-1.0
/kaggle/input/cell-images-for-detecting-malaria/cell_images/Uninfected/C210ThinF_IMG_20151029_162934_cell_46.png,Uninfected,103,130,RGB,0,0,0,0.0084725395,False,13390,Q1 (smallest),0.99152744,0.9-1.0
/kaggle/input/cell-images-for-detecting-malaria/cell_images/Uninfected/C117P78ThinF_IMG_20150930_222228_cell_60.png,Uninfected,136,124,RGB,0,0,0,0.0026967868,False,16864,Q2,0.9973032,0.9-1.0
/kaggle/input/cell-images-for-detecting-malaria/cell_images/Uninfected/C225ThinF_IMG_20151112_113836_cell_262.png,Uninfected,97,115,RGB,0,0,0,0.00053190044,False,11155,Q1 (smallest),0.9994681,0.9-1.0
/kaggle/input/cell-images-for-detecting-malaria/cell_images/Uninfected/C180P141NThinF_IMG_20151201_165528_cell_80.png,Uninfected,139,142,RGB,0,0,0,0.019779358,False,19738,Q3,0.9802206,0.9-1.0
/kaggle/input/cell-images-for-detecting-malaria/cell_images/Parasitized/C70P31_ThinF_IMG_20150813_131924_cell_5.png,Parasitized,133,175,RGB,1,1,1,0.95006406,False,23275,Q4 (largest),0.95006406,0.9-1.0
/kaggle/input/cell-images-for-detecting-malaria/cell_images/Parasitized/C184P145ThinF_IMG_20151203_103637_cell_167.png,Parasitized,139,160,RGB,1,1,1,0.9911863,False,22240,Q4 (largest),0.9911863,0.9-1.0
/kaggle/input/cell-images-for-detecting-malaria/cell_images/Parasitized/C116P77ThinF_IMG_20150930_171954_cell_78.png,Parasitized,109,127,RGB,1,1,1,0.9412029,False,13843,Q1 (smallest),0.9412029,0.9-1.0
/kaggle/input/cell-images-for-detecting-malaria/cell_images/Uninfected/C37BP2_thinF_IMG_20150620_133238a_cell_36.png,Uninfected,169,163,RGB,0,0,0,0.09704887,False,27547,Q4 (largest),0.9029511,0.9-1.0
/kaggle/input/cell-images-for-detecting-malaria/cell_images/Uninfected/C235ThinF_IMG_20151112_165055_cell_237.png,Uninfected,121,127,RGB,0,0,0,0.0017958133,False,15367,Q2,0.9982042,0.9-1.0
/kaggle/input/cell-images-for-detecting-malaria/cell_images/Parasitized/C132P93ThinF_IMG_20151004_152808_cell_34.png,Parasitized,109,109,RGB,1,1,1,0.99826247,False,11881,Q1 (smallest),0.99826247,0.9-1.0
/kaggle/input/cell-images-for-detecting-malaria/cell_images/Parasitized/C39P4thinF_original_IMG_20150622_113446_cell_19.png,Parasitized,121,199,RGB,1,1,1,0.69088405,False,24079,Q4 (largest),0.69088405,0.6-0.7
/kaggle/input/cell-images-for-detecting-malaria/cell_images/Uninfected/C222ThinF_IMG_20151115_150728_cell_203.png,Uninfected,136,127,RGB,0,0,0,0.0027484975,False,17272,Q2,0.9972515,0.9-1.0
/kaggle/input/cell-images-for-detecting-malaria/cell_images/Parasitized/C136P97ThinF_IMG_20151005_144727_cell_106.png,Parasitized,94,118,RGB,1,1,1,0.9998363,False,11092,Q1 (smallest),0.9998363,0.9-1.0
/kaggle/input/cell-images-for-detecting-malaria/cell_images/Uninfected/C204ThinF_IMG_20151029_110627_cell_63.png,Uninfected,136,133,RGB,0,0,0,0.0065650106,False,18088,Q3,0.99343497,0.9-1.0
/kaggle/input/cell-images-for-detecting-malaria/cell_images/Parasitized/C142P103ThinF_IMG_20151005_221900_cell_196.png,Parasitized,109,94,RGB,1,1,1,0.9995746,False,10246,Q1 (smallest),0.9995746,0.9-1.0
/kaggle/input/cell-images-for-detecting-malaria/cell_images/Uninfected/C219ThinF_IMG_20151106_150135_cell_21.png,Uninfected,118,178,RGB,0,0,0,0.00088684954,False,21004,Q4 (largest),0.99911314,0.9-1.0
/kaggle/input/cell-images-for-detecting-malaria/cell_images/Parasitized/C130P91ThinF_IMG_20151004_135449_cell_120.png,Parasitized,148,178,RGB,1,1,1,0.99115753,False,26344,Q4 (largest),0.99115753,0.9-1.0
/kaggle/input/cell-images-for-detecting-malaria/cell_images/Uninfected/C59P20thinF_IMG_20150803_112733_cell_2.png,Uninfected,139,151,RGB,0,0,0,0.0012548293,False,20989,Q4 (largest),0.99874514,0.9-1.0
/kaggle/input/cell-images-for-detecting-malaria/cell_images/Parasitized/C137P98ThinF_IMG_20151005_161306_cell_7.png,Parasitized,67,79,RGB,1,1,0,0.14361274,True,5293,Q1 (smallest),0.85638726,0.8-0.9
/kaggle/input/cell-images-for-detecting-malaria/cell_images/Uninfected/C164P125ThinF_IMG_20151116_115650_cell_145.png,Uninfected,88,94,RGB,0,0,0,0.25900763,False,8272,Q1 (smallest),0.74099237,0.7-0.8
/kaggle/input/cell-images-for-detecting-malaria/cell_images/Parasitized/C100P61ThinF_IMG_20150918_144348_cell_142.png,Parasitized,136,163,RGB,1,1,0,0.017249282,True,22168,Q4 (largest),0.9827507,0.9-1.0
/kaggle/input/cell-images-for-detecting-malaria/cell_images/Parasitized/C132P93ThinF_IMG_20151004_152808_cell_16.png,Parasitized,130,124,RGB,1,1,1,0.99641573,False,16120,Q2,0.99641573,0.9-1.0
/kaggle/input/cell-images-for-detecting-malaria/cell_images/Uninfected/C227ThinF_IMG_20151112_135818_cell_269.png,Uninfected,118,118,RGB,0,0,0,0.05015335,False,13924,Q1 (smallest),0.9498466,0.9-1.0
/kaggle/input/cell-images-for-detecting-malaria/cell_images/Uninfected/C93P54ThinF_IMG_20150821_164024_cell_53.png,Uninfected,142,133,RGB,0,0,0,0.0037653337,False,18886,Q3,0.99623466,0.9-1.0
/kaggle/input/cell-images-for-detecting-malaria/cell_images/Uninfected/C187P148NThinF_IMG_20151203_152841_cell_100.png,Uninfected,115,127,RGB,0,0,0,0.029129548,False,14605,Q1 (smallest),0.97087044,0.9-1.0
/kaggle/input/cell-images-for-detecting-malaria/cell_images/Uninfected/C180P141NThinF_IMG_20151201_165423_cell_67.png,Uninfected,178,163,RGB,0,0,0,0.012733567,False,29014,Q4 (largest),0.9872664,0.9-1.0
/kaggle/input/cell-images-for-detecting-malaria/cell_images/Uninfected/C173P134NThinF_IMG_20151130_120046_cell_8.png,Uninfected,109,112,RGB,0,0,0,0.1349718,False,12208,Q1 (smallest),0.8650282,0.8-0.9
/kaggle/input/cell-images-for-detecting-malaria/cell_images/Uninfected/C171P132ThinF_IMG_20151119_153851_cell_80.png,Uninfected,130,136,RGB,0,0,0,0.0020627081,False,17680,Q3,0.9979373,0.9-1.0
/kaggle/input/cell-images-for-detecting-malaria/cell_images/Uninfected/C234ThinF_IMG_20151112_162909_cell_7.png,Uninfected,127,136,RGB,0,0,0,0.0037376108,False,17272,Q2,0.9962624,0.9-1.0
/kaggle/input/cell-images-for-detecting-malaria/cell_images/Parasitized/C130P91ThinF_IMG_20151004_142709_cell_124.png,Parasitized,127,154,RGB,1,1,1,0.9989919,False,19558,Q3,0.9989919,0.9-1.0
/kaggle/input/cell-images-for-detecting-malaria/cell_images/Uninfected/C229ThinF_IMG_20151112_144534_cell_172.png,Uninfected,133,130,RGB,0,0,0,0.0004001361,False,17290,Q2,0.9995999,0.9-1.0
/kaggle/input/cell-images-for-detecting-malaria/cell_images/Parasitized/C181P142ThinF_IMG_20151127_160539_cell_194.png,Parasitized,172,127,RGB,1,1,1,0.9998071,False,21844,Q4 (largest),0.9998071,0.9-1.0
/kaggle/input/cell-images-for-detecting-malaria/cell_images/Uninfected/C97P58ThinF_IMG_20150917_151437_cell_113.png,Uninfected,145,148,RGB,0,0,0,0.0034948555,False,21460,Q4 (largest),0.99650514,0.9-1.0
/kaggle/input/cell-images-for-detecting-malaria/cell_images/Uninfected/C237ThinF_IMG_20151127_105345_cell_153.png,Uninfected,151,151,RGB,0,0,0,0.0066018477,False,22801,Q4 (largest),0.99339813,0.9-1.0
/kaggle/input/cell-images-for-detecting-malaria/cell_images/Parasitized/C68P29N_ThinF_IMG_20150819_134326_cell_173.png,Parasitized,121,127,RGB,1,1,1,0.9893266,False,15367,Q2,0.9893266,0.9-1.0
/kaggle/input/cell-images-for-detecting-malaria/cell_images/Parasitized/C39P4thinF_original_IMG_20150622_105803_cell_81.png,Parasitized,187,112,RGB,1,1,1,0.9777389,False,20944,Q4 (largest),0.9777389,0.9-1.0
/kaggle/input/cell-images-for-detecting-malaria/cell_images/Uninfected/C46P7ThinF_IMG_20151130_205828_cell_58.png,Uninfected,136,136,RGB,0,0,0,0.09336272,False,18496,Q3,0.9066373,0.9-1.0
/kaggle/input/cell-images-for-detecting-malaria/cell_images/Uninfected/C85P46ThinF_IMG_20150820_105748_cell_63.png,Uninfected,133,142,RGB,0,0,0,0.01468854,False,18886,Q3,0.98531145,0.9-1.0
/kaggle/input/cell-images-for-detecting-malaria/cell_images/Uninfected/C186P147NThinF_IMG_20151203_150557_cell_141.png,Uninfected,145,127,RGB,0,0,0,0.018978357,False,18415,Q3,0.98102164,0.9-1.0
/kaggle/input/cell-images-for-detecting-malaria/cell_images/Uninfected/C75P36_ThinF_IMG_20150815_163015_cell_58.png,Uninfected,148,151,RGB,0,0,0,0.001096048,False,22348,Q4 (largest),0.99890393,0.9-1.0
/kaggle/input/cell-images-for-detecting-malaria/cell_images/Uninfected/C182P143NThinF_IMG_20151201_172216_cell_87.png,Uninfected,133,112,RGB,0,0,0,0.03142251,False,14896,Q2,0.9685775,0.9-1.0
/kaggle/input/cell-images-for-detecting-malaria/cell_images/Parasitized/C184P145ThinF_IMG_20151203_103637_cell_169.png,Parasitized,136,130,RGB,1,1,1,0.9937151,False,17680,Q3,0.9937151,0.9-1.0
/kaggle/input/cell-images-for-detecting-malaria/cell_images/Parasitized/C60P21thinF_IMG_20150803_144629_cell_8.png,Parasitized,130,109,RGB,1,1,1,0.99987817,False,14170,Q1 (smallest),0.99987817,0.9-1.0
/kaggle/input/cell-images-for-detecting-malaria/cell_images/Uninfected/C81P42ThinF_IMG_20150817_120856_cell_7.png,Uninfected,148,118,RGB,0,0,0,0.003532672,False,17464,Q3,0.99646735,0.9-1.0
/kaggle/input/cell-images-for-detecting-malaria/cell_images/Uninfected/C125P86ThinF_IMG_20151004_102132_cell_116.png,Uninfected,85,148,RGB,0,0,0,0.008425673,False,12580,Q1 (smallest),0.99157435,0.9-1.0
/kaggle/input/cell-images-for-detecting-malaria/cell_images/Parasitized/C136P97ThinF_IMG_20151005_144727_cell_124.png,Parasitized,121,136,RGB,1,1,1,0.99816316,False,16456,Q2,0.99816316,0.9-1.0
/kaggle/input/cell-images-for-detecting-malaria/cell_images/Parasitized/C180P141NThinF_IMG_20151201_165528_cell_181.png,Parasitized,106,91,RGB,1,1,1,0.72548455,False,9646,Q1 (smallest),0.72548455,0.7-0.8
/kaggle/input/cell-images-for-detecting-malaria/cell_images/Parasitized/C151P112ThinF_IMG_20151115_121942_cell_228.png,Parasitized,151,139,RGB,1,1,0,0.016062567,True,20989,Q4 (largest),0.98393744,0.9-1.0
/kaggle/input/cell-images-for-detecting-malaria/cell_images/Uninfected/C164P125ThinF_IMG_20151116_113651_cell_113.png,Uninfected,94,109,RGB,0,0,0,0.102104776,False,10246,Q1 (smallest),0.8978952,0.8-0.9
/kaggle/input/cell-images-for-detecting-malaria/cell_images/Uninfected/C174P135NThinF_IMG_20151127_135554_cell_166.png,Uninfected,136,124,RGB,0,0,0,0.051873475,False,16864,Q2,0.94812655,0.9-1.0
/kaggle/input/cell-images-for-detecting-malaria/cell_images/Parasitized/C177P138NThinF_IMG_20151201_143025_cell_180.png,Parasitized,106,121,RGB,1,1,1,0.7186527,False,12826,Q1 (smallest),0.7186527,0.7-0.8
/kaggle/input/cell-images-for-detecting-malaria/cell_images/Parasitized/C184P145ThinF_IMG_20151203_102721_cell_3.png,Parasitized,139,142,RGB,1,1,1,0.99917,False,19738,Q3,0.99917,0.9-1.0
/kaggle/input/cell-images-for-detecting-malaria/cell_images/Parasitized/C172P133ThinF_IMG_20151119_155307_cell_265.png,Parasitized,124,136,RGB,1,1,1,0.9983107,False,16864,Q2,0.9983107,0.9-1.0
/kaggle/input/cell-images-for-detecting-malaria/cell_images/Uninfected/C69P30N_ThinF_IMG_20150819_135421_cell_148.png,Uninfected,154,181,RGB,0,0,0,0.18564305,False,27874,Q4 (largest),0.8143569,0.8-0.9
/kaggle/input/cell-images-for-detecting-malaria/cell_images/Uninfected/C182P143NThinF_IMG_20151201_171950_cell_148.png,Uninfected,133,112,RGB,0,0,0,0.030842735,False,14896,Q2,0.9691573,0.9-1.0
/kaggle/input/cell-images-for-detecting-malaria/cell_images/Uninfected/C187P148NThinF_IMG_20151203_153410_cell_29.png,Uninfected,124,133,RGB,0,0,0,0.019928671,False,16492,Q2,0.9800713,0.9-1.0
/kaggle/input/cell-images-for-detecting-malaria/cell_images/Uninfected/C237ThinF_IMG_20151127_104844_cell_199.png,Uninfected,154,139,RGB,0,0,0,0.00062140706,False,21406,Q4 (largest),0.9993786,0.9-1.0
/kaggle/input/cell-images-for-detecting-malaria/cell_images/Uninfected/C231ThinF_IMG_20151112_153147_cell_16.png,Uninfected,133,121,RGB,0,0,0,0.0014945797,False,16093,Q2,0.9985054,0.9-1.0
/kaggle/input/cell-images-for-detecting-malaria/cell_images/Uninfected/C238NThinF_IMG_20151207_115017_cell_191.png,Uninfected,154,136,RGB,0,0,0,0.014244907,False,20944,Q4 (largest),0.9857551,0.9-1.0
/kaggle/input/cell-images-for-detecting-malaria/cell_images/Parasitized/C59P20thinF_IMG_20150803_113139_cell_45.png,Parasitized,109,145,RGB,1,1,1,0.99999654,False,15805,Q2,0.99999654,0.9-1.0
/kaggle/input/cell-images-for-detecting-malaria/cell_images/Parasitized/C81P42ThinF_IMG_20150817_120856_cell_203.png,Parasitized,160,154,RGB,1,1,1,0.9510977,False,24640,Q4 (largest),0.9510977,0.9-1.0
/kaggle/input/cell-images-for-detecting-malaria/cell_images/Parasitized/C182P143NThinF_IMG_20151201_172524_cell_167.png,Parasitized,115,118,RGB,1,1,1,0.9900221,False,13570,Q1 (smallest),0.9900221,0.9-1.0
/kaggle/input/cell-images-for-detecting-malaria/cell_images/Uninfected/C144P105ThinF_IMG_20151015_155004_cell_51.png,Uninfected,115,133,RGB,0,0,0,0.0006832774,False,15295,Q2,0.99931675,0.9-1.0
/kaggle/input/cell-images-for-detecting-malaria/cell_images/Uninfected/C141P102ThinF_IMG_20151005_214836_cell_124.png,Uninfected,118,145,RGB,0,0,1,0.68105394,True,17110,Q2,0.68105394,0.6-0.7
/kaggle/input/cell-images-for-detecting-malaria/cell_images/Parasitized/C182P143NThinF_IMG_20151201_172216_cell_185.png,Parasitized,112,118,RGB,1,1,1,0.99991775,False,13216,Q1 (smallest),0.99991775,0.9-1.0
/kaggle/input/cell-images-for-detecting-malaria/cell_images/Parasitized/C126P87ThinF_IMG_20151004_105342_cell_115.png,Parasitized,121,121,RGB,1,1,1,0.9229252,False,14641,Q1 (smallest),0.9229252,0.9-1.0
/kaggle/input/cell-images-for-detecting-malaria/cell_images/Uninfected/C119P80ThinF_IMG_20151002_124345_cell_43.png,Uninfected,127,169,RGB,0,0,0,0.0048862747,False,21463,Q4 (largest),0.99511373,0.9-1.0
/kaggle/input/cell-images-for-detecting-malaria/cell_images/Parasitized/C39P4thinF_original_IMG_20150622_105335_cell_23.png,Parasitized,115,115,RGB,1,1,1,0.99985385,False,13225,Q1 (smallest),0.99985385,0.9-1.0
/kaggle/input/cell-images-for-detecting-malaria/cell_images/Uninfected/C91P52ThinF_IMG_20150821_123116_cell_89.png,Uninfected,181,187,RGB,0,0,0,0.019028082,False,33847,Q4 (largest),0.98097193,0.9-1.0
/kaggle/input/cell-images-for-detecting-malaria/cell_images/Parasitized/C39P4thinF_original_IMG_20150622_113632_cell_12.png,Parasitized,97,88,RGB,1,1,1,0.9967855,False,8536,Q1 (smallest),0.9967855,0.9-1.0
/kaggle/input/cell-images-for-detecting-malaria/cell_images/Uninfected/C83P44ThinF_IMG_20150817_134331_cell_122.png,Uninfected,130,154,RGB,0,0,0,0.0010809472,False,20020,Q3,0.99891907,0.9-1.0
/kaggle/input/cell-images-for-detecting-malaria/cell_images/Uninfected/C89P50ThinF_IMG_20150820_162504_cell_28.png,Uninfected,133,148,RGB,0,0,0,0.0039703273,False,19684,Q3,0.9960297,0.9-1.0
/kaggle/input/cell-images-for-detecting-malaria/cell_images/Parasitized/C133P94ThinF_IMG_20151004_154512_cell_121.png,Parasitized,145,142,RGB,1,1,1,1.0,False,20590,Q4 (largest),1.0,0.9-1.0
/kaggle/input/cell-images-for-detecting-malaria/cell_images/Uninfected/C65P26N_ThinF_IMG_20150818_154010_cell_81.png,Uninfected,118,118,RGB,0,0,0,0.0062221326,False,13924,Q1 (smallest),0.9937779,0.9-1.0
/kaggle/input/cell-images-for-detecting-malaria/cell_images/Parasitized/C69P30N_ThinF_IMG_20150819_135613_cell_243.png,Parasitized,136,148,RGB,1,1,1,0.99877805,False,20128,Q3,0.99877805,0.9-1.0
/kaggle/input/cell-images-for-detecting-malaria/cell_images/Uninfected/C148P109ThinF_IMG_20151115_112333_cell_164.png,Uninfected,160,139,RGB,0,0,0,0.17497745,False,22240,Q4 (largest),0.8250226,0.8-0.9
/kaggle/input/cell-images-for-detecting-malaria/cell_images/Parasitized/C143P104ThinF_IMG_20151005_230100_cell_160.png,Parasitized,175,178,RGB,1,1,1,0.9882166,False,31150,Q4 (largest),0.9882166,0.9-1.0
/kaggle/input/cell-images-for-detecting-malaria/cell_images/Parasitized/C68P29N_ThinF_IMG_20150819_134326_cell_144.png,Parasitized,133,181,RGB,1,1,1,0.999933,False,24073,Q4 (largest),0.999933,0.9-1.0
/kaggle/input/cell-images-for-detecting-malaria/cell_images/Uninfected/C74P35_ThinF_IMG_20150815_121324_cell_114.png,Uninfected,148,136,RGB,0,0,0,0.0024552552,False,20128,Q3,0.99754477,0.9-1.0
/kaggle/input/cell-images-for-detecting-malaria/cell_images/Uninfected/C222ThinF_IMG_20151115_151211_cell_84.png,Uninfected,136,148,RGB,0,0,0,0.0043798285,False,20128,Q3,0.9956202,0.9-1.0
/kaggle/input/cell-images-for-detecting-malaria/cell_images/Uninfected/C46P7ThinF_IMG_20151130_210843_cell_131.png,Uninfected,142,121,RGB,0,0,0,0.043334424,False,17182,Q2,0.9566656,0.9-1.0
/kaggle/input/cell-images-for-detecting-malaria/cell_images/Parasitized/C99P60ThinF_IMG_20150918_141129_cell_119.png,Parasitized,100,142,RGB,1,1,1,0.9985658,False,14200,Q1 (smallest),0.9985658,0.9-1.0
/kaggle/input/cell-images-for-detecting-malaria/cell_images/Uninfected/C12NThinF_IMG_20150614_125703_cell_138.png,Uninfected,124,157,RGB,0,0,0,0.002328592,False,19468,Q3,0.9976714,0.9-1.0
/kaggle/input/cell-images-for-detecting-malaria/cell_images/Uninfected/C112P73ThinF_IMG_20150930_131401_cell_160.png,Uninfected,130,154,RGB,0,0,0,0.001488342,False,20020,Q3,0.9985117,0.9-1.0
/kaggle/input/cell-images-for-detecting-malaria/cell_images/Parasitized/C48P9thinF_IMG_20150721_161412_cell_179.png,Parasitized,139,121,RGB,1,1,1,0.9895985,False,16819,Q2,0.9895985,0.9-1.0
/kaggle/input/cell-images-for-detecting-malaria/cell_images/Uninfected/C86P47ThinF_IMG_20150820_124943_cell_3.png,Uninfected,151,127,RGB,0,0,0,0.0072305216,False,19177,Q3,0.9927695,0.9-1.0
/kaggle/input/cell-images-for-detecting-malaria/cell_images/Uninfected/C66P27N_ThinF_IMG_20150818_164408_cell_42.png,Uninfected,130,118,RGB,0,0,0,0.002552602,False,15340,Q2,0.9974474,0.9-1.0
/kaggle/input/cell-images-for-detecting-malaria/cell_images/Parasitized/C182P143NThinF_IMG_20151201_172842_cell_23.png,Parasitized,106,118,RGB,1,1,1,0.98833686,False,12508,Q1 (smallest),0.98833686,0.9-1.0
/kaggle/input/cell-images-for-detecting-malaria/cell_images/Parasitized/C184P145ThinF_IMG_20151203_103114_cell_166.png,Parasitized,127,154,RGB,1,1,1,0.9966527,False,19558,Q3,0.9966527,0.9-1.0
/kaggle/input/cell-images-for-detecting-malaria/cell_images/Parasitized/C182P143NThinF_IMG_20151201_172524_cell_173.png,Parasitized,112,118,RGB,1,1,1,0.988665,False,13216,Q1 (smallest),0.988665,0.9-1.0
/kaggle/input/cell-images-for-detecting-malaria/cell_images/Uninfected/C84P45ThinF_IMG_20150818_102654_cell_28.png,Uninfected,130,154,RGB,0,0,0,0.003047002,False,20020,Q3,0.996953,0.9-1.0
/kaggle/input/cell-images-for-detecting-malaria/cell_images/Parasitized/C180P141NThinF_IMG_20151201_165423_cell_168.png,Parasitized,121,133,RGB,1,1,1,0.999848,False,16093,Q2,0.999848,0.9-1.0
/kaggle/input/cell-images-for-detecting-malaria/cell_images/Uninfected/C53P14thinF_IMG_20150726_114918_cell_19.png,Uninfected,130,145,RGB,0,0,0,0.0021658342,False,18850,Q3,0.99783415,0.9-1.0
/kaggle/input/cell-images-for-detecting-malaria/cell_images/Parasitized/C174P135NThinF_IMG_20151127_135435_cell_209.png,Parasitized,115,124,RGB,1,1,1,0.99406964,False,14260,Q1 (smallest),0.99406964,0.9-1.0
/kaggle/input/cell-images-for-detecting-malaria/cell_images/Uninfected/C81P42ThinF_IMG_20150817_120712_cell_27.png,Uninfected,136,157,RGB,0,0,0,0.0085299695,False,21352,Q4 (largest),0.99147004,0.9-1.0
/kaggle/input/cell-images-for-detecting-malaria/cell_images/Uninfected/C236ThinF_IMG_20151127_102635_cell_127.png,Uninfected,118,115,RGB,0,0,0,0.00017793711,False,13570,Q1 (smallest),0.9998221,0.9-1.0
/kaggle/input/cell-images-for-detecting-malaria/cell_images/Parasitized/C70P31_ThinF_IMG_20150819_141436_cell_106.png,Parasitized,115,121,RGB,1,1,1,0.9999685,False,13915,Q1 (smallest),0.9999685,0.9-1.0
/kaggle/input/cell-images-for-detecting-malaria/cell_images/Uninfected/C3thin_original_IMG_20150608_163029_cell_156.png,Uninfected,124,112,RGB,0,0,0,0.011956331,False,13888,Q1 (smallest),0.98804367,0.9-1.0
/kaggle/input/cell-images-for-detecting-malaria/cell_images/Uninfected/C119P80ThinF_IMG_20151002_123608_cell_56.png,Uninfected,115,139,RGB,0,0,0,0.017529739,False,15985,Q2,0.9824703,0.9-1.0
/kaggle/input/cell-images-for-detecting-malaria/cell_images/Uninfected/C220ThinF_IMG_20151106_154339_cell_11.png,Uninfected,139,142,RGB,0,0,0,0.00090965256,False,19738,Q3,0.9990904,0.9-1.0
/kaggle/input/cell-images-for-detecting-malaria/cell_images/Parasitized/C132P93ThinF_IMG_20151004_152808_cell_46.png,Parasitized,121,148,RGB,1,1,1,0.9663932,False,17908,Q3,0.9663932,0.9-1.0
/kaggle/input/cell-images-for-detecting-malaria/cell_images/Parasitized/C108P69ThinF_IMG_20150924_224038_cell_188.png,Parasitized,136,175,RGB,1,1,1,0.9982651,False,23800,Q4 (largest),0.9982651,0.9-1.0
/kaggle/input/cell-images-for-detecting-malaria/cell_images/Uninfected/C139P100ThinF_IMG_20151005_182410_cell_117.png,Uninfected,130,154,RGB,0,0,0,0.0011266527,False,20020,Q3,0.99887335,0.9-1.0
/kaggle/input/cell-images-for-detecting-malaria/cell_images/Parasitized/C99P60ThinF_IMG_20150918_141857_cell_37.png,Parasitized,151,160,RGB,1,1,1,0.9980281,False,24160,Q4 (largest),0.9980281,0.9-1.0
/kaggle/input/cell-images-for-detecting-malaria/cell_images/Parasitized/C97P58ThinF_IMG_20150917_151903_cell_9.png,Parasitized,127,139,RGB,1,1,1,0.98393273,False,17653,Q3,0.98393273,0.9-1.0
/kaggle/input/cell-images-for-detecting-malaria/cell_images/Parasitized/C118P79ThinF_IMG_20151002_110834_cell_154.png,Parasitized,145,139,RGB,1,1,1,0.99652076,False,20155,Q3,0.99652076,0.9-1.0
/kaggle/input/cell-images-for-detecting-malaria/cell_images/Uninfected/C60P21thinF_IMG_20150804_104919_cell_91.png,Uninfected,127,121,RGB,0,0,1,0.75862527,True,15367,Q2,0.75862527,0.7-0.8
/kaggle/input/cell-images-for-detecting-malaria/cell_images/Uninfected/C12NThinF_IMG_20150614_125703_cell_71.png,Uninfected,145,151,RGB,0,0,0,0.03441801,False,21895,Q4 (largest),0.965582,0.9-1.0
/kaggle/input/cell-images-for-detecting-malaria/cell_images/Uninfected/C125P86ThinF_IMG_20151004_102205_cell_71.png,Uninfected,127,145,RGB,0,0,0,0.016812677,False,18415,Q3,0.9831873,0.9-1.0
/kaggle/input/cell-images-for-detecting-malaria/cell_images/Parasitized/C91P52ThinF_IMG_20150821_124504_cell_206.png,Parasitized,151,157,RGB,1,1,1,0.9925538,False,23707,Q4 (largest),0.9925538,0.9-1.0
/kaggle/input/cell-images-for-detecting-malaria/cell_images/Uninfected/C240ThinF_IMG_20151127_115247_cell_64.png,Uninfected,112,106,RGB,0,0,0,0.0038052371,False,11872,Q1 (smallest),0.9961948,0.9-1.0
/kaggle/input/cell-images-for-detecting-malaria/cell_images/Parasitized/C137P98ThinF_IMG_20151005_163946_cell_13.png,Parasitized,136,133,RGB,1,1,1,0.99665135,False,18088,Q3,0.99665135,0.9-1.0
/kaggle/input/cell-images-for-detecting-malaria/cell_images/Parasitized/C45P6ThinF_IMG_20151130_160135_cell_210.png,Parasitized,145,118,RGB,1,1,1,0.9954496,False,17110,Q2,0.9954496,0.9-1.0
/kaggle/input/cell-images-for-detecting-malaria/cell_images/Parasitized/C180P141NThinF_IMG_20151201_165601_cell_186.png,Parasitized,97,100,RGB,1,1,1,0.99992824,False,9700,Q1 (smallest),0.99992824,0.9-1.0
/kaggle/input/cell-images-for-detecting-malaria/cell_images/Uninfected/C147P108ThinF_IMG_20151115_103432_cell_117.png,Uninfected,148,133,RGB,0,0,0,0.07805493,False,19684,Q3,0.9219451,0.9-1.0
/kaggle/input/cell-images-for-detecting-malaria/cell_images/Parasitized/C59P20thinF_IMG_20150803_113051_cell_149.png,Parasitized,145,121,RGB,1,1,1,0.9824911,False,17545,Q3,0.9824911,0.9-1.0
/kaggle/input/cell-images-for-detecting-malaria/cell_images/Parasitized/C105P66ThinF_IMG_20150924_100655_cell_123.png,Parasitized,172,148,RGB,1,1,1,0.7195303,False,25456,Q4 (largest),0.7195303,0.7-0.8
/kaggle/input/cell-images-for-detecting-malaria/cell_images/Uninfected/C66P27N_ThinF_IMG_20150818_163419_cell_189.png,Uninfected,184,145,RGB,0,0,1,0.7912133,True,26680,Q4 (largest),0.7912133,0.7-0.8
/kaggle/input/cell-images-for-detecting-malaria/cell_images/Uninfected/C151P112ThinF_IMG_20151115_121725_cell_19.png,Uninfected,118,112,RGB,0,0,0,0.002509214,False,13216,Q1 (smallest),0.99749076,0.9-1.0
/kaggle/input/cell-images-for-detecting-malaria/cell_images/Uninfected/C12NThinF_IMG_20150614_125703_cell_127.png,Uninfected,151,139,RGB,0,0,0,0.00092010846,False,20989,Q4 (largest),0.9990799,0.9-1.0
/kaggle/input/cell-images-for-detecting-malaria/cell_images/Uninfected/C169P130ThinF_IMG_20151118_172913_cell_122.png,Uninfected,109,118,RGB,0,0,0,0.09555957,False,12862,Q1 (smallest),0.9044404,0.9-1.0
/kaggle/input/cell-images-for-detecting-malaria/cell_images/Parasitized/C46P7ThinF_IMG_20151130_210815_cell_3.png,Parasitized,121,106,RGB,1,1,1,0.9987086,False,12826,Q1 (smallest),0.9987086,0.9-1.0
/kaggle/input/cell-images-for-detecting-malaria/cell_images/Uninfected/C109P70ThinF_IMG_20150930_103645_cell_10.png,Uninfected,130,127,RGB,0,0,0,0.0014894302,False,16510,Q2,0.9985106,0.9-1.0
/kaggle/input/cell-images-for-detecting-malaria/cell_images/Uninfected/C224ThinF_IMG_20151112_112735_cell_99.png,Uninfected,112,109,RGB,0,0,0,0.0010703743,False,12208,Q1 (smallest),0.9989296,0.9-1.0
/kaggle/input/cell-images-for-detecting-malaria/cell_images/Uninfected/C66P27N_ThinF_IMG_20150818_164754_cell_14.png,Uninfected,121,118,RGB,0,0,0,0.00365152,False,14278,Q1 (smallest),0.9963485,0.9-1.0
/kaggle/input/cell-images-for-detecting-malaria/cell_images/Parasitized/C184P145ThinF_IMG_20151203_104030_cell_38.png,Parasitized,169,121,RGB,1,1,1,0.99875295,False,20449,Q4 (largest),0.99875295,0.9-1.0
/kaggle/input/cell-images-for-detecting-malaria/cell_images/Parasitized/C181P142ThinF_IMG_20151127_155722_cell_185.png,Parasitized,124,121,RGB,1,1,1,0.99958366,False,15004,Q2,0.99958366,0.9-1.0
/kaggle/input/cell-images-for-detecting-malaria/cell_images/Uninfected/C222ThinF_IMG_20151115_150057_cell_111.png,Uninfected,133,139,RGB,0,0,0,0.024523849,False,18487,Q3,0.97547615,0.9-1.0
/kaggle/input/cell-images-for-detecting-malaria/cell_images/Parasitized/C184P145ThinF_IMG_20151203_102405_cell_144.png,Parasitized,148,148,RGB,1,1,1,0.9999927,False,21904,Q4 (largest),0.9999927,0.9-1.0
/kaggle/input/cell-images-for-detecting-malaria/cell_images/Parasitized/C167P128ReThinF_IMG_20151201_105559_cell_225.png,Parasitized,133,124,RGB,1,1,1,0.9428367,False,16492,Q2,0.9428367,0.9-1.0
/kaggle/input/cell-images-for-detecting-malaria/cell_images/Parasitized/C70P31_ThinF_IMG_20150819_141730_cell_100.png,Parasitized,154,121,RGB,1,1,1,0.96692055,False,18634,Q3,0.96692055,0.9-1.0
/kaggle/input/cell-images-for-detecting-malaria/cell_images/Uninfected/C50P11thinF_IMG_20150724_115603_cell_93.png,Uninfected,100,106,RGB,0,0,0,0.11604159,False,10600,Q1 (smallest),0.8839584,0.8-0.9
/kaggle/input/cell-images-for-detecting-malaria/cell_images/Uninfected/C64P25N_ThinF_IMG_20150818_153517_cell_40.png,Uninfected,118,115,RGB,0,0,0,0.011112215,False,13570,Q1 (smallest),0.9888878,0.9-1.0
/kaggle/input/cell-images-for-detecting-malaria/cell_images/Parasitized/C48P9thinF_IMG_20150721_164129_cell_29.png,Parasitized,121,61,RGB,1,1,0,0.078318335,True,7381,Q1 (smallest),0.92168164,0.9-1.0
/kaggle/input/cell-images-for-detecting-malaria/cell_images/Parasitized/C45P6ThinF_IMG_20151130_155110_cell_196.png,Parasitized,118,145,RGB,1,1,1,0.99929535,False,17110,Q2,0.99929535,0.9-1.0
/kaggle/input/cell-images-for-detecting-malaria/cell_images/Parasitized/C117P78ThinF_IMG_20150930_221812_cell_82.png,Parasitized,130,127,RGB,1,1,1,0.98944366,False,16510,Q2,0.98944366,0.9-1.0
/kaggle/input/cell-images-for-detecting-malaria/cell_images/Parasitized/C129P90ThinF_IMG_20151004_134306_cell_138.png,Parasitized,145,124,RGB,1,1,1,0.99703753,False,17980,Q3,0.99703753,0.9-1.0
/kaggle/input/cell-images-for-detecting-malaria/cell_images/Uninfected/C224ThinF_IMG_20151112_111955_cell_190.png,Uninfected,127,130,RGB,0,0,0,0.00019031731,False,16510,Q2,0.9998097,0.9-1.0
/kaggle/input/cell-images-for-detecting-malaria/cell_images/Parasitized/C95P56ThinF_IMG_20150821_171603_cell_81.png,Parasitized,142,148,RGB,1,1,1,0.54869276,False,21016,Q4 (largest),0.54869276,0.5-0.6
/kaggle/input/cell-images-for-detecting-malaria/cell_images/Parasitized/C176P137NThinF_IMG_20151201_120845_cell_124.png,Parasitized,139,136,RGB,1,1,1,0.9999865,False,18904,Q3,0.9999865,0.9-1.0
/kaggle/input/cell-images-for-detecting-malaria/cell_images/Parasitized/C179P140ThinF_IMG_20151127_153852_cell_153.png,Parasitized,118,136,RGB,1,1,1,0.9897641,False,16048,Q2,0.9897641,0.9-1.0
/kaggle/input/cell-images-for-detecting-malaria/cell_images/Parasitized/C143P104ThinF_IMG_20151005_230100_cell_158.png,Parasitized,136,133,RGB,1,1,1,0.9910786,False,18088,Q3,0.9910786,0.9-1.0
/kaggle/input/cell-images-for-detecting-malaria/cell_images/Parasitized/C167P128ReThinF_IMG_20151201_105559_cell_224.png,Parasitized,118,106,RGB,1,1,0,0.23080365,True,12508,Q1 (smallest),0.76919633,0.7-0.8
/kaggle/input/cell-images-for-detecting-malaria/cell_images/Uninfected/C81P42ThinF_IMG_20150817_120524_cell_146.png,Uninfected,115,145,RGB,0,0,0,0.0067532873,False,16675,Q2,0.99324673,0.9-1.0
/kaggle/input/cell-images-for-detecting-malaria/cell_images/Uninfected/C168P129ThinF_IMG_20151118_154651_cell_31.png,Uninfected,151,136,RGB,0,0,0,0.014515847,False,20536,Q4 (largest),0.9854841,0.9-1.0
/kaggle/input/cell-images-for-detecting-malaria/cell_images/Uninfected/C111P72ThinF_IMG_20150930_112609_cell_69.png,Uninfected,133,160,RGB,0,0,0,0.0010059347,False,21280,Q4 (largest),0.99899405,0.9-1.0
/kaggle/input/cell-images-for-detecting-malaria/cell_images/Parasitized/C128P89ThinF_IMG_20151004_130408_cell_148.png,Parasitized,151,151,RGB,1,1,1,0.9812155,False,22801,Q4 (largest),0.9812155,0.9-1.0
/kaggle/input/cell-images-for-detecting-malaria/cell_images/Uninfected/C207ThinF_IMG_20151029_143711_cell_82.png,Uninfected,118,133,RGB,0,0,0,0.0004984886,False,15694,Q2,0.9995015,0.9-1.0
/kaggle/input/cell-images-for-detecting-malaria/cell_images/Uninfected/C233ThinF_IMG_20151112_161119_cell_224.png,Uninfected,121,130,RGB,0,0,0,0.0018774129,False,15730,Q2,0.9981226,0.9-1.0
/kaggle/input/cell-images-for-detecting-malaria/cell_images/Uninfected/C77P38ThinF_IMG_20150601_155125_cell_86.png,Uninfected,121,97,RGB,0,0,0,0.16594398,False,11737,Q1 (smallest),0.834056,0.8-0.9
/kaggle/input/cell-images-for-detecting-malaria/cell_images/Uninfected/C47P8thin_Original_Motic_IMG_20150714_093806_cell_125.png,Uninfected,127,139,RGB,0,0,0,0.007922249,False,17653,Q3,0.99207777,0.9-1.0
/kaggle/input/cell-images-for-detecting-malaria/cell_images/Uninfected/C77P38ThinF_IMG_20150602_143650_cell_37.png,Uninfected,139,148,RGB,0,0,0,0.0882887,False,20572,Q4 (largest),0.9117113,0.9-1.0
/kaggle/input/cell-images-for-detecting-malaria/cell_images/Uninfected/C169P130ThinF_IMG_20151119_143212_cell_100.png,Uninfected,133,121,RGB,0,0,0,0.02082206,False,16093,Q2,0.97917795,0.9-1.0
/kaggle/input/cell-images-for-detecting-malaria/cell_images/Parasitized/C186P147NThinF_IMG_20151203_150408_cell_173.png,Parasitized,127,127,RGB,1,1,1,0.98155403,False,16129,Q2,0.98155403,0.9-1.0
/kaggle/input/cell-images-for-detecting-malaria/cell_images/Uninfected/C178P139NThinF_IMG_20151201_154524_cell_40.png,Uninfected,106,91,RGB,0,0,0,0.12961927,False,9646,Q1 (smallest),0.87038076,0.8-0.9
/kaggle/input/cell-images-for-detecting-malaria/cell_images/Parasitized/C186P147NThinF_IMG_20151203_150222_cell_175.png,Parasitized,157,118,RGB,1,1,1,0.9992543,False,18526,Q3,0.9992543,0.9-1.0
/kaggle/input/cell-images-for-detecting-malaria/cell_images/Parasitized/C68P29N_ThinF_IMG_20150819_134326_cell_151.png,Parasitized,166,169,RGB,1,1,1,0.99472374,False,28054,Q4 (largest),0.99472374,0.9-1.0
/kaggle/input/cell-images-for-detecting-malaria/cell_images/Uninfected/C53P14thinF_IMG_20150726_115046_cell_81.png,Uninfected,133,124,RGB,0,0,0,0.0032017075,False,16492,Q2,0.9967983,0.9-1.0
/kaggle/input/cell-images-for-detecting-malaria/cell_images/Parasitized/C182P143NThinF_IMG_20151201_171950_cell_212.png,Parasitized,133,103,RGB,1,1,1,0.62170786,False,13699,Q1 (smallest),0.62170786,0.6-0.7
/kaggle/input/cell-images-for-detecting-malaria/cell_images/Parasitized/C129P90ThinF_IMG_20151004_134636_cell_7.png,Parasitized,130,130,RGB,1,1,1,0.99027693,False,16900,Q2,0.99027693,0.9-1.0
/kaggle/input/cell-images-for-detecting-malaria/cell_images/Parasitized/C136P97ThinF_IMG_20151005_141946_cell_118.png,Parasitized,124,127,RGB,1,1,1,0.99996185,False,15748,Q2,0.99996185,0.9-1.0
/kaggle/input/cell-images-for-detecting-malaria/cell_images/Parasitized/C71P32_ThinF_IMG_20150813_162554_cell_190.png,Parasitized,151,136,RGB,1,1,1,0.99991894,False,20536,Q4 (largest),0.99991894,0.9-1.0
/kaggle/input/cell-images-for-detecting-malaria/cell_images/Uninfected/C45P6ThinF_IMG_20151130_160241_cell_114.png,Uninfected,121,145,RGB,0,0,0,0.012726429,False,17545,Q3,0.9872736,0.9-1.0
/kaggle/input/cell-images-for-detecting-malaria/cell_images/Parasitized/C95P56ThinF_IMG_20150821_172319_cell_103.png,Parasitized,85,115,RGB,1,1,1,0.99998546,False,9775,Q1 (smallest),0.99998546,0.9-1.0
/kaggle/input/cell-images-for-detecting-malaria/cell_images/Uninfected/C107P68ThinF_IMG_20150924_221632_cell_40.png,Uninfected,130,124,RGB,0,0,0,0.0017406697,False,16120,Q2,0.9982593,0.9-1.0
/kaggle/input/cell-images-for-detecting-malaria/cell_images/Uninfected/C176P137NThinF_IMG_20151201_122708_cell_82.png,Uninfected,139,175,RGB,0,0,0,0.23294017,False,24325,Q4 (largest),0.7670598,0.7-0.8
/kaggle/input/cell-images-for-detecting-malaria/cell_images/Parasitized/C129P90ThinF_IMG_20151004_134700_cell_33.png,Parasitized,136,133,RGB,1,1,1,0.99991703,False,18088,Q3,0.99991703,0.9-1.0
/kaggle/input/cell-images-for-detecting-malaria/cell_images/Uninfected/C87P48ThinF_IMG_20150820_144855_cell_147.png,Uninfected,148,142,RGB,0,0,0,0.06268923,False,21016,Q4 (largest),0.93731076,0.9-1.0
/kaggle/input/cell-images-for-detecting-malaria/cell_images/Uninfected/C150P111ThinF_IMG_20151115_120244_cell_180.png,Uninfected,118,118,RGB,0,0,0,0.014019166,False,13924,Q1 (smallest),0.9859808,0.9-1.0
/kaggle/input/cell-images-for-detecting-malaria/cell_images/Parasitized/C186P147NThinF_IMG_20151203_150557_cell_186.png,Parasitized,151,127,RGB,1,1,1,0.99980235,False,19177,Q3,0.99980235,0.9-1.0
/kaggle/input/cell-images-for-detecting-malaria/cell_images/Uninfected/C157P118ThinF_IMG_20151115_163759_cell_141.png,Uninfected,118,124,RGB,0,0,0,0.025561402,False,14632,Q1 (smallest),0.9744386,0.9-1.0
/kaggle/input/cell-images-for-detecting-malaria/cell_images/Uninfected/C58P19thinF_IMG_20150802_123134_cell_159.png,Uninfected,115,112,RGB,0,0,0,0.002952464,False,12880,Q1 (smallest),0.99704754,0.9-1.0
/kaggle/input/cell-images-for-detecting-malaria/cell_images/Parasitized/C66P27N_ThinF_IMG_20150818_164408_cell_135.png,Parasitized,124,133,RGB,1,1,1,0.959765,False,16492,Q2,0.959765,0.9-1.0
/kaggle/input/cell-images-for-detecting-malaria/cell_images/Uninfected/C132P93ThinF_IMG_20151004_152257_cell_27.png,Uninfected,124,133,RGB,0,0,0,0.0026321409,False,16492,Q2,0.99736786,0.9-1.0
/kaggle/input/cell-images-for-detecting-malaria/cell_images/Uninfected/C230ThinF_IMG_20151112_150730_cell_104.png,Uninfected,136,139,RGB,0,0,0,0.0020811618,False,18904,Q3,0.99791884,0.9-1.0
/kaggle/input/cell-images-for-detecting-malaria/cell_images/Parasitized/C180P141NThinF_IMG_20151201_170110_cell_4.png,Parasitized,121,103,RGB,1,1,1,0.99021846,False,12463,Q1 (smallest),0.99021846,0.9-1.0
/kaggle/input/cell-images-for-detecting-malaria/cell_images/Parasitized/C91P52ThinF_IMG_20150821_125154_cell_196.png,Parasitized,118,127,RGB,1,1,1,0.99449295,False,14986,Q2,0.99449295,0.9-1.0
/kaggle/input/cell-images-for-detecting-malaria/cell_images/Uninfected/C238NThinF_IMG_20151207_114444_cell_159.png,Uninfected,133,154,RGB,0,0,0,0.4528596,False,20482,Q4 (largest),0.54714036,0.5-0.6
/kaggle/input/cell-images-for-detecting-malaria/cell_images/Parasitized/C166P127ThinF_IMG_20151117_195030_cell_217.png,Parasitized,154,124,RGB,1,1,1,0.99219984,False,19096,Q3,0.99219984,0.9-1.0
/kaggle/input/cell-images-for-detecting-malaria/cell_images/Uninfected/C210ThinF_IMG_20151029_162439_cell_28.png,Uninfected,118,118,RGB,0,0,0,0.00023932652,False,13924,Q1 (smallest),0.9997607,0.9-1.0
/kaggle/input/cell-images-for-detecting-malaria/cell_images/Uninfected/C223ThinF_IMG_20151112_103809_cell_101.png,Uninfected,118,118,RGB,0,0,0,0.00034855327,False,13924,Q1 (smallest),0.99965143,0.9-1.0
/kaggle/input/cell-images-for-detecting-malaria/cell_images/Uninfected/C138P99ThinF_IMG_20151005_171940_cell_14.png,Uninfected,121,115,RGB,0,0,0,0.0020131932,False,13915,Q1 (smallest),0.9979868,0.9-1.0
/kaggle/input/cell-images-for-detecting-malaria/cell_images/Uninfected/C120P81ThinF_IMG_20151002_125443_cell_102.png,Uninfected,121,121,RGB,0,0,0,0.0010050333,False,14641,Q1 (smallest),0.99899495,0.9-1.0
/kaggle/input/cell-images-for-detecting-malaria/cell_images/Parasitized/C101P62ThinF_IMG_20150918_151239_cell_93.png,Parasitized,133,136,RGB,1,1,1,0.9956872,False,18088,Q3,0.9956872,0.9-1.0
/kaggle/input/cell-images-for-detecting-malaria/cell_images/Uninfected/C85P46ThinF_IMG_20150820_105748_cell_231.png,Uninfected,142,163,RGB,0,0,0,0.00500396,False,23146,Q4 (largest),0.994996,0.9-1.0
/kaggle/input/cell-images-for-detecting-malaria/cell_images/Uninfected/C218ThinF_IMG_20151106_143940_cell_58.png,Uninfected,148,172,RGB,0,0,0,0.002471973,False,25456,Q4 (largest),0.997528,0.9-1.0
/kaggle/input/cell-images-for-detecting-malaria/cell_images/Uninfected/C85P46ThinF_IMG_20150820_105301_cell_145.png,Uninfected,130,160,RGB,0,0,0,0.0022408394,False,20800,Q4 (largest),0.99775916,0.9-1.0
/kaggle/input/cell-images-for-detecting-malaria/cell_images/Parasitized/C39P4thinF_original_IMG_20150622_113126_cell_5.png,Parasitized,124,160,RGB,1,1,1,0.9376987,False,19840,Q3,0.9376987,0.9-1.0
/kaggle/input/cell-images-for-detecting-malaria/cell_images/Uninfected/C203ThinF_IMG_20151029_104112_cell_195.png,Uninfected,199,106,RGB,0,0,0,0.0004932887,False,21094,Q4 (largest),0.9995067,0.9-1.0
/kaggle/input/cell-images-for-detecting-malaria/cell_images/Parasitized/C129P90ThinF_IMG_20151004_133703_cell_83.png,Parasitized,130,139,RGB,1,1,1,0.99573827,False,18070,Q3,0.99573827,0.9-1.0
/kaggle/input/cell-images-for-detecting-malaria/cell_images/Uninfected/C99P60ThinF_IMG_20150918_141001_cell_61.png,Uninfected,166,172,RGB,0,0,0,0.052653793,False,28552,Q4 (largest),0.9473462,0.9-1.0
/kaggle/input/cell-images-for-detecting-malaria/cell_images/Parasitized/C180P141NThinF_IMG_20151201_165601_cell_190.png,Parasitized,133,127,RGB,1,1,1,0.96737224,False,16891,Q2,0.96737224,0.9-1.0
/kaggle/input/cell-images-for-detecting-malaria/cell_images/Parasitized/C68P29N_ThinF_IMG_20150819_133236_cell_210.png,Parasitized,169,187,RGB,1,1,1,0.9998137,False,31603,Q4 (largest),0.9998137,0.9-1.0
/kaggle/input/cell-images-for-detecting-malaria/cell_images/Uninfected/C63P24N_ThinF_IMG_20150818_143319_cell_140.png,Uninfected,142,133,RGB,0,0,0,0.0010126984,False,18886,Q3,0.9989873,0.9-1.0
/kaggle/input/cell-images-for-detecting-malaria/cell_images/Parasitized/C39P4thinF_original_IMG_20150622_105803_cell_94.png,Parasitized,112,103,RGB,1,1,1,0.91952807,False,11536,Q1 (smallest),0.91952807,0.9-1.0
/kaggle/input/cell-images-for-detecting-malaria/cell_images/Parasitized/C137P98ThinF_IMG_20151005_161659_cell_7.png,Parasitized,139,139,RGB,1,1,1,0.99266595,False,19321,Q3,0.99266595,0.9-1.0
/kaggle/input/cell-images-for-detecting-malaria/cell_images/Parasitized/C186P147NThinF_IMG_20151203_150557_cell_187.png,Parasitized,154,136,RGB,1,1,1,0.99871963,False,20944,Q4 (largest),0.99871963,0.9-1.0
/kaggle/input/cell-images-for-detecting-malaria/cell_images/Parasitized/C84P45ThinF_IMG_20150818_102800_cell_6.png,Parasitized,112,127,RGB,1,1,1,0.993068,False,14224,Q1 (smallest),0.993068,0.9-1.0
/kaggle/input/cell-images-for-detecting-malaria/cell_images/Uninfected/C228ThinF_IMG_20151112_142216_cell_66.png,Uninfected,148,139,RGB,0,0,0,0.0011938297,False,20572,Q4 (largest),0.9988062,0.9-1.0
/kaggle/input/cell-images-for-detecting-malaria/cell_images/Parasitized/C81P42ThinF_IMG_20150817_120351_cell_184.png,Parasitized,124,130,RGB,1,1,1,0.7574941,False,16120,Q2,0.7574941,0.7-0.8
/kaggle/input/cell-images-for-detecting-malaria/cell_images/Parasitized/C182P143NThinF_IMG_20151201_172216_cell_195.png,Parasitized,106,103,RGB,1,1,1,0.9961747,False,10918,Q1 (smallest),0.9961747,0.9-1.0
/kaggle/input/cell-images-for-detecting-malaria/cell_images/Parasitized/C187P148NThinF_IMG_20151203_153036_cell_127.png,Parasitized,88,94,RGB,1,1,1,0.9891474,False,8272,Q1 (smallest),0.9891474,0.9-1.0
/kaggle/input/cell-images-for-detecting-malaria/cell_images/Parasitized/C129P90ThinF_IMG_20151004_134700_cell_8.png,Parasitized,127,124,RGB,1,1,1,0.99940264,False,15748,Q2,0.99940264,0.9-1.0
/kaggle/input/cell-images-for-detecting-malaria/cell_images/Uninfected/C109P70ThinF_IMG_20150930_103645_cell_167.png,Uninfected,136,142,RGB,0,0,0,0.001116791,False,19312,Q3,0.9988832,0.9-1.0
/kaggle/input/cell-images-for-detecting-malaria/cell_images/Parasitized/C172P133ThinF_IMG_20151119_155343_cell_270.png,Parasitized,166,142,RGB,1,1,1,0.9885598,False,23572,Q4 (largest),0.9885598,0.9-1.0
/kaggle/input/cell-images-for-detecting-malaria/cell_images/Uninfected/C173P134NThinF_IMG_20151130_125501_cell_48.png,Uninfected,121,118,RGB,0,0,0,0.0003281563,False,14278,Q1 (smallest),0.9996718,0.9-1.0
/kaggle/input/cell-images-for-detecting-malaria/cell_images/Parasitized/C143P104ThinF_IMG_20151005_225746_cell_174.png,Parasitized,121,139,RGB,1,1,1,0.9992912,False,16819,Q2,0.9992912,0.9-1.0
/kaggle/input/cell-images-for-detecting-malaria/cell_images/Parasitized/C101P62ThinF_IMG_20150923_165215_cell_32.png,Parasitized,166,136,RGB,1,1,1,0.99999833,False,22576,Q4 (largest),0.99999833,0.9-1.0
/kaggle/input/cell-images-for-detecting-malaria/cell_images/Uninfected/C162P123ThinF_IMG_20151116_104451_cell_81.png,Uninfected,139,145,RGB,0,0,0,0.012926197,False,20155,Q3,0.9870738,0.9-1.0
/kaggle/input/cell-images-for-detecting-malaria/cell_images/Uninfected/C126P87ThinF_IMG_20151004_104728_cell_92.png,Uninfected,112,106,RGB,0,0,0,0.005429597,False,11872,Q1 (smallest),0.9945704,0.9-1.0
/kaggle/input/cell-images-for-detecting-malaria/cell_images/Uninfected/C5NThinF_IMG_20150609_122227_cell_152.png,Uninfected,136,127,RGB,0,0,0,0.0018857303,False,17272,Q2,0.9981143,0.9-1.0
/kaggle/input/cell-images-for-detecting-malaria/cell_images/Parasitized/C136P97ThinF_IMG_20151005_144449_cell_7.png,Parasitized,160,154,RGB,1,1,1,0.64088744,False,24640,Q4 (largest),0.64088744,0.6-0.7
/kaggle/input/cell-images-for-detecting-malaria/cell_images/Uninfected/C70P31_ThinF_IMG_20150813_131609_cell_64.png,Uninfected,103,121,RGB,0,0,0,0.013126057,False,12463,Q1 (smallest),0.9868739,0.9-1.0
/kaggle/input/cell-images-for-detecting-malaria/cell_images/Parasitized/C51AP12thinF_IMG_20150724_153313_cell_98.png,Parasitized,106,151,RGB,1,1,1,0.996235,False,16006,Q2,0.996235,0.9-1.0
/kaggle/input/cell-images-for-detecting-malaria/cell_images/Uninfected/C6NThinF_IMG_20150609_122421_cell_199.png,Uninfected,127,136,RGB,0,0,0,0.024409773,False,17272,Q2,0.9755902,0.9-1.0
/kaggle/input/cell-images-for-detecting-malaria/cell_images/Uninfected/C4thin_original_IMG_20150608_165540_cell_19.png,Uninfected,142,136,RGB,0,0,0,0.053894132,False,19312,Q3,0.94610584,0.9-1.0
/kaggle/input/cell-images-for-detecting-malaria/cell_images/Uninfected/C160P121ThinF_IMG_20151116_093109_cell_144.png,Uninfected,154,136,RGB,0,0,0,0.19768421,False,20944,Q4 (largest),0.8023158,0.8-0.9
/kaggle/input/cell-images-for-detecting-malaria/cell_images/Parasitized/C63P24N_ThinF_IMG_20150818_142948_cell_170.png,Parasitized,139,148,RGB,1,1,1,0.8300015,False,20572,Q4 (largest),0.8300015,0.8-0.9
/kaggle/input/cell-images-for-detecting-malaria/cell_images/Uninfected/C187P148NThinF_IMG_20151203_153410_cell_144.png,Uninfected,106,115,RGB,0,0,0,0.07488441,False,12190,Q1 (smallest),0.9251156,0.9-1.0
/kaggle/input/cell-images-for-detecting-malaria/cell_images/Uninfected/C123P84ThinF_IMG_20151002_150931_cell_143.png,Uninfected,136,121,RGB,0,0,0,0.00367383,False,16456,Q2,0.99632615,0.9-1.0
/kaggle/input/cell-images-for-detecting-malaria/cell_images/Uninfected/C65P26N_ThinF_IMG_20150818_154714_cell_41.png,Uninfected,106,103,RGB,0,0,0,0.0020068877,False,10918,Q1 (smallest),0.9979931,0.9-1.0
/kaggle/input/cell-images-for-detecting-malaria/cell_images/Parasitized/C82P43ThinF_IMG_20150817_124728_cell_27.png,Parasitized,136,142,RGB,1,1,1,0.9999769,False,19312,Q3,0.9999769,0.9-1.0
/kaggle/input/cell-images-for-detecting-malaria/cell_images/Uninfected/C175P136NThinF_IMG_20151127_141253_cell_13.png,Uninfected,109,160,RGB,0,0,0,0.001957886,False,17440,Q3,0.9980421,0.9-1.0
/kaggle/input/cell-images-for-detecting-malaria/cell_images/Parasitized/C88P49ThinF_IMG_20150820_151626_cell_189.png,Parasitized,115,121,RGB,1,1,1,0.99954253,False,13915,Q1 (smallest),0.99954253,0.9-1.0
/kaggle/input/cell-images-for-detecting-malaria/cell_images/Uninfected/C112P73ThinF_IMG_20150930_131401_cell_152.png,Uninfected,133,112,RGB,0,0,0,0.0062099113,False,14896,Q2,0.9937901,0.9-1.0
/kaggle/input/cell-images-for-detecting-malaria/cell_images/Parasitized/C140P101ThinF_IMG_20151005_205922_cell_183.png,Parasitized,145,124,RGB,1,1,1,0.9907106,False,17980,Q3,0.9907106,0.9-1.0
/kaggle/input/cell-images-for-detecting-malaria/cell_images/Parasitized/C176P137NThinF_IMG_20151201_122444_cell_132.png,Parasitized,127,154,RGB,1,1,1,0.9761969,False,19558,Q3,0.9761969,0.9-1.0
/kaggle/input/cell-images-for-detecting-malaria/cell_images/Parasitized/C180P141NThinF_IMG_20151201_165453_cell_60.png,Parasitized,145,139,RGB,1,1,1,0.99954206,False,20155,Q3,0.99954206,0.9-1.0
/kaggle/input/cell-images-for-detecting-malaria/cell_images/Parasitized/C59P20thinF_IMG_20150803_112733_cell_219.png,Parasitized,130,124,RGB,1,1,1,0.9731137,False,16120,Q2,0.9731137,0.9-1.0
/kaggle/input/cell-images-for-detecting-malaria/cell_images/Parasitized/C112P73ThinF_IMG_20150930_131516_cell_177.png,Parasitized,154,145,RGB,1,1,1,0.999985,False,22330,Q4 (largest),0.999985,0.9-1.0
/kaggle/input/cell-images-for-detecting-malaria/cell_images/Uninfected/C138P99ThinF_IMG_20151005_170905_cell_90.png,Uninfected,124,124,RGB,0,0,0,0.0028187113,False,15376,Q2,0.9971813,0.9-1.0
/kaggle/input/cell-images-for-detecting-malaria/cell_images/Uninfected/C144P105ThinF_IMG_20151015_163142_cell_206.png,Uninfected,106,121,RGB,0,0,0,0.030723859,False,12826,Q1 (smallest),0.96927613,0.9-1.0
/kaggle/input/cell-images-for-detecting-malaria/cell_images/Parasitized/C182P143NThinF_IMG_20151201_172759_cell_20.png,Parasitized,100,97,RGB,1,1,1,0.99373615,False,9700,Q1 (smallest),0.99373615,0.9-1.0
/kaggle/input/cell-images-for-detecting-malaria/cell_images/Uninfected/C112P73ThinF_IMG_20150930_131753_cell_32.png,Uninfected,130,130,RGB,0,0,0,0.0005298145,False,16900,Q2,0.9994702,0.9-1.0
/kaggle/input/cell-images-for-detecting-malaria/cell_images/Parasitized/C116P77ThinF_IMG_20150930_171219_cell_88.png,Parasitized,112,130,RGB,1,1,1,0.99986994,False,14560,Q1 (smallest),0.99986994,0.9-1.0
/kaggle/input/cell-images-for-detecting-malaria/cell_images/Uninfected/C130P91ThinF_IMG_20151004_141825_cell_75.png,Uninfected,166,169,RGB,0,0,0,0.004337262,False,28054,Q4 (largest),0.99566275,0.9-1.0
/kaggle/input/cell-images-for-detecting-malaria/cell_images/Parasitized/C147P108ThinF_IMG_20151115_102118_cell_1.png,Parasitized,130,133,RGB,1,1,1,0.9905254,False,17290,Q2,0.9905254,0.9-1.0
/kaggle/input/cell-images-for-detecting-malaria/cell_images/Uninfected/C119P80ThinF_IMG_20151002_124304_cell_87.png,Uninfected,115,130,RGB,0,0,0,0.0013181914,False,14950,Q2,0.9986818,0.9-1.0
/kaggle/input/cell-images-for-detecting-malaria/cell_images/Uninfected/C61P22N_ThinF_IMG_20150818_112704_cell_151.png,Uninfected,124,112,RGB,0,0,0,0.0011509123,False,13888,Q1 (smallest),0.9988491,0.9-1.0
/kaggle/input/cell-images-for-detecting-malaria/cell_images/Parasitized/C59P20thinF_IMG_20150803_112802_cell_170.png,Parasitized,133,142,RGB,1,1,1,0.995211,False,18886,Q3,0.995211,0.9-1.0
/kaggle/input/cell-images-for-detecting-malaria/cell_images/Uninfected/C230ThinF_IMG_20151112_150753_cell_143.png,Uninfected,115,118,RGB,0,0,0,0.00021034987,False,13570,Q1 (smallest),0.99978966,0.9-1.0
/kaggle/input/cell-images-for-detecting-malaria/cell_images/Uninfected/C13NThinF_IMG_20150614_131417_cell_176.png,Uninfected,112,133,RGB,0,0,0,0.29600024,False,14896,Q2,0.70399976,0.7-0.8
/kaggle/input/cell-images-for-detecting-malaria/cell_images/Uninfected/C101P62ThinF_IMG_20150918_151239_cell_69.png,Uninfected,172,169,RGB,0,0,1,0.6800651,True,29068,Q4 (largest),0.6800651,0.6-0.7
/kaggle/input/cell-images-for-detecting-malaria/cell_images/Parasitized/C39P4thinF_original_IMG_20150622_114609_cell_11.png,Parasitized,109,106,RGB,1,1,1,0.996652,False,11554,Q1 (smallest),0.996652,0.9-1.0
/kaggle/input/cell-images-for-detecting-malaria/cell_images/Parasitized/C89P50ThinF_IMG_20150820_162300_cell_203.png,Parasitized,121,142,RGB,1,1,1,0.9999386,False,17182,Q2,0.9999386,0.9-1.0
/kaggle/input/cell-images-for-detecting-malaria/cell_images/Parasitized/C130P91ThinF_IMG_20151004_141341_cell_154.png,Parasitized,154,139,RGB,1,1,1,0.9546184,False,21406,Q4 (largest),0.9546184,0.9-1.0
/kaggle/input/cell-images-for-detecting-malaria/cell_images/Uninfected/C175P136NThinF_IMG_20151127_142009_cell_206.png,Uninfected,178,133,RGB,0,0,0,0.0013354205,False,23674,Q4 (largest),0.99866456,0.9-1.0
/kaggle/input/cell-images-for-detecting-malaria/cell_images/Parasitized/C65P26N_ThinF_IMG_20150818_154714_cell_188.png,Parasitized,136,118,RGB,1,1,1,0.99861693,False,16048,Q2,0.99861693,0.9-1.0
/kaggle/input/cell-images-for-detecting-malaria/cell_images/Parasitized/C128P89ThinF_IMG_20151004_130408_cell_150.png,Parasitized,160,169,RGB,1,1,1,0.99825925,False,27040,Q4 (largest),0.99825925,0.9-1.0
/kaggle/input/cell-images-for-detecting-malaria/cell_images/Uninfected/C123P84ThinF_IMG_20151002_152330_cell_165.png,Uninfected,133,139,RGB,0,0,0,0.0016589739,False,18487,Q3,0.998341,0.9-1.0
/kaggle/input/cell-images-for-detecting-malaria/cell_images/Uninfected/C69P30N_ThinF_IMG_20150819_135705_cell_62.png,Uninfected,133,133,RGB,0,0,0,0.0056574293,False,17689,Q3,0.99434257,0.9-1.0
/kaggle/input/cell-images-for-detecting-malaria/cell_images/Parasitized/C184P145ThinF_IMG_20151203_103824_cell_117.png,Parasitized,115,130,RGB,1,1,1,0.99385905,False,14950,Q2,0.99385905,0.9-1.0
/kaggle/input/cell-images-for-detecting-malaria/cell_images/Uninfected/C174P135NThinF_IMG_20151127_135512_cell_163.png,Uninfected,136,136,RGB,0,0,0,0.0018751357,False,18496,Q3,0.99812484,0.9-1.0
/kaggle/input/cell-images-for-detecting-malaria/cell_images/Parasitized/C97P58ThinF_IMG_20150917_145555_cell_176.png,Parasitized,142,130,RGB,1,1,1,0.95216656,False,18460,Q3,0.95216656,0.9-1.0
/kaggle/input/cell-images-for-detecting-malaria/cell_images/Parasitized/C120P81ThinF_IMG_20151002_130715_cell_190.png,Parasitized,112,184,RGB,1,1,1,0.9833831,False,20608,Q4 (largest),0.9833831,0.9-1.0
/kaggle/input/cell-images-for-detecting-malaria/cell_images/Parasitized/C174P135NThinF_IMG_20151127_135640_cell_187.png,Parasitized,124,115,RGB,1,1,1,0.8039208,False,14260,Q1 (smallest),0.8039208,0.8-0.9
/kaggle/input/cell-images-for-detecting-malaria/cell_images/Uninfected/C158P119ThinF_IMG_20151115_181035_cell_46.png,Uninfected,109,145,RGB,0,0,0,0.008254272,False,15805,Q2,0.9917457,0.9-1.0
/kaggle/input/cell-images-for-detecting-malaria/cell_images/Parasitized/C80P41ThinF_IMG_20150817_111544_cell_124.png,Parasitized,130,124,RGB,1,1,1,0.99495286,False,16120,Q2,0.99495286,0.9-1.0
/kaggle/input/cell-images-for-detecting-malaria/cell_images/Uninfected/C134P95ThinF_IMG_20151005_121554_cell_90.png,Uninfected,148,151,RGB,0,0,0,0.0069385823,False,22348,Q4 (largest),0.9930614,0.9-1.0
/kaggle/input/cell-images-for-detecting-malaria/cell_images/Parasitized/C182P143NThinF_IMG_20151201_172842_cell_45.png,Parasitized,109,127,RGB,1,1,1,0.9959304,False,13843,Q1 (smallest),0.9959304,0.9-1.0
/kaggle/input/cell-images-for-detecting-malaria/cell_images/Uninfected/C209ThinF_IMG_20151029_160857_cell_145.png,Uninfected,121,124,RGB,0,0,0,0.00069687126,False,15004,Q2,0.9993031,0.9-1.0
/kaggle/input/cell-images-for-detecting-malaria/cell_images/Uninfected/C81P42ThinF_IMG_20150817_120712_cell_79.png,Uninfected,127,145,RGB,0,0,0,0.01151486,False,18415,Q3,0.98848516,0.9-1.0
/kaggle/input/cell-images-for-detecting-malaria/cell_images/Parasitized/C99P60ThinF_IMG_20150918_141351_cell_142.png,Parasitized,142,124,RGB,1,1,1,0.9944273,False,17608,Q3,0.9944273,0.9-1.0
/kaggle/input/cell-images-for-detecting-malaria/cell_images/Parasitized/C102P63ThinF_IMG_20150918_163054_cell_167.png,Parasitized,139,124,RGB,1,1,1,0.67563933,False,17236,Q2,0.67563933,0.6-0.7
/kaggle/input/cell-images-for-detecting-malaria/cell_images/Uninfected/C117P78ThinF_IMG_20150930_214317_cell_55.png,Uninfected,136,160,RGB,0,0,0,0.0015721673,False,21760,Q4 (largest),0.9984278,0.9-1.0
/kaggle/input/cell-images-for-detecting-malaria/cell_images/Parasitized/C184P145ThinF_IMG_20151203_104440_cell_26.png,Parasitized,145,163,RGB,1,1,1,0.99979424,False,23635,Q4 (largest),0.99979424,0.9-1.0
/kaggle/input/cell-images-for-detecting-malaria/cell_images/Uninfected/C227ThinF_IMG_20151112_135509_cell_29.png,Uninfected,127,118,RGB,0,0,0,0.0012740727,False,14986,Q2,0.99872595,0.9-1.0
/kaggle/input/cell-images-for-detecting-malaria/cell_images/Parasitized/C132P93ThinF_IMG_20151004_151811_cell_152.png,Parasitized,139,136,RGB,1,1,1,0.9994756,False,18904,Q3,0.9994756,0.9-1.0
/kaggle/input/cell-images-for-detecting-malaria/cell_images/Uninfected/C81P42ThinF_IMG_20150817_120524_cell_33.png,Uninfected,133,130,RGB,0,0,0,0.018517457,False,17290,Q2,0.98148257,0.9-1.0
/kaggle/input/cell-images-for-detecting-malaria/cell_images/Uninfected/C66P27N_ThinF_IMG_20150818_164702_cell_87.png,Uninfected,133,139,RGB,0,0,0,0.0022103072,False,18487,Q3,0.9977897,0.9-1.0
/kaggle/input/cell-images-for-detecting-malaria/cell_images/Parasitized/C180P141NThinF_IMG_20151201_165453_cell_13.png,Parasitized,154,130,RGB,1,1,1,0.992265,False,20020,Q3,0.992265,0.9-1.0
/kaggle/input/cell-images-for-detecting-malaria/cell_images/Uninfected/C90P51ThinF_IMG_20150821_115846_cell_1.png,Uninfected,133,136,RGB,0,0,0,0.10293393,False,18088,Q3,0.89706606,0.8-0.9
/kaggle/input/cell-images-for-detecting-malaria/cell_images/Parasitized/C132P93ThinF_IMG_20151004_152045_cell_155.png,Parasitized,124,151,RGB,1,1,1,0.999458,False,18724,Q3,0.999458,0.9-1.0
/kaggle/input/cell-images-for-detecting-malaria/cell_images/Parasitized/C178P139NThinF_IMG_20151201_154254_cell_1.png,Parasitized,130,133,RGB,1,1,1,0.99832207,False,17290,Q2,0.99832207,0.9-1.0
/kaggle/input/cell-images-for-detecting-malaria/cell_images/Uninfected/C141P102ThinF_IMG_20151005_213930_cell_8.png,Uninfected,142,127,RGB,0,0,0,0.010876817,False,18034,Q3,0.98912317,0.9-1.0
/kaggle/input/cell-images-for-detecting-malaria/cell_images/Parasitized/C107P68ThinF_IMG_20150924_222535_cell_140.png,Parasitized,130,124,RGB,1,1,1,0.98530984,False,16120,Q2,0.98530984,0.9-1.0
/kaggle/input/cell-images-for-detecting-malaria/cell_images/Parasitized/C184P145ThinF_IMG_20151203_103326_cell_123.png,Parasitized,142,169,RGB,1,1,1,0.9999945,False,23998,Q4 (largest),0.9999945,0.9-1.0
/kaggle/input/cell-images-for-detecting-malaria/cell_images/Uninfected/C221ThinF_IMG_20151106_160304_cell_25.png,Uninfected,112,112,RGB,0,0,0,0.0024400011,False,12544,Q1 (smallest),0.99756,0.9-1.0
/kaggle/input/cell-images-for-detecting-malaria/cell_images/Parasitized/C189P150ThinF_IMG_20151203_141004_cell_78.png,Parasitized,94,91,RGB,1,1,0,0.36957994,True,8554,Q1 (smallest),0.6304201,0.6-0.7
/kaggle/input/cell-images-for-detecting-malaria/cell_images/Uninfected/C157P118ThinF_IMG_20151115_164026_cell_223.png,Uninfected,127,142,RGB,0,0,0,0.0017722675,False,18034,Q3,0.9982277,0.9-1.0
/kaggle/input/cell-images-for-detecting-malaria/cell_images/Uninfected/C226ThinF_IMG_20151112_131731_cell_43.png,Uninfected,82,106,RGB,0,0,0,0.0017330634,False,8692,Q1 (smallest),0.99826694,0.9-1.0
/kaggle/input/cell-images-for-detecting-malaria/cell_images/Parasitized/C179P140ThinF_IMG_20151127_153350_cell_180.png,Parasitized,139,139,RGB,1,1,1,0.9680082,False,19321,Q3,0.9680082,0.9-1.0
/kaggle/input/cell-images-for-detecting-malaria/cell_images/Uninfected/C2NThinF_IMG_20150604_114730_cell_36.png,Uninfected,133,139,RGB,0,0,0,0.002182949,False,18487,Q3,0.99781704,0.9-1.0
/kaggle/input/cell-images-for-detecting-malaria/cell_images/Parasitized/C181P142ThinF_IMG_20151127_160539_cell_181.png,Parasitized,130,121,RGB,1,1,1,0.99972445,False,15730,Q2,0.99972445,0.9-1.0
/kaggle/input/cell-images-for-detecting-malaria/cell_images/Uninfected/C7NthinF_IMG_20150611_104753_cell_73.png,Uninfected,127,118,RGB,0,0,1,0.899748,True,14986,Q2,0.899748,0.8-0.9
/kaggle/input/cell-images-for-detecting-malaria/cell_images/Uninfected/C231ThinF_IMG_20151112_153246_cell_152.png,Uninfected,115,133,RGB,0,0,0,0.0006981046,False,15295,Q2,0.9993019,0.9-1.0
/kaggle/input/cell-images-for-detecting-malaria/cell_images/Uninfected/C49P10thinF_IMG_20150724_103054_cell_33.png,Uninfected,118,124,RGB,0,0,0,0.10347999,False,14632,Q1 (smallest),0.89652,0.8-0.9
/kaggle/input/cell-images-for-detecting-malaria/cell_images/Parasitized/C39P4thinF_original_IMG_20150622_113446_cell_29.png,Parasitized,139,142,RGB,1,1,1,0.6638492,False,19738,Q3,0.6638492,0.6-0.7
/kaggle/input/cell-images-for-detecting-malaria/cell_images/Parasitized/C82P43ThinF_IMG_20150817_123824_cell_183.png,Parasitized,124,133,RGB,1,1,1,0.9954086,False,16492,Q2,0.9954086,0.9-1.0
/kaggle/input/cell-images-for-detecting-malaria/cell_images/Uninfected/C115P76ThinF_IMG_20150930_162315_cell_167.png,Uninfected,142,133,RGB,0,0,0,0.0020159427,False,18886,Q3,0.99798405,0.9-1.0
/kaggle/input/cell-images-for-detecting-malaria/cell_images/Parasitized/C144P105ThinF_IMG_20151015_155149_cell_302.png,Parasitized,142,118,RGB,1,1,1,0.98810613,False,16756,Q2,0.98810613,0.9-1.0
/kaggle/input/cell-images-for-detecting-malaria/cell_images/Parasitized/C175P136NThinF_IMG_20151127_142326_cell_229.png,Parasitized,136,142,RGB,1,1,1,0.99932414,False,19312,Q3,0.99932414,0.9-1.0
/kaggle/input/cell-images-for-detecting-malaria/cell_images/Uninfected/C162P123ThinF_IMG_20151116_105019_cell_107.png,Uninfected,139,130,RGB,0,0,0,0.07272669,False,18070,Q3,0.92727333,0.9-1.0
/kaggle/input/cell-images-for-detecting-malaria/cell_images/Parasitized/C129P90ThinF_IMG_20151004_133421_cell_107.png,Parasitized,133,139,RGB,1,1,1,0.9968977,False,18487,Q3,0.9968977,0.9-1.0
/kaggle/input/cell-images-for-detecting-malaria/cell_images/Uninfected/C235ThinF_IMG_20151112_164723_cell_80.png,Uninfected,97,103,RGB,0,0,0,0.0020702514,False,9991,Q1 (smallest),0.99792975,0.9-1.0
/kaggle/input/cell-images-for-detecting-malaria/cell_images/Uninfected/C103P64ThinF_IMG_20150918_164331_cell_27.png,Uninfected,124,112,RGB,0,0,0,0.006636229,False,13888,Q1 (smallest),0.9933638,0.9-1.0
/kaggle/input/cell-images-for-detecting-malaria/cell_images/Uninfected/C168P129ThinF_IMG_20151118_154126_cell_106.png,Uninfected,124,121,RGB,0,0,0,0.0077247703,False,15004,Q2,0.99227524,0.9-1.0
/kaggle/input/cell-images-for-detecting-malaria/cell_images/Parasitized/C68P29N_ThinF_IMG_20150819_133236_cell_166.png,Parasitized,148,136,RGB,1,1,1,0.9983853,False,20128,Q3,0.9983853,0.9-1.0
/kaggle/input/cell-images-for-detecting-malaria/cell_images/Parasitized/C99P60ThinF_IMG_20150918_140900_cell_125.png,Parasitized,184,169,RGB,1,1,1,0.99999833,False,31096,Q4 (largest),0.99999833,0.9-1.0
/kaggle/input/cell-images-for-detecting-malaria/cell_images/Uninfected/C187P148NThinF_IMG_20151203_152841_cell_139.png,Uninfected,118,115,RGB,0,0,0,0.0105469655,False,13570,Q1 (smallest),0.989453,0.9-1.0
/kaggle/input/cell-images-for-detecting-malaria/cell_images/Parasitized/C99P60ThinF_IMG_20150918_141129_cell_138.png,Parasitized,139,175,RGB,1,1,1,0.99999,False,24325,Q4 (largest),0.99999,0.9-1.0
/kaggle/input/cell-images-for-detecting-malaria/cell_images/Uninfected/C215ThinF_IMG_20151106_133116_cell_82.png,Uninfected,148,148,RGB,0,0,0,0.00070817594,False,21904,Q4 (largest),0.99929184,0.9-1.0
/kaggle/input/cell-images-for-detecting-malaria/cell_images/Uninfected/C144P105ThinF_IMG_20151015_160908_cell_234.png,Uninfected,139,136,RGB,0,0,0,0.00071208045,False,18904,Q3,0.9992879,0.9-1.0
/kaggle/input/cell-images-for-detecting-malaria/cell_images/Uninfected/C143P104ThinF_IMG_20151005_225413_cell_127.png,Uninfected,112,154,RGB,0,0,0,0.0014668636,False,17248,Q2,0.9985331,0.9-1.0
/kaggle/input/cell-images-for-detecting-malaria/cell_images/Uninfected/C85P46ThinF_IMG_20150820_105748_cell_49.png,Uninfected,130,124,RGB,0,0,0,0.0034021742,False,16120,Q2,0.9965978,0.9-1.0
/kaggle/input/cell-images-for-detecting-malaria/cell_images/Parasitized/C39P4thinF_original_IMG_20150622_110900_cell_12.png,Parasitized,139,112,RGB,1,1,1,0.9992761,False,15568,Q2,0.9992761,0.9-1.0
/kaggle/input/cell-images-for-detecting-malaria/cell_images/Uninfected/C136P97ThinF_IMG_20151005_143329_cell_81.png,Uninfected,112,106,RGB,0,0,0,0.053312518,False,11872,Q1 (smallest),0.94668746,0.9-1.0
/kaggle/input/cell-images-for-detecting-malaria/cell_images/Uninfected/C39P4thinF_original_IMG_20150622_105253_cell_89.png,Uninfected,121,127,RGB,0,0,0,0.051123902,False,15367,Q2,0.9488761,0.9-1.0
/kaggle/input/cell-images-for-detecting-malaria/cell_images/Parasitized/C70P31_ThinF_IMG_20150819_141403_cell_96.png,Parasitized,100,121,RGB,1,1,1,0.9994443,False,12100,Q1 (smallest),0.9994443,0.9-1.0
/kaggle/input/cell-images-for-detecting-malaria/cell_images/Uninfected/C180P141NThinF_IMG_20151201_165528_cell_51.png,Uninfected,139,154,RGB,0,0,0,0.005595624,False,21406,Q4 (largest),0.9944044,0.9-1.0
/kaggle/input/cell-images-for-detecting-malaria/cell_images/Uninfected/C176P137NThinF_IMG_20151201_122811_cell_49.png,Uninfected,142,115,RGB,0,0,0,0.0031870008,False,16330,Q2,0.996813,0.9-1.0
/kaggle/input/cell-images-for-detecting-malaria/cell_images/Uninfected/C144P105ThinF_IMG_20151015_155004_cell_128.png,Uninfected,130,115,RGB,0,0,0,0.000858984,False,14950,Q2,0.99914104,0.9-1.0
/kaggle/input/cell-images-for-detecting-malaria/cell_images/Parasitized/C59P20thinF_IMG_20150803_112733_cell_209.png,Parasitized,142,130,RGB,1,1,1,0.99547046,False,18460,Q3,0.99547046,0.9-1.0
/kaggle/input/cell-images-for-detecting-malaria/cell_images/Parasitized/C70P31_ThinF_IMG_20150819_141327_cell_76.png,Parasitized,121,127,RGB,1,1,1,0.99899,False,15367,Q2,0.99899,0.9-1.0
/kaggle/input/cell-images-for-detecting-malaria/cell_images/Parasitized/C167P128ReThinF_IMG_20151201_105354_cell_249.png,Parasitized,124,118,RGB,1,1,1,0.87908703,False,14632,Q1 (smallest),0.87908703,0.8-0.9
/kaggle/input/cell-images-for-detecting-malaria/cell_images/Uninfected/C49P10thinF_IMG_20150724_103233_cell_41.png,Uninfected,127,115,RGB,0,0,0,0.07671529,False,14605,Q1 (smallest),0.9232847,0.9-1.0
/kaggle/input/cell-images-for-detecting-malaria/cell_images/Uninfected/C103P64ThinF_IMG_20150918_164553_cell_145.png,Uninfected,148,163,RGB,0,0,0,0.00087178586,False,24124,Q4 (largest),0.9991282,0.9-1.0
/kaggle/input/cell-images-for-detecting-malaria/cell_images/Uninfected/C126P87ThinF_IMG_20151004_104813_cell_108.png,Uninfected,124,136,RGB,0,0,0,0.013036395,False,16864,Q2,0.9869636,0.9-1.0
/kaggle/input/cell-images-for-detecting-malaria/cell_images/Uninfected/C89P50ThinF_IMG_20150820_162300_cell_39.png,Uninfected,148,133,RGB,0,0,0,0.0037663784,False,19684,Q3,0.99623364,0.9-1.0
/kaggle/input/cell-images-for-detecting-malaria/cell_images/Parasitized/C176P137NThinF_IMG_20151201_120845_cell_125.png,Parasitized,121,124,RGB,1,1,1,0.9918988,False,15004,Q2,0.9918988,0.9-1.0
/kaggle/input/cell-images-for-detecting-malaria/cell_images/Uninfected/C102P63ThinF_IMG_20150918_161826_cell_19.png,Uninfected,130,175,RGB,0,0,0,0.0663351,False,22750,Q4 (largest),0.9336649,0.9-1.0
/kaggle/input/cell-images-for-detecting-malaria/cell_images/Uninfected/C78P39ThinF_IMG_20150606_104426_cell_104.png,Uninfected,145,133,RGB,0,0,0,0.03318649,False,19285,Q3,0.9668135,0.9-1.0
/kaggle/input/cell-images-for-detecting-malaria/cell_images/Parasitized/C99P60ThinF_IMG_20150918_141129_cell_117.png,Parasitized,124,133,RGB,1,1,1,0.65142906,False,16492,Q2,0.65142906,0.6-0.7
/kaggle/input/cell-images-for-detecting-malaria/cell_images/Uninfected/C182P143NThinF_IMG_20151201_172057_cell_69.png,Uninfected,97,97,RGB,0,0,0,0.11216296,False,9409,Q1 (smallest),0.88783705,0.8-0.9
/kaggle/input/cell-images-for-detecting-malaria/cell_images/Parasitized/C184P145ThinF_IMG_20151203_104334_cell_30.png,Parasitized,130,133,RGB,1,1,1,0.99981964,False,17290,Q2,0.99981964,0.9-1.0
/kaggle/input/cell-images-for-detecting-malaria/cell_images/Uninfected/C99P60ThinF_IMG_20150918_140900_cell_34.png,Uninfected,118,127,RGB,0,0,0,0.014575817,False,14986,Q2,0.98542416,0.9-1.0
/kaggle/input/cell-images-for-detecting-malaria/cell_images/Parasitized/C65P26N_ThinF_IMG_20150818_154714_cell_187.png,Parasitized,88,94,RGB,1,1,0,0.2621541,True,8272,Q1 (smallest),0.7378459,0.7-0.8
/kaggle/input/cell-images-for-detecting-malaria/cell_images/Uninfected/C170P131ThinF_IMG_20151119_120150_cell_159.png,Uninfected,103,124,RGB,0,0,0,0.0005541746,False,12772,Q1 (smallest),0.9994458,0.9-1.0
/kaggle/input/cell-images-for-detecting-malaria/cell_images/Uninfected/C64P25N_ThinF_IMG_20150818_152337_cell_51.png,Uninfected,136,139,RGB,0,0,0,0.0034300783,False,18904,Q3,0.99656993,0.9-1.0
/kaggle/input/cell-images-for-detecting-malaria/cell_images/Parasitized/C80P41ThinF_IMG_20150817_111121_cell_165.png,Parasitized,133,133,RGB,1,1,1,0.9163484,False,17689,Q3,0.9163484,0.9-1.0
/kaggle/input/cell-images-for-detecting-malaria/cell_images/Uninfected/C215ThinF_IMG_20151106_133012_cell_128.png,Uninfected,157,130,RGB,0,0,0,0.00026990805,False,20410,Q4 (largest),0.9997301,0.9-1.0
/kaggle/input/cell-images-for-detecting-malaria/cell_images/Parasitized/C184P145ThinF_IMG_20151203_102721_cell_27.png,Parasitized,127,127,RGB,1,1,1,0.9928623,False,16129,Q2,0.9928623,0.9-1.0
/kaggle/input/cell-images-for-detecting-malaria/cell_images/Parasitized/C180P141NThinF_IMG_20151201_165601_cell_176.png,Parasitized,127,148,RGB,1,1,1,0.99528056,False,18796,Q3,0.99528056,0.9-1.0
/kaggle/input/cell-images-for-detecting-malaria/cell_images/Uninfected/C181P142ThinF_IMG_20151127_160434_cell_72.png,Uninfected,133,103,RGB,0,0,0,0.15444453,False,13699,Q1 (smallest),0.8455555,0.8-0.9
/kaggle/input/cell-images-for-detecting-malaria/cell_images/Uninfected/C237ThinF_IMG_20151127_104844_cell_154.png,Uninfected,139,145,RGB,0,0,0,0.0019205799,False,20155,Q3,0.9980794,0.9-1.0
/kaggle/input/cell-images-for-detecting-malaria/cell_images/Uninfected/C229ThinF_IMG_20151112_144534_cell_267.png,Uninfected,166,112,RGB,0,0,0,0.0006575797,False,18592,Q3,0.99934244,0.9-1.0
/kaggle/input/cell-images-for-detecting-malaria/cell_images/Parasitized/C176P137NThinF_IMG_20151201_122444_cell_126.png,Parasitized,130,112,RGB,1,1,1,0.9712581,False,14560,Q1 (smallest),0.9712581,0.9-1.0
/kaggle/input/cell-images-for-detecting-malaria/cell_images/Uninfected/C206ThinF_IMG_20151029_140511_cell_182.png,Uninfected,157,160,RGB,0,0,0,0.021387592,False,25120,Q4 (largest),0.9786124,0.9-1.0
/kaggle/input/cell-images-for-detecting-malaria/cell_images/Uninfected/C74P35_ThinF_IMG_20150815_114401_cell_14.png,Uninfected,148,139,RGB,0,0,0,0.0018187411,False,20572,Q4 (largest),0.9981813,0.9-1.0
/kaggle/input/cell-images-for-detecting-malaria/cell_images/Uninfected/C57P18thinF_IMG_20150729_110134_cell_89.png,Uninfected,124,142,RGB,0,0,0,0.0013687471,False,17608,Q3,0.99863124,0.9-1.0
/kaggle/input/cell-images-for-detecting-malaria/cell_images/Parasitized/C116P77ThinF_IMG_20150930_171635_cell_81.png,Parasitized,124,118,RGB,1,1,1,0.9995834,False,14632,Q1 (smallest),0.9995834,0.9-1.0
/kaggle/input/cell-images-for-detecting-malaria/cell_images/Parasitized/C99P60ThinF_IMG_20150918_140900_cell_142.png,Parasitized,127,133,RGB,1,1,1,0.9109453,False,16891,Q2,0.9109453,0.9-1.0
/kaggle/input/cell-images-for-detecting-malaria/cell_images/Uninfected/C135P96ThinF_IMG_20151005_124204_cell_82.png,Uninfected,136,145,RGB,0,0,0,0.005140452,False,19720,Q3,0.9948596,0.9-1.0
/kaggle/input/cell-images-for-detecting-malaria/cell_images/Parasitized/C118P79ThinF_IMG_20151002_105346_cell_166.png,Parasitized,172,142,RGB,1,1,1,0.989057,False,24424,Q4 (largest),0.989057,0.9-1.0
/kaggle/input/cell-images-for-detecting-malaria/cell_images/Uninfected/C175P136NThinF_IMG_20151127_141428_cell_100.png,Uninfected,145,190,RGB,0,0,0,0.019662661,False,27550,Q4 (largest),0.9803373,0.9-1.0
/kaggle/input/cell-images-for-detecting-malaria/cell_images/Uninfected/C162P123ThinF_IMG_20151116_104451_cell_10.png,Uninfected,136,127,RGB,0,0,0,0.014724878,False,17272,Q2,0.98527515,0.9-1.0
/kaggle/input/cell-images-for-detecting-malaria/cell_images/Parasitized/C68P29N_ThinF_IMG_20150819_134504_cell_152.png,Parasitized,148,157,RGB,1,1,1,0.9986847,False,23236,Q4 (largest),0.9986847,0.9-1.0
/kaggle/input/cell-images-for-detecting-malaria/cell_images/Uninfected/C212ThinF_IMG_20151106_110230_cell_157.png,Uninfected,121,136,RGB,0,0,0,0.00035844502,False,16456,Q2,0.99964154,0.9-1.0
/kaggle/input/cell-images-for-detecting-malaria/cell_images/Uninfected/C92P53ThinF_IMG_20150821_151722_cell_37.png,Uninfected,133,127,RGB,0,0,0,0.0059662247,False,16891,Q2,0.99403375,0.9-1.0
/kaggle/input/cell-images-for-detecting-malaria/cell_images/Uninfected/C215ThinF_IMG_20151106_133643_cell_149.png,Uninfected,172,133,RGB,0,0,0,0.10795525,False,22876,Q4 (largest),0.8920448,0.8-0.9
/kaggle/input/cell-images-for-detecting-malaria/cell_images/Uninfected/C223ThinF_IMG_20151112_104240_cell_48.png,Uninfected,133,127,RGB,0,0,0,0.0005261528,False,16891,Q2,0.99947387,0.9-1.0
/kaggle/input/cell-images-for-detecting-malaria/cell_images/Parasitized/C118P79ThinF_IMG_20151002_105125_cell_162.png,Parasitized,151,139,RGB,1,1,1,0.9989888,False,20989,Q4 (largest),0.9989888,0.9-1.0
/kaggle/input/cell-images-for-detecting-malaria/cell_images/Parasitized/C180P141NThinF_IMG_20151201_170021_cell_33.png,Parasitized,133,130,RGB,1,1,1,0.9999517,False,17290,Q2,0.9999517,0.9-1.0
/kaggle/input/cell-images-for-detecting-malaria/cell_images/Uninfected/C51AP12thinF_IMG_20150724_161126_cell_68.png,Uninfected,133,103,RGB,0,0,0,0.049157828,False,13699,Q1 (smallest),0.95084214,0.9-1.0
/kaggle/input/cell-images-for-detecting-malaria/cell_images/Parasitized/C184P145ThinF_IMG_20151203_102405_cell_164.png,Parasitized,145,124,RGB,1,1,1,0.9999449,False,17980,Q3,0.9999449,0.9-1.0
/kaggle/input/cell-images-for-detecting-malaria/cell_images/Parasitized/C119P80ThinF_IMG_20151002_124425_cell_132.png,Parasitized,103,112,RGB,1,1,0,0.45712242,True,11536,Q1 (smallest),0.54287755,0.5-0.6
/kaggle/input/cell-images-for-detecting-malaria/cell_images/Parasitized/C93P54ThinF_IMG_20150821_162901_cell_193.png,Parasitized,163,139,RGB,1,1,1,0.9963846,False,22657,Q4 (largest),0.9963846,0.9-1.0
/kaggle/input/cell-images-for-detecting-malaria/cell_images/Uninfected/C120P81ThinF_IMG_20151002_125443_cell_80.png,Uninfected,121,160,RGB,0,0,0,0.0014640521,False,19360,Q3,0.99853593,0.9-1.0
/kaggle/input/cell-images-for-detecting-malaria/cell_images/Uninfected/C136P97ThinF_IMG_20151005_143743_cell_42.png,Uninfected,127,145,RGB,0,0,0,0.012719732,False,18415,Q3,0.98728025,0.9-1.0
/kaggle/input/cell-images-for-detecting-malaria/cell_images/Parasitized/C183P144NThinF_IMG_20151201_223758_cell_143.png,Parasitized,109,151,RGB,1,1,1,0.9958027,False,16459,Q2,0.9958027,0.9-1.0
/kaggle/input/cell-images-for-detecting-malaria/cell_images/Uninfected/C144P105ThinF_IMG_20151015_163432_cell_23.png,Uninfected,145,139,RGB,0,0,0,0.0052161356,False,20155,Q3,0.9947839,0.9-1.0
/kaggle/input/cell-images-for-detecting-malaria/cell_images/Parasitized/C163P124ThinF_IMG_20151116_110921_cell_242.png,Parasitized,103,112,RGB,1,1,1,0.99555296,False,11536,Q1 (smallest),0.99555296,0.9-1.0
/kaggle/input/cell-images-for-detecting-malaria/cell_images/Uninfected/C54P15thinF_IMG_20150728_105949_cell_205.png,Uninfected,127,148,RGB,0,0,0,0.002258551,False,18796,Q3,0.99774146,0.9-1.0
/kaggle/input/cell-images-for-detecting-malaria/cell_images/Uninfected/C61P22N_ThinF_IMG_20150818_112518_cell_130.png,Uninfected,106,109,RGB,0,0,0,0.05295373,False,11554,Q1 (smallest),0.9470463,0.9-1.0
/kaggle/input/cell-images-for-detecting-malaria/cell_images/Parasitized/C180P141NThinF_IMG_20151201_163848_cell_145.png,Parasitized,133,142,RGB,1,1,1,0.9647057,False,18886,Q3,0.9647057,0.9-1.0
/kaggle/input/cell-images-for-detecting-malaria/cell_images/Parasitized/C159P120ThinF_IMG_20151115_185541_cell_183.png,Parasitized,136,124,RGB,1,1,1,0.9912415,False,16864,Q2,0.9912415,0.9-1.0
/kaggle/input/cell-images-for-detecting-malaria/cell_images/Parasitized/C133P94ThinF_IMG_20151004_155721_cell_112.png,Parasitized,133,142,RGB,1,1,1,0.9999615,False,18886,Q3,0.9999615,0.9-1.0
/kaggle/input/cell-images-for-detecting-malaria/cell_images/Uninfected/C208ThinF_IMG_20151029_155554_cell_46.png,Uninfected,172,136,RGB,0,0,0,0.01581534,False,23392,Q4 (largest),0.9841847,0.9-1.0
/kaggle/input/cell-images-for-detecting-malaria/cell_images/Uninfected/C113P74ThinF_IMG_20150930_135904_cell_60.png,Uninfected,133,103,RGB,0,0,0,0.008043978,False,13699,Q1 (smallest),0.991956,0.9-1.0
/kaggle/input/cell-images-for-detecting-malaria/cell_images/Parasitized/C59P20thinF_IMG_20150803_113809_cell_35.png,Parasitized,127,118,RGB,1,1,1,0.9999112,False,14986,Q2,0.9999112,0.9-1.0
/kaggle/input/cell-images-for-detecting-malaria/cell_images/Uninfected/C215ThinF_IMG_20151106_133043_cell_94.png,Uninfected,148,127,RGB,0,0,0,0.00039199155,False,18796,Q3,0.999608,0.9-1.0
/kaggle/input/cell-images-for-detecting-malaria/cell_images/Parasitized/C168P129ThinF_IMG_20151118_153739_cell_169.png,Parasitized,154,163,RGB,1,1,1,0.9645078,False,25102,Q4 (largest),0.9645078,0.9-1.0
/kaggle/input/cell-images-for-detecting-malaria/cell_images/Parasitized/C133P94ThinF_IMG_20151004_155144_cell_139.png,Parasitized,121,112,RGB,1,1,1,0.99681515,False,13552,Q1 (smallest),0.99681515,0.9-1.0
/kaggle/input/cell-images-for-detecting-malaria/cell_images/Parasitized/C74P35_ThinF_IMG_20150815_113951_cell_126.png,Parasitized,151,154,RGB,1,1,1,0.99985325,False,23254,Q4 (largest),0.99985325,0.9-1.0
/kaggle/input/cell-images-for-detecting-malaria/cell_images/Uninfected/C93P54ThinF_IMG_20150821_162901_cell_37.png,Uninfected,124,130,RGB,0,0,0,0.0035181588,False,16120,Q2,0.99648184,0.9-1.0
/kaggle/input/cell-images-for-detecting-malaria/cell_images/Uninfected/C1_thinF_IMG_20150604_104942_cell_4.png,Uninfected,124,115,RGB,0,0,0,0.059242733,False,14260,Q1 (smallest),0.9407573,0.9-1.0
/kaggle/input/cell-images-for-detecting-malaria/cell_images/Uninfected/C104P65ThinF_IMG_20150918_171751_cell_54.png,Uninfected,175,133,RGB,0,0,0,0.0015222287,False,23275,Q4 (largest),0.99847776,0.9-1.0
/kaggle/input/cell-images-for-detecting-malaria/cell_images/Parasitized/C67P28N_ThinF_IMG_20150819_125901_cell_241.png,Parasitized,157,124,RGB,1,1,1,0.84992707,False,19468,Q3,0.84992707,0.8-0.9
/kaggle/input/cell-images-for-detecting-malaria/cell_images/Uninfected/C60P21thinF_IMG_20150804_105955_cell_13.png,Uninfected,121,166,RGB,0,0,0,0.011577837,False,20086,Q3,0.98842216,0.9-1.0
/kaggle/input/cell-images-for-detecting-malaria/cell_images/Parasitized/C91P52ThinF_IMG_20150821_124504_cell_210.png,Parasitized,223,223,RGB,1,1,1,0.96304345,False,49729,Q4 (largest),0.96304345,0.9-1.0
/kaggle/input/cell-images-for-detecting-malaria/cell_images/Parasitized/C59P20thinF_IMG_20150803_113430_cell_47.png,Parasitized,130,133,RGB,1,1,1,0.9702167,False,17290,Q2,0.9702167,0.9-1.0
/kaggle/input/cell-images-for-detecting-malaria/cell_images/Uninfected/C113P74ThinF_IMG_20150930_134355_cell_35.png,Uninfected,124,136,RGB,0,0,0,0.0016785564,False,16864,Q2,0.9983214,0.9-1.0
/kaggle/input/cell-images-for-detecting-malaria/cell_images/Uninfected/C54P15thinF_IMG_20150728_112938_cell_46.png,Uninfected,136,136,RGB,0,0,0,0.0243453,False,18496,Q3,0.9756547,0.9-1.0
/kaggle/input/cell-images-for-detecting-malaria/cell_images/Uninfected/C86P47ThinF_IMG_20150820_124259_cell_123.png,Uninfected,154,91,RGB,0,0,0,0.12687084,False,14014,Q1 (smallest),0.8731291,0.8-0.9
/kaggle/input/cell-images-for-detecting-malaria/cell_images/Parasitized/C101P62ThinF_IMG_20150918_151239_cell_90.png,Parasitized,148,190,RGB,1,1,1,0.9740994,False,28120,Q4 (largest),0.9740994,0.9-1.0
/kaggle/input/cell-images-for-detecting-malaria/cell_images/Parasitized/C182P143NThinF_IMG_20151201_171905_cell_178.png,Parasitized,124,100,RGB,1,1,0,0.1698591,True,12400,Q1 (smallest),0.8301409,0.8-0.9
/kaggle/input/cell-images-for-detecting-malaria/cell_images/Parasitized/C82P43ThinF_IMG_20150817_124010_cell_185.png,Parasitized,127,124,RGB,1,1,1,0.9992076,False,15748,Q2,0.9992076,0.9-1.0
/kaggle/input/cell-images-for-detecting-malaria/cell_images/Parasitized/C118P79ThinF_IMG_20151002_105125_cell_153.png,Parasitized,136,160,RGB,1,1,1,0.9979054,False,21760,Q4 (largest),0.9979054,0.9-1.0
/kaggle/input/cell-images-for-detecting-malaria/cell_images/Parasitized/C97P58ThinF_IMG_20150917_150838_cell_160.png,Parasitized,115,133,RGB,1,1,1,0.9931571,False,15295,Q2,0.9931571,0.9-1.0
/kaggle/input/cell-images-for-detecting-malaria/cell_images/Parasitized/C131P92ThinF_IMG_20151004_145410_cell_133.png,Parasitized,124,148,RGB,1,1,1,0.9073512,False,18352,Q3,0.9073512,0.9-1.0
/kaggle/input/cell-images-for-detecting-malaria/cell_images/Parasitized/C130P91ThinF_IMG_20151004_142951_cell_144.png,Parasitized,151,145,RGB,1,1,1,0.9832342,False,21895,Q4 (largest),0.9832342,0.9-1.0
/kaggle/input/cell-images-for-detecting-malaria/cell_images/Parasitized/C48P9thinF_IMG_20150721_161055_cell_194.png,Parasitized,124,115,RGB,1,1,1,0.91118395,False,14260,Q1 (smallest),0.91118395,0.9-1.0
/kaggle/input/cell-images-for-detecting-malaria/cell_images/Uninfected/C175P136NThinF_IMG_20151127_141253_cell_8.png,Uninfected,142,130,RGB,0,0,0,0.010641145,False,18460,Q3,0.98935884,0.9-1.0
/kaggle/input/cell-images-for-detecting-malaria/cell_images/Parasitized/C184P145ThinF_IMG_20151203_103637_cell_174.png,Parasitized,127,145,RGB,1,1,1,0.99875844,False,18415,Q3,0.99875844,0.9-1.0
/kaggle/input/cell-images-for-detecting-malaria/cell_images/Parasitized/C68P29N_ThinF_IMG_20150819_134712_cell_68.png,Parasitized,214,169,RGB,1,1,1,0.9916609,False,36166,Q4 (largest),0.9916609,0.9-1.0
/kaggle/input/cell-images-for-detecting-malaria/cell_images/Uninfected/C69P30N_ThinF_IMG_20150819_135705_cell_141.png,Uninfected,163,181,RGB,0,0,0,0.04307127,False,29503,Q4 (largest),0.95692873,0.9-1.0
/kaggle/input/cell-images-for-detecting-malaria/cell_images/Uninfected/C42P5thin_original_IMG_20150623_134919_cell_155.png,Uninfected,121,187,RGB,0,0,0,0.003669466,False,22627,Q4 (largest),0.99633056,0.9-1.0
/kaggle/input/cell-images-for-detecting-malaria/cell_images/Uninfected/C133P94ThinF_IMG_20151004_154512_cell_63.png,Uninfected,130,121,RGB,0,0,0,0.0038855798,False,15730,Q2,0.99611443,0.9-1.0
/kaggle/input/cell-images-for-detecting-malaria/cell_images/Uninfected/C66P27N_ThinF_IMG_20150818_164408_cell_75.png,Uninfected,169,115,RGB,0,0,0,0.0050854064,False,19435,Q3,0.9949146,0.9-1.0
/kaggle/input/cell-images-for-detecting-malaria/cell_images/Uninfected/C87P48ThinF_IMG_20150820_141913_cell_64.png,Uninfected,139,187,RGB,0,0,0,0.13485478,False,25993,Q4 (largest),0.8651452,0.8-0.9
/kaggle/input/cell-images-for-detecting-malaria/cell_images/Parasitized/C136P97ThinF_IMG_20151005_140538_cell_113.png,Parasitized,130,121,RGB,1,1,1,0.9894672,False,15730,Q2,0.9894672,0.9-1.0
/kaggle/input/cell-images-for-detecting-malaria/cell_images/Uninfected/C177P138NThinF_IMG_20151201_144820_cell_137.png,Uninfected,91,103,RGB,0,0,0,0.00642577,False,9373,Q1 (smallest),0.9935742,0.9-1.0
/kaggle/input/cell-images-for-detecting-malaria/cell_images/Uninfected/C74P35_ThinF_IMG_20150815_114819_cell_42.png,Uninfected,139,130,RGB,0,0,0,0.002433899,False,18070,Q3,0.9975661,0.9-1.0
/kaggle/input/cell-images-for-detecting-malaria/cell_images/Parasitized/C183P144NThinF_IMG_20151201_223357_cell_144.png,Parasitized,124,118,RGB,1,1,1,0.9977678,False,14632,Q1 (smallest),0.9977678,0.9-1.0
/kaggle/input/cell-images-for-detecting-malaria/cell_images/Uninfected/C59P20thinF_IMG_20150803_111333_cell_125.png,Uninfected,142,187,RGB,0,0,1,0.6517158,True,26554,Q4 (largest),0.6517158,0.6-0.7
/kaggle/input/cell-images-for-detecting-malaria/cell_images/Uninfected/C240ThinF_IMG_20151127_115328_cell_7.png,Uninfected,118,112,RGB,0,0,0,0.008170545,False,13216,Q1 (smallest),0.99182945,0.9-1.0
/kaggle/input/cell-images-for-detecting-malaria/cell_images/Parasitized/C101P62ThinF_IMG_20150918_155731_cell_76.png,Parasitized,106,145,RGB,1,1,1,0.997969,False,15370,Q2,0.997969,0.9-1.0
/kaggle/input/cell-images-for-detecting-malaria/cell_images/Uninfected/C52P13thinF_IMG_20150725_125213_cell_125.png,Uninfected,142,163,RGB,0,0,0,0.005145786,False,23146,Q4 (largest),0.9948542,0.9-1.0
/kaggle/input/cell-images-for-detecting-malaria/cell_images/Uninfected/C74P35_ThinF_IMG_20150815_114555_cell_53.png,Uninfected,142,145,RGB,0,0,0,0.0015571935,False,20590,Q4 (largest),0.9984428,0.9-1.0
/kaggle/input/cell-images-for-detecting-malaria/cell_images/Parasitized/C117P78ThinF_IMG_20150930_214629_cell_102.png,Parasitized,124,160,RGB,1,1,1,0.987581,False,19840,Q3,0.987581,0.9-1.0
/kaggle/input/cell-images-for-detecting-malaria/cell_images/Parasitized/C119P80ThinF_IMG_20151002_124304_cell_164.png,Parasitized,133,130,RGB,1,1,1,0.9954112,False,17290,Q2,0.9954112,0.9-1.0
/kaggle/input/cell-images-for-detecting-malaria/cell_images/Uninfected/C94P55ThinF_IMG_20150821_170403_cell_96.png,Uninfected,154,151,RGB,0,0,0,0.009795123,False,23254,Q4 (largest),0.9902049,0.9-1.0
/kaggle/input/cell-images-for-detecting-malaria/cell_images/Uninfected/C71P32_ThinF_IMG_20150813_161634_cell_128.png,Uninfected,94,67,RGB,0,0,0,0.1745824,False,6298,Q1 (smallest),0.8254176,0.8-0.9
/kaggle/input/cell-images-for-detecting-malaria/cell_images/Parasitized/C182P143NThinF_IMG_20151201_172257_cell_165.png,Parasitized,127,118,RGB,1,1,1,0.95082164,False,14986,Q2,0.95082164,0.9-1.0
/kaggle/input/cell-images-for-detecting-malaria/cell_images/Uninfected/C236ThinF_IMG_20151127_102516_cell_104.png,Uninfected,115,115,RGB,0,0,0,0.0003320514,False,13225,Q1 (smallest),0.99966794,0.9-1.0
/kaggle/input/cell-images-for-detecting-malaria/cell_images/Uninfected/C206ThinF_IMG_20151029_140538_cell_66.png,Uninfected,157,127,RGB,0,0,0,0.033933405,False,19939,Q3,0.9660666,0.9-1.0
/kaggle/input/cell-images-for-detecting-malaria/cell_images/Uninfected/C219ThinF_IMG_20151106_150314_cell_53.png,Uninfected,139,115,RGB,0,0,0,0.00040703654,False,15985,Q2,0.99959296,0.9-1.0
/kaggle/input/cell-images-for-detecting-malaria/cell_images/Parasitized/C101P62ThinF_IMG_20150923_165215_cell_33.png,Parasitized,187,220,RGB,1,1,1,0.99058247,False,41140,Q4 (largest),0.99058247,0.9-1.0
/kaggle/input/cell-images-for-detecting-malaria/cell_images/Parasitized/C68P29N_ThinF_IMG_20150819_134712_cell_54.png,Parasitized,160,148,RGB,1,1,1,0.9999331,False,23680,Q4 (largest),0.9999331,0.9-1.0
/kaggle/input/cell-images-for-detecting-malaria/cell_images/Parasitized/C80P41ThinF_IMG_20150817_111943_cell_12.png,Parasitized,127,133,RGB,1,1,1,0.9918099,False,16891,Q2,0.9918099,0.9-1.0
/kaggle/input/cell-images-for-detecting-malaria/cell_images/Parasitized/C181P142ThinF_IMG_20151127_160650_cell_188.png,Parasitized,127,145,RGB,1,1,1,0.99123865,False,18415,Q3,0.99123865,0.9-1.0
/kaggle/input/cell-images-for-detecting-malaria/cell_images/Uninfected/C7NthinF_IMG_20150611_104510_cell_117.png,Uninfected,106,109,RGB,0,0,0,0.05397826,False,11554,Q1 (smallest),0.94602174,0.9-1.0
/kaggle/input/cell-images-for-detecting-malaria/cell_images/Parasitized/C175P136NThinF_IMG_20151127_142326_cell_231.png,Parasitized,151,148,RGB,1,1,1,0.9894707,False,22348,Q4 (largest),0.9894707,0.9-1.0
/kaggle/input/cell-images-for-detecting-malaria/cell_images/Uninfected/C219ThinF_IMG_20151106_145856_cell_212.png,Uninfected,136,130,RGB,0,0,0,0.004060047,False,17680,Q3,0.99593997,0.9-1.0
/kaggle/input/cell-images-for-detecting-malaria/cell_images/Uninfected/C162P123ThinF_IMG_20151116_102655_cell_39.png,Uninfected,133,139,RGB,0,0,0,0.0033508963,False,18487,Q3,0.9966491,0.9-1.0
/kaggle/input/cell-images-for-detecting-malaria/cell_images/Parasitized/C101P62ThinF_IMG_20150923_170110_cell_10.png,Parasitized,142,133,RGB,1,1,1,0.9910898,False,18886,Q3,0.9910898,0.9-1.0
/kaggle/input/cell-images-for-detecting-malaria/cell_images/Uninfected/C94P55ThinF_IMG_20150821_165519_cell_165.png,Uninfected,124,127,RGB,0,0,1,0.85922056,True,15748,Q2,0.85922056,0.8-0.9
/kaggle/input/cell-images-for-detecting-malaria/cell_images/Uninfected/C117P78ThinF_IMG_20150930_214629_cell_1.png,Uninfected,136,118,RGB,0,0,0,0.03236747,False,16048,Q2,0.96763253,0.9-1.0
/kaggle/input/cell-images-for-detecting-malaria/cell_images/Parasitized/C70P31_ThinF_IMG_20150813_130510_cell_90.png,Parasitized,118,115,RGB,1,1,1,0.9987067,False,13570,Q1 (smallest),0.9987067,0.9-1.0
/kaggle/input/cell-images-for-detecting-malaria/cell_images/Parasitized/C66P27N_ThinF_IMG_20150818_163419_cell_207.png,Parasitized,136,157,RGB,1,1,1,0.99791175,False,21352,Q4 (largest),0.99791175,0.9-1.0
/kaggle/input/cell-images-for-detecting-malaria/cell_images/Uninfected/C52P13thinF_IMG_20150725_125847_cell_59.png,Uninfected,139,145,RGB,0,0,0,0.003908451,False,20155,Q3,0.99609154,0.9-1.0
/kaggle/input/cell-images-for-detecting-malaria/cell_images/Uninfected/C175P136NThinF_IMG_20151127_142326_cell_23.png,Uninfected,124,130,RGB,0,0,0,0.0029217587,False,16120,Q2,0.99707824,0.9-1.0
/kaggle/input/cell-images-for-detecting-malaria/cell_images/Uninfected/C218ThinF_IMG_20151106_144001_cell_162.png,Uninfected,127,142,RGB,0,0,0,0.00027253423,False,18034,Q3,0.9997275,0.9-1.0
/kaggle/input/cell-images-for-detecting-malaria/cell_images/Uninfected/C72P33_ThinF_IMG_20150815_105823_cell_40.png,Uninfected,136,142,RGB,0,0,0,0.0008048905,False,19312,Q3,0.9991951,0.9-1.0
/kaggle/input/cell-images-for-detecting-malaria/cell_images/Parasitized/C175P136NThinF_IMG_20151127_142326_cell_218.png,Parasitized,145,136,RGB,1,1,1,0.9994844,False,19720,Q3,0.9994844,0.9-1.0
/kaggle/input/cell-images-for-detecting-malaria/cell_images/Parasitized/C144P105ThinF_IMG_20151015_163432_cell_306.png,Parasitized,142,118,RGB,1,1,1,0.5775865,False,16756,Q2,0.5775865,0.5-0.6
/kaggle/input/cell-images-for-detecting-malaria/cell_images/Parasitized/C100P61ThinF_IMG_20150918_145938_cell_174.png,Parasitized,157,121,RGB,1,1,1,0.9082623,False,18997,Q3,0.9082623,0.9-1.0
/kaggle/input/cell-images-for-detecting-malaria/cell_images/Parasitized/C97P58ThinF_IMG_20150917_145555_cell_192.png,Parasitized,127,127,RGB,1,1,1,0.99598867,False,16129,Q2,0.99598867,0.9-1.0
/kaggle/input/cell-images-for-detecting-malaria/cell_images/Uninfected/C230ThinF_IMG_20151112_150621_cell_227.png,Uninfected,124,94,RGB,0,0,0,0.00049595203,False,11656,Q1 (smallest),0.999504,0.9-1.0
/kaggle/input/cell-images-for-detecting-malaria/cell_images/Uninfected/C105P66ThinF_IMG_20150924_100655_cell_93.png,Uninfected,151,166,RGB,0,0,0,0.023771213,False,25066,Q4 (largest),0.9762288,0.9-1.0
/kaggle/input/cell-images-for-detecting-malaria/cell_images/Uninfected/C185P146ThinF_IMG_20151203_110933_cell_81.png,Uninfected,139,115,RGB,0,0,0,0.022798987,False,15985,Q2,0.977201,0.9-1.0
/kaggle/input/cell-images-for-detecting-malaria/cell_images/Uninfected/C238NThinF_IMG_20151207_115017_cell_25.png,Uninfected,175,169,RGB,0,0,0,0.05711669,False,29575,Q4 (largest),0.9428833,0.9-1.0
/kaggle/input/cell-images-for-detecting-malaria/cell_images/Uninfected/C107P68ThinF_IMG_20150924_222415_cell_7.png,Uninfected,166,145,RGB,0,0,0,0.0026611204,False,24070,Q4 (largest),0.9973389,0.9-1.0
/kaggle/input/cell-images-for-detecting-malaria/cell_images/Parasitized/C48P9thinF_IMG_20150721_160944_cell_229.png,Parasitized,139,130,RGB,1,1,1,0.940645,False,18070,Q3,0.940645,0.9-1.0
/kaggle/input/cell-images-for-detecting-malaria/cell_images/Uninfected/C136P97ThinF_IMG_20151005_144727_cell_23.png,Uninfected,118,130,RGB,0,0,0,0.005138541,False,15340,Q2,0.9948615,0.9-1.0
/kaggle/input/cell-images-for-detecting-malaria/cell_images/Uninfected/C154P115ThinF_IMG_20151115_141407_cell_48.png,Uninfected,127,118,RGB,0,0,0,0.0025204495,False,14986,Q2,0.99747956,0.9-1.0
/kaggle/input/cell-images-for-detecting-malaria/cell_images/Parasitized/C68P29N_ThinF_IMG_20150819_133236_cell_144.png,Parasitized,166,157,RGB,1,1,1,0.9999918,False,26062,Q4 (largest),0.9999918,0.9-1.0
/kaggle/input/cell-images-for-detecting-malaria/cell_images/Uninfected/C224ThinF_IMG_20151112_111955_cell_213.png,Uninfected,127,160,RGB,0,0,0,0.00066859747,False,20320,Q4 (largest),0.9993314,0.9-1.0
/kaggle/input/cell-images-for-detecting-malaria/cell_images/Parasitized/C134P95ThinF_IMG_20151005_121656_cell_104.png,Parasitized,148,154,RGB,1,1,1,0.8093084,False,22792,Q4 (largest),0.8093084,0.8-0.9
/kaggle/input/cell-images-for-detecting-malaria/cell_images/Parasitized/C136P97ThinF_IMG_20151005_142437_cell_117.png,Parasitized,109,76,RGB,1,1,1,0.6248032,False,8284,Q1 (smallest),0.6248032,0.6-0.7
/kaggle/input/cell-images-for-detecting-malaria/cell_images/Uninfected/C144P105ThinF_IMG_20151015_155004_cell_93.png,Uninfected,109,130,RGB,0,0,0,0.00010548076,False,14170,Q1 (smallest),0.9998945,0.9-1.0
/kaggle/input/cell-images-for-detecting-malaria/cell_images/Parasitized/C145P106ThinF_IMG_20151016_154719_cell_157.png,Parasitized,124,142,RGB,1,1,1,0.9880618,False,17608,Q3,0.9880618,0.9-1.0
/kaggle/input/cell-images-for-detecting-malaria/cell_images/Uninfected/C85P46ThinF_IMG_20150820_110143_cell_163.png,Uninfected,133,145,RGB,0,0,0,0.0034542307,False,19285,Q3,0.9965458,0.9-1.0
/kaggle/input/cell-images-for-detecting-malaria/cell_images/Parasitized/C60P21thinF_IMG_20150803_144629_cell_14.png,Parasitized,166,199,RGB,1,1,0,0.16093202,True,33034,Q4 (largest),0.839068,0.8-0.9
/kaggle/input/cell-images-for-detecting-malaria/cell_images/Parasitized/C175P136NThinF_IMG_20151127_141325_cell_221.png,Parasitized,145,151,RGB,1,1,1,0.84444445,False,21895,Q4 (largest),0.84444445,0.8-0.9
/kaggle/input/cell-images-for-detecting-malaria/cell_images/Parasitized/C68P29N_ThinF_IMG_20150819_134712_cell_45.png,Parasitized,136,145,RGB,1,1,0,0.14788836,True,19720,Q3,0.85211164,0.8-0.9
/kaggle/input/cell-images-for-detecting-malaria/cell_images/Parasitized/C180P141NThinF_IMG_20151201_163848_cell_169.png,Parasitized,121,124,RGB,1,1,1,0.9964903,False,15004,Q2,0.9964903,0.9-1.0
/kaggle/input/cell-images-for-detecting-malaria/cell_images/Parasitized/C59P20thinF_IMG_20150803_112802_cell_190.png,Parasitized,136,121,RGB,1,1,1,0.99983966,False,16456,Q2,0.99983966,0.9-1.0
/kaggle/input/cell-images-for-detecting-malaria/cell_images/Uninfected/C155P116ThinF_IMG_20151115_143051_cell_127.png,Uninfected,157,145,RGB,0,0,0,0.0003992563,False,22765,Q4 (largest),0.99960077,0.9-1.0
/kaggle/input/cell-images-for-detecting-malaria/cell_images/Uninfected/C212ThinF_IMG_20151106_105941_cell_186.png,Uninfected,121,118,RGB,0,0,0,0.00048601232,False,14278,Q1 (smallest),0.999514,0.9-1.0
/kaggle/input/cell-images-for-detecting-malaria/cell_images/Uninfected/C70P31_ThinF_IMG_20150813_131330_cell_22.png,Uninfected,130,130,RGB,0,0,0,0.0046469667,False,16900,Q2,0.99535304,0.9-1.0
/kaggle/input/cell-images-for-detecting-malaria/cell_images/Uninfected/C125P86ThinF_IMG_20151004_102619_cell_1.png,Uninfected,151,154,RGB,0,0,0,0.17089796,False,23254,Q4 (largest),0.82910204,0.8-0.9
/kaggle/input/cell-images-for-detecting-malaria/cell_images/Uninfected/C109P70ThinF_IMG_20150930_102716_cell_49.png,Uninfected,106,121,RGB,0,0,0,0.0012808492,False,12826,Q1 (smallest),0.99871916,0.9-1.0
/kaggle/input/cell-images-for-detecting-malaria/cell_images/Uninfected/C53P14thinF_IMG_20150726_115457_cell_5.png,Uninfected,127,127,RGB,0,0,0,0.0015821417,False,16129,Q2,0.99841785,0.9-1.0
/kaggle/input/cell-images-for-detecting-malaria/cell_images/Uninfected/C232ThinF_IMG_20151112_154251_cell_196.png,Uninfected,112,109,RGB,0,0,0,0.00045453143,False,12208,Q1 (smallest),0.99954545,0.9-1.0
/kaggle/input/cell-images-for-detecting-malaria/cell_images/Parasitized/C118P79ThinF_IMG_20151002_110002_cell_4.png,Parasitized,136,136,RGB,1,1,1,0.9991053,False,18496,Q3,0.9991053,0.9-1.0
/kaggle/input/cell-images-for-detecting-malaria/cell_images/Parasitized/C99P60ThinF_IMG_20150918_140900_cell_117.png,Parasitized,133,142,RGB,1,1,1,0.9965742,False,18886,Q3,0.9965742,0.9-1.0
/kaggle/input/cell-images-for-detecting-malaria/cell_images/Parasitized/C184P145ThinF_IMG_20151203_103326_cell_127.png,Parasitized,139,160,RGB,1,1,1,0.98416936,False,22240,Q4 (largest),0.98416936,0.9-1.0
/kaggle/input/cell-images-for-detecting-malaria/cell_images/Uninfected/C153P114ThinF_IMG_20151115_140242_cell_251.png,Uninfected,115,118,RGB,0,0,0,0.0042156097,False,13570,Q1 (smallest),0.9957844,0.9-1.0
/kaggle/input/cell-images-for-detecting-malaria/cell_images/Uninfected/C240ThinF_IMG_20151127_115247_cell_205.png,Uninfected,136,130,RGB,0,0,0,0.019655664,False,17680,Q3,0.98034436,0.9-1.0
/kaggle/input/cell-images-for-detecting-malaria/cell_images/Parasitized/C82P43ThinF_IMG_20150817_125114_cell_7.png,Parasitized,133,133,RGB,1,1,1,0.94997865,False,17689,Q3,0.94997865,0.9-1.0
/kaggle/input/cell-images-for-detecting-malaria/cell_images/Uninfected/C38P3thinF_original_IMG_20150621_112138_cell_68.png,Uninfected,118,166,RGB,0,0,0,0.12263031,False,19588,Q3,0.8773697,0.8-0.9
/kaggle/input/cell-images-for-detecting-malaria/cell_images/Parasitized/C117P78ThinF_IMG_20150930_214511_cell_96.png,Parasitized,151,157,RGB,1,1,1,0.97105825,False,23707,Q4 (largest),0.97105825,0.9-1.0
/kaggle/input/cell-images-for-detecting-malaria/cell_images/Parasitized/C186P147NThinF_IMG_20151203_150222_cell_171.png,Parasitized,139,142,RGB,1,1,1,0.9444306,False,19738,Q3,0.9444306,0.9-1.0
/kaggle/input/cell-images-for-detecting-malaria/cell_images/Uninfected/C149P110ThinF_IMG_20151115_115154_cell_186.png,Uninfected,133,127,RGB,0,0,0,0.033197127,False,16891,Q2,0.9668029,0.9-1.0
/kaggle/input/cell-images-for-detecting-malaria/cell_images/Parasitized/C91P52ThinF_IMG_20150821_123116_cell_185.png,Parasitized,145,139,RGB,1,1,1,0.99794096,False,20155,Q3,0.99794096,0.9-1.0
/kaggle/input/cell-images-for-detecting-malaria/cell_images/Uninfected/C236ThinF_IMG_20151127_102635_cell_8.png,Uninfected,139,127,RGB,0,0,0,0.00050634774,False,17653,Q3,0.99949366,0.9-1.0
/kaggle/input/cell-images-for-detecting-malaria/cell_images/Uninfected/C3thin_original_IMG_20150608_163047_cell_236.png,Uninfected,115,121,RGB,0,0,0,0.0016446961,False,13915,Q1 (smallest),0.9983553,0.9-1.0
/kaggle/input/cell-images-for-detecting-malaria/cell_images/Uninfected/C93P54ThinF_IMG_20150821_164024_cell_51.png,Uninfected,112,166,RGB,0,0,0,0.065354526,False,18592,Q3,0.9346455,0.9-1.0
/kaggle/input/cell-images-for-detecting-malaria/cell_images/Uninfected/C202ThinF_IMG_20151015_152701_cell_213.png,Uninfected,130,142,RGB,0,0,0,0.018584574,False,18460,Q3,0.98141545,0.9-1.0
/kaggle/input/cell-images-for-detecting-malaria/cell_images/Uninfected/C95P56ThinF_IMG_20150821_171631_cell_13.png,Uninfected,85,130,RGB,0,0,1,0.53206736,True,11050,Q1 (smallest),0.53206736,0.5-0.6
/kaggle/input/cell-images-for-detecting-malaria/cell_images/Uninfected/C103P64ThinF_IMG_20150918_164331_cell_116.png,Uninfected,184,157,RGB,0,0,1,0.9662071,True,28888,Q4 (largest),0.9662071,0.9-1.0
/kaggle/input/cell-images-for-detecting-malaria/cell_images/Parasitized/C59P20thinF_IMG_20150803_112858_cell_188.png,Parasitized,187,133,RGB,1,1,1,0.94213593,False,24871,Q4 (largest),0.94213593,0.9-1.0
/kaggle/input/cell-images-for-detecting-malaria/cell_images/Uninfected/C58P19thinF_IMG_20150802_122520_cell_58.png,Uninfected,133,100,RGB,0,0,0,0.0015093029,False,13300,Q1 (smallest),0.9984907,0.9-1.0
/kaggle/input/cell-images-for-detecting-malaria/cell_images/Parasitized/C189P150ThinF_IMG_20151203_141719_cell_55.png,Parasitized,127,130,RGB,1,1,1,0.9970323,False,16510,Q2,0.9970323,0.9-1.0
/kaggle/input/cell-images-for-detecting-malaria/cell_images/Uninfected/C115P76ThinF_IMG_20150930_163018_cell_221.png,Uninfected,136,142,RGB,0,0,0,0.0023037558,False,19312,Q3,0.9976962,0.9-1.0
/kaggle/input/cell-images-for-detecting-malaria/cell_images/Parasitized/C120P81ThinF_IMG_20151002_125443_cell_133.png,Parasitized,100,148,RGB,1,1,1,0.9999416,False,14800,Q1 (smallest),0.9999416,0.9-1.0
/kaggle/input/cell-images-for-detecting-malaria/cell_images/Uninfected/C78P39ThinF_IMG_20150606_103413_cell_157.png,Uninfected,91,100,RGB,0,0,0,0.17254007,False,9100,Q1 (smallest),0.82745993,0.8-0.9
/kaggle/input/cell-images-for-detecting-malaria/cell_images/Parasitized/C186P147NThinF_IMG_20151203_150408_cell_176.png,Parasitized,124,130,RGB,1,1,1,1.0,False,16120,Q2,1.0,0.9-1.0
/kaggle/input/cell-images-for-detecting-malaria/cell_images/Uninfected/C202ThinF_IMG_20151015_152200_cell_225.png,Uninfected,142,136,RGB,0,0,0,0.0064007426,False,19312,Q3,0.99359924,0.9-1.0
/kaggle/input/cell-images-for-detecting-malaria/cell_images/Parasitized/C130P91ThinF_IMG_20151004_141504_cell_154.png,Parasitized,151,163,RGB,1,1,1,0.9979802,False,24613,Q4 (largest),0.9979802,0.9-1.0
/kaggle/input/cell-images-for-detecting-malaria/cell_images/Uninfected/C68P29N_ThinF_IMG_20150819_133447_cell_32.png,Uninfected,136,127,RGB,0,0,0,0.0050825127,False,17272,Q2,0.9949175,0.9-1.0
/kaggle/input/cell-images-for-detecting-malaria/cell_images/Uninfected/C77P38ThinF_IMG_20150601_155125_cell_16.png,Uninfected,115,124,RGB,0,0,0,0.02617041,False,14260,Q1 (smallest),0.97382957,0.9-1.0
/kaggle/input/cell-images-for-detecting-malaria/cell_images/Parasitized/C91P52ThinF_IMG_20150821_123116_cell_198.png,Parasitized,169,205,RGB,1,1,1,0.9988413,False,34645,Q4 (largest),0.9988413,0.9-1.0
/kaggle/input/cell-images-for-detecting-malaria/cell_images/Parasitized/C91P52ThinF_IMG_20150821_124504_cell_211.png,Parasitized,136,190,RGB,1,1,1,0.96648604,False,25840,Q4 (largest),0.96648604,0.9-1.0
/kaggle/input/cell-images-for-detecting-malaria/cell_images/Parasitized/C91P52ThinF_IMG_20150821_123116_cell_192.png,Parasitized,121,148,RGB,1,1,1,0.99999964,False,17908,Q3,0.99999964,0.9-1.0
/kaggle/input/cell-images-for-detecting-malaria/cell_images/Uninfected/C177P138NThinF_IMG_20151201_142514_cell_92.png,Uninfected,127,136,RGB,0,0,0,0.055186506,False,17272,Q2,0.9448135,0.9-1.0
/kaggle/input/cell-images-for-detecting-malaria/cell_images/Uninfected/C146P107ThinF_IMG_20151018_135703_cell_90.png,Uninfected,154,130,RGB,0,0,0,0.026728831,False,20020,Q3,0.9732712,0.9-1.0
/kaggle/input/cell-images-for-detecting-malaria/cell_images/Parasitized/C48P9thinF_IMG_20150721_161412_cell_183.png,Parasitized,151,142,RGB,1,1,1,0.9999598,False,21442,Q4 (largest),0.9999598,0.9-1.0
/kaggle/input/cell-images-for-detecting-malaria/cell_images/Uninfected/C88P49ThinF_IMG_20150820_151451_cell_99.png,Uninfected,91,97,RGB,0,0,0,0.020974379,False,8827,Q1 (smallest),0.9790256,0.9-1.0
/kaggle/input/cell-images-for-detecting-malaria/cell_images/Parasitized/C188P149ThinF_IMG_20151203_134209_cell_203.png,Parasitized,133,130,RGB,1,1,1,0.65968215,False,17290,Q2,0.65968215,0.6-0.7
/kaggle/input/cell-images-for-detecting-malaria/cell_images/Parasitized/C180P141NThinF_IMG_20151201_163848_cell_157.png,Parasitized,160,160,RGB,1,1,1,0.9811304,False,25600,Q4 (largest),0.9811304,0.9-1.0
/kaggle/input/cell-images-for-detecting-malaria/cell_images/Uninfected/C180P141NThinF_IMG_20151201_164714_cell_101.png,Uninfected,157,124,RGB,0,0,0,0.005983452,False,19468,Q3,0.9940165,0.9-1.0
/kaggle/input/cell-images-for-detecting-malaria/cell_images/Parasitized/C48P9thinF_IMG_20150721_160406_cell_240.png,Parasitized,94,103,RGB,1,1,1,0.977772,False,9682,Q1 (smallest),0.977772,0.9-1.0
/kaggle/input/cell-images-for-detecting-malaria/cell_images/Uninfected/C57P18thinF_IMG_20150729_110134_cell_113.png,Uninfected,127,118,RGB,0,0,0,0.0024573852,False,14986,Q2,0.9975426,0.9-1.0
/kaggle/input/cell-images-for-detecting-malaria/cell_images/Parasitized/C82P43ThinF_IMG_20150817_123652_cell_227.png,Parasitized,124,139,RGB,1,1,1,1.0,False,17236,Q2,1.0,0.9-1.0
/kaggle/input/cell-images-for-detecting-malaria/cell_images/Parasitized/C136P97ThinF_IMG_20151005_144727_cell_120.png,Parasitized,103,136,RGB,1,1,1,0.95262736,False,14008,Q1 (smallest),0.95262736,0.9-1.0
/kaggle/input/cell-images-for-detecting-malaria/cell_images/Parasitized/C60P21thinF_IMG_20150804_113011_cell_6.png,Parasitized,163,124,RGB,1,1,1,0.9993258,False,20212,Q4 (largest),0.9993258,0.9-1.0
/kaggle/input/cell-images-for-detecting-malaria/cell_images/Parasitized/C163P124ThinF_IMG_20151116_111925_cell_282.png,Parasitized,124,124,RGB,1,1,1,0.99768925,False,15376,Q2,0.99768925,0.9-1.0
/kaggle/input/cell-images-for-detecting-malaria/cell_images/Uninfected/C187P148NThinF_IMG_20151203_154249_cell_52.png,Uninfected,139,130,RGB,0,0,0,0.06271376,False,18070,Q3,0.93728626,0.9-1.0
/kaggle/input/cell-images-for-detecting-malaria/cell_images/Uninfected/C218ThinF_IMG_20151106_144337_cell_147.png,Uninfected,133,124,RGB,0,0,0,0.00024654952,False,16492,Q2,0.9997535,0.9-1.0
/kaggle/input/cell-images-for-detecting-malaria/cell_images/Uninfected/C150P111ThinF_IMG_20151115_115950_cell_22.png,Uninfected,121,124,RGB,0,0,0,0.00032342106,False,15004,Q2,0.9996766,0.9-1.0
/kaggle/input/cell-images-for-detecting-malaria/cell_images/Parasitized/C119P80ThinF_IMG_20151002_124304_cell_165.png,Parasitized,130,127,RGB,1,1,1,0.99951935,False,16510,Q2,0.99951935,0.9-1.0
/kaggle/input/cell-images-for-detecting-malaria/cell_images/Uninfected/C47P8thinOriginalOlympusCX21_IMG_20150717_172748_cell_135.png,Uninfected,91,106,RGB,0,0,0,0.068524204,False,9646,Q1 (smallest),0.9314758,0.9-1.0
/kaggle/input/cell-images-for-detecting-malaria/cell_images/Uninfected/C67P28N_ThinF_IMG_20150819_115417_cell_13.png,Uninfected,127,127,RGB,0,0,0,0.013408035,False,16129,Q2,0.98659194,0.9-1.0
/kaggle/input/cell-images-for-detecting-malaria/cell_images/Uninfected/C45P6ThinF_IMG_20151130_154725_cell_159.png,Uninfected,136,100,RGB,0,0,0,0.48794267,False,13600,Q1 (smallest),0.5120573,0.5-0.6
/kaggle/input/cell-images-for-detecting-malaria/cell_images/Uninfected/C119P80ThinF_IMG_20151002_123043_cell_47.png,Uninfected,133,115,RGB,0,0,0,0.008179067,False,15295,Q2,0.99182093,0.9-1.0
/kaggle/input/cell-images-for-detecting-malaria/cell_images/Parasitized/C129P90ThinF_IMG_20151004_134306_cell_134.png,Parasitized,145,136,RGB,1,1,1,0.99808407,False,19720,Q3,0.99808407,0.9-1.0
/kaggle/input/cell-images-for-detecting-malaria/cell_images/Parasitized/C184P145ThinF_IMG_20151203_104334_cell_13.png,Parasitized,133,154,RGB,1,1,1,0.99173874,False,20482,Q4 (largest),0.99173874,0.9-1.0
/kaggle/input/cell-images-for-detecting-malaria/cell_images/Uninfected/C201ThinF_IMG_20150930_143411_cell_172.png,Uninfected,124,124,RGB,0,0,0,0.0022242216,False,15376,Q2,0.9977758,0.9-1.0
/kaggle/input/cell-images-for-detecting-malaria/cell_images/Uninfected/C133P94ThinF_IMG_20151004_153930_cell_52.png,Uninfected,127,124,RGB,0,0,0,0.002480833,False,15748,Q2,0.9975192,0.9-1.0
/kaggle/input/cell-images-for-detecting-malaria/cell_images/Parasitized/C84P45ThinF_IMG_20150818_101903_cell_8.png,Parasitized,142,118,RGB,1,1,1,0.99985886,False,16756,Q2,0.99985886,0.9-1.0
/kaggle/input/cell-images-for-detecting-malaria/cell_images/Uninfected/C149P110ThinF_IMG_20151115_114910_cell_1.png,Uninfected,148,136,RGB,0,0,0,0.037845355,False,20128,Q3,0.9621546,0.9-1.0
/kaggle/input/cell-images-for-detecting-malaria/cell_images/Uninfected/C154P115ThinF_IMG_20151115_141407_cell_20.png,Uninfected,115,124,RGB,0,0,0,0.02508642,False,14260,Q1 (smallest),0.9749136,0.9-1.0
/kaggle/input/cell-images-for-detecting-malaria/cell_images/Uninfected/C165P126ThinF_IMG_20151117_172859_cell_143.png,Uninfected,130,136,RGB,0,0,0,0.022223128,False,17680,Q3,0.9777769,0.9-1.0
/kaggle/input/cell-images-for-detecting-malaria/cell_images/Uninfected/C241NThinF_IMG_20151207_124030_cell_143.png,Uninfected,127,115,RGB,0,0,0,0.016664978,False,14605,Q1 (smallest),0.983335,0.9-1.0
/kaggle/input/cell-images-for-detecting-malaria/cell_images/Uninfected/C147P108ThinF_IMG_20151115_101156_cell_29.png,Uninfected,124,121,RGB,0,0,0,0.0022281322,False,15004,Q2,0.99777186,0.9-1.0
/kaggle/input/cell-images-for-detecting-malaria/cell_images/Parasitized/C184P145ThinF_IMG_20151203_102543_cell_178.png,Parasitized,121,118,RGB,1,1,1,0.99918634,False,14278,Q1 (smallest),0.99918634,0.9-1.0
/kaggle/input/cell-images-for-detecting-malaria/cell_images/Parasitized/C60P21thinF_IMG_20150804_105034_cell_111.png,Parasitized,184,169,RGB,1,1,1,0.7272768,False,31096,Q4 (largest),0.7272768,0.7-0.8
/kaggle/input/cell-images-for-detecting-malaria/cell_images/Uninfected/C79P40ThinF_IMG_20150817_103901_cell_24.png,Uninfected,100,100,RGB,0,0,0,0.021530978,False,10000,Q1 (smallest),0.978469,0.9-1.0
/kaggle/input/cell-images-for-detecting-malaria/cell_images/Parasitized/C48P9thinF_IMG_20150721_163810_cell_8.png,Parasitized,130,130,RGB,1,1,1,0.98919195,False,16900,Q2,0.98919195,0.9-1.0
/kaggle/input/cell-images-for-detecting-malaria/cell_images/Parasitized/C132P93ThinF_IMG_20151004_151811_cell_142.png,Parasitized,112,127,RGB,1,1,1,0.9969836,False,14224,Q1 (smallest),0.9969836,0.9-1.0
/kaggle/input/cell-images-for-detecting-malaria/cell_images/Uninfected/C117P78ThinF_IMG_20150930_215322_cell_2.png,Uninfected,133,154,RGB,0,0,0,0.0021661858,False,20482,Q4 (largest),0.9978338,0.9-1.0
/kaggle/input/cell-images-for-detecting-malaria/cell_images/Uninfected/C95P56ThinF_IMG_20150821_172607_cell_18.png,Uninfected,109,109,RGB,0,0,0,0.021428056,False,11881,Q1 (smallest),0.97857195,0.9-1.0
/kaggle/input/cell-images-for-detecting-malaria/cell_images/Parasitized/C187P148NThinF_IMG_20151203_152841_cell_161.png,Parasitized,112,118,RGB,1,1,1,0.9991054,False,13216,Q1 (smallest),0.9991054,0.9-1.0
/kaggle/input/cell-images-for-detecting-malaria/cell_images/Parasitized/C119P80ThinF_IMG_20151002_123911_cell_142.png,Parasitized,91,121,RGB,1,1,1,0.99642944,False,11011,Q1 (smallest),0.99642944,0.9-1.0
/kaggle/input/cell-images-for-detecting-malaria/cell_images/Uninfected/C203ThinF_IMG_20151029_105443_cell_224.png,Uninfected,139,127,RGB,0,0,0,0.0020858948,False,17653,Q3,0.9979141,0.9-1.0
/kaggle/input/cell-images-for-detecting-malaria/cell_images/Parasitized/C182P143NThinF_IMG_20151201_171836_cell_166.png,Parasitized,97,94,RGB,1,1,1,0.84969866,False,9118,Q1 (smallest),0.84969866,0.8-0.9
/kaggle/input/cell-images-for-detecting-malaria/cell_images/Parasitized/C132P93ThinF_IMG_20151004_152808_cell_13.png,Parasitized,124,130,RGB,1,1,1,1.0,False,16120,Q2,1.0,0.9-1.0
/kaggle/input/cell-images-for-detecting-malaria/cell_images/Uninfected/C170P131ThinF_IMG_20151119_120150_cell_121.png,Uninfected,118,133,RGB,0,0,0,0.0011905533,False,15694,Q2,0.99880946,0.9-1.0
/kaggle/input/cell-images-for-detecting-malaria/cell_images/Parasitized/C123P84ThinF_IMG_20151002_151432_cell_160.png,Parasitized,130,130,RGB,1,1,1,0.9990952,False,16900,Q2,0.9990952,0.9-1.0
/kaggle/input/cell-images-for-detecting-malaria/cell_images/Parasitized/C91P52ThinF_IMG_20150821_124311_cell_7.png,Parasitized,127,139,RGB,1,1,1,0.98472404,False,17653,Q3,0.98472404,0.9-1.0
/kaggle/input/cell-images-for-detecting-malaria/cell_images/Parasitized/C140P101ThinF_IMG_20151005_210207_cell_167.png,Parasitized,118,142,RGB,1,1,1,0.9923401,False,16756,Q2,0.9923401,0.9-1.0
/kaggle/input/cell-images-for-detecting-malaria/cell_images/Uninfected/C180P141NThinF_IMG_20151201_163751_cell_105.png,Uninfected,133,160,RGB,0,0,0,0.0750058,False,21280,Q4 (largest),0.92499423,0.9-1.0
/kaggle/input/cell-images-for-detecting-malaria/cell_images/Parasitized/C115P76ThinF_IMG_20150930_163156_cell_243.png,Parasitized,124,148,RGB,1,1,1,0.6590063,False,18352,Q3,0.6590063,0.6-0.7
/kaggle/input/cell-images-for-detecting-malaria/cell_images/Parasitized/C33P1thinF_IMG_20150619_115740a_cell_163.png,Parasitized,130,142,RGB,1,1,0,0.083327666,True,18460,Q3,0.91667235,0.9-1.0
/kaggle/input/cell-images-for-detecting-malaria/cell_images/Parasitized/C68P29N_ThinF_IMG_20150819_134830_cell_46.png,Parasitized,151,124,RGB,1,1,1,0.9997701,False,18724,Q3,0.9997701,0.9-1.0
/kaggle/input/cell-images-for-detecting-malaria/cell_images/Uninfected/C176P137NThinF_IMG_20151201_121808_cell_21.png,Uninfected,127,112,RGB,0,0,0,0.013672826,False,14224,Q1 (smallest),0.9863272,0.9-1.0
/kaggle/input/cell-images-for-detecting-malaria/cell_images/Parasitized/C133P94ThinF_IMG_20151004_155144_cell_133.png,Parasitized,166,133,RGB,1,1,1,0.99913883,False,22078,Q4 (largest),0.99913883,0.9-1.0
/kaggle/input/cell-images-for-detecting-malaria/cell_images/Uninfected/C78P39ThinF_IMG_20150606_103630_cell_69.png,Uninfected,109,88,RGB,0,0,0,0.240286,False,9592,Q1 (smallest),0.759714,0.7-0.8
/kaggle/input/cell-images-for-detecting-malaria/cell_images/Parasitized/C68P29N_ThinF_IMG_20150819_133447_cell_170.png,Parasitized,142,91,RGB,1,1,1,0.9655902,False,12922,Q1 (smallest),0.9655902,0.9-1.0
/kaggle/input/cell-images-for-detecting-malaria/cell_images/Parasitized/C85P46ThinF_IMG_20150820_105301_cell_256.png,Parasitized,139,127,RGB,1,1,1,0.9996727,False,17653,Q3,0.9996727,0.9-1.0
/kaggle/input/cell-images-for-detecting-malaria/cell_images/Uninfected/C232ThinF_IMG_20151112_154251_cell_171.png,Uninfected,133,127,RGB,0,0,0,0.0014296215,False,16891,Q2,0.9985704,0.9-1.0
/kaggle/input/cell-images-for-detecting-malaria/cell_images/Parasitized/C48P9thinF_IMG_20150721_161243_cell_161.png,Parasitized,133,172,RGB,1,1,1,0.5154602,False,22876,Q4 (largest),0.5154602,0.5-0.6
/kaggle/input/cell-images-for-detecting-malaria/cell_images/Uninfected/C168P129ThinF_IMG_20151118_160516_cell_161.png,Uninfected,136,124,RGB,0,0,0,0.0060127797,False,16864,Q2,0.9939872,0.9-1.0
/kaggle/input/cell-images-for-detecting-malaria/cell_images/Uninfected/C42P5thin_original_IMG_20150623_134919_cell_19.png,Uninfected,169,136,RGB,0,0,0,0.0050869994,False,22984,Q4 (largest),0.994913,0.9-1.0
/kaggle/input/cell-images-for-detecting-malaria/cell_images/Parasitized/C80P41ThinF_IMG_20150817_110957_cell_137.png,Parasitized,121,121,RGB,1,1,1,0.9993062,False,14641,Q1 (smallest),0.9993062,0.9-1.0
/kaggle/input/cell-images-for-detecting-malaria/cell_images/Parasitized/C174P135NThinF_IMG_20151127_135435_cell_207.png,Parasitized,124,124,RGB,1,1,1,0.9910864,False,15376,Q2,0.9910864,0.9-1.0
/kaggle/input/cell-images-for-detecting-malaria/cell_images/Parasitized/C59P20thinF_IMG_20150803_112802_cell_192.png,Parasitized,151,139,RGB,1,1,1,0.9999933,False,20989,Q4 (largest),0.9999933,0.9-1.0
/kaggle/input/cell-images-for-detecting-malaria/cell_images/Uninfected/C230ThinF_IMG_20151112_150329_cell_96.png,Uninfected,112,115,RGB,0,0,0,0.00047250703,False,12880,Q1 (smallest),0.9995275,0.9-1.0
/kaggle/input/cell-images-for-detecting-malaria/cell_images/Uninfected/C210ThinF_IMG_20151029_162605_cell_193.png,Uninfected,130,130,RGB,0,0,0,0.001734222,False,16900,Q2,0.9982658,0.9-1.0
/kaggle/input/cell-images-for-detecting-malaria/cell_images/Parasitized/C59P20thinF_IMG_20150803_113051_cell_156.png,Parasitized,127,136,RGB,1,1,1,0.9906438,False,17272,Q2,0.9906438,0.9-1.0
/kaggle/input/cell-images-for-detecting-malaria/cell_images/Parasitized/C80P41ThinF_IMG_20150817_110957_cell_149.png,Parasitized,121,154,RGB,1,1,1,0.99842453,False,18634,Q3,0.99842453,0.9-1.0
/kaggle/input/cell-images-for-detecting-malaria/cell_images/Uninfected/C233ThinF_IMG_20151112_160059_cell_91.png,Uninfected,127,124,RGB,0,0,0,0.00079515163,False,15748,Q2,0.9992049,0.9-1.0
/kaggle/input/cell-images-for-detecting-malaria/cell_images/Uninfected/C156P117ThinF_IMG_20151115_153831_cell_148.png,Uninfected,130,148,RGB,0,0,0,0.008232126,False,19240,Q3,0.9917679,0.9-1.0
/kaggle/input/cell-images-for-detecting-malaria/cell_images/Uninfected/C81P42ThinF_IMG_20150817_120856_cell_78.png,Uninfected,145,136,RGB,0,0,0,0.0040407903,False,19720,Q3,0.9959592,0.9-1.0
/kaggle/input/cell-images-for-detecting-malaria/cell_images/Uninfected/C67P28N_ThinF_IMG_20150819_115955_cell_48.png,Uninfected,151,154,RGB,0,0,0,0.019604603,False,23254,Q4 (largest),0.9803954,0.9-1.0
/kaggle/input/cell-images-for-detecting-malaria/cell_images/Parasitized/C137P98ThinF_IMG_20151005_163218_cell_76.png,Parasitized,121,133,RGB,1,1,1,0.9634405,False,16093,Q2,0.9634405,0.9-1.0
/kaggle/input/cell-images-for-detecting-malaria/cell_images/Uninfected/C2NThinF_IMG_20150604_114751_cell_69.png,Uninfected,136,127,RGB,0,0,0,0.00823248,False,17272,Q2,0.9917675,0.9-1.0
/kaggle/input/cell-images-for-detecting-malaria/cell_images/Uninfected/C93P54ThinF_IMG_20150821_163452_cell_56.png,Uninfected,130,133,RGB,0,0,0,0.00199154,False,17290,Q2,0.9980085,0.9-1.0
/kaggle/input/cell-images-for-detecting-malaria/cell_images/Parasitized/C179P140ThinF_IMG_20151127_153453_cell_179.png,Parasitized,145,169,RGB,1,1,1,0.7414896,False,24505,Q4 (largest),0.7414896,0.7-0.8
/kaggle/input/cell-images-for-detecting-malaria/cell_images/Parasitized/C130P91ThinF_IMG_20151004_142709_cell_125.png,Parasitized,142,139,RGB,1,1,1,0.9999913,False,19738,Q3,0.9999913,0.9-1.0
/kaggle/input/cell-images-for-detecting-malaria/cell_images/Parasitized/C137P98ThinF_IMG_20151005_164119_cell_78.png,Parasitized,112,124,RGB,1,1,1,0.99314606,False,13888,Q1 (smallest),0.99314606,0.9-1.0
/kaggle/input/cell-images-for-detecting-malaria/cell_images/Uninfected/C57P18thinF_IMG_20150729_110457_cell_106.png,Uninfected,118,127,RGB,0,0,0,0.0056201722,False,14986,Q2,0.9943798,0.9-1.0
/kaggle/input/cell-images-for-detecting-malaria/cell_images/Uninfected/C154P115ThinF_IMG_20151115_141407_cell_52.png,Uninfected,133,136,RGB,0,0,0,0.0054962034,False,18088,Q3,0.9945038,0.9-1.0
/kaggle/input/cell-images-for-detecting-malaria/cell_images/Uninfected/C229ThinF_IMG_20151112_144147_cell_130.png,Uninfected,121,115,RGB,0,0,0,0.00015713496,False,13915,Q1 (smallest),0.9998429,0.9-1.0
/kaggle/input/cell-images-for-detecting-malaria/cell_images/Parasitized/C101P62ThinF_IMG_20150923_165215_cell_23.png,Parasitized,133,136,RGB,1,1,1,0.9992205,False,18088,Q3,0.9992205,0.9-1.0
/kaggle/input/cell-images-for-detecting-malaria/cell_images/Parasitized/C66P27N_ThinF_IMG_20150818_164408_cell_149.png,Parasitized,109,103,RGB,1,1,1,0.9712284,False,11227,Q1 (smallest),0.9712284,0.9-1.0
/kaggle/input/cell-images-for-detecting-malaria/cell_images/Parasitized/C51AP12thinF_IMG_20150724_162636_cell_90.png,Parasitized,151,124,RGB,1,1,1,0.9997148,False,18724,Q3,0.9997148,0.9-1.0
/kaggle/input/cell-images-for-detecting-malaria/cell_images/Uninfected/C240ThinF_IMG_20151127_115545_cell_129.png,Uninfected,130,118,RGB,0,0,0,0.007139239,False,15340,Q2,0.99286073,0.9-1.0
/kaggle/input/cell-images-for-detecting-malaria/cell_images/Uninfected/C119P80ThinF_IMG_20151002_124304_cell_32.png,Uninfected,133,130,RGB,0,0,0,0.0014738152,False,17290,Q2,0.99852616,0.9-1.0
/kaggle/input/cell-images-for-detecting-malaria/cell_images/Parasitized/C68P29N_ThinF_IMG_20150819_133447_cell_147.png,Parasitized,91,103,RGB,1,1,1,0.61068654,False,9373,Q1 (smallest),0.61068654,0.6-0.7
/kaggle/input/cell-images-for-detecting-malaria/cell_images/Parasitized/C76P37ThinF_IMG_20150815_173019_cell_235.png,Parasitized,118,124,RGB,1,1,1,0.9999292,False,14632,Q1 (smallest),0.9999292,0.9-1.0
/kaggle/input/cell-images-for-detecting-malaria/cell_images/Parasitized/C136P97ThinF_IMG_20151005_144727_cell_133.png,Parasitized,145,118,RGB,1,1,1,0.9992762,False,17110,Q2,0.9992762,0.9-1.0
/kaggle/input/cell-images-for-detecting-malaria/cell_images/Uninfected/C186P147NThinF_IMG_20151203_150859_cell_66.png,Uninfected,133,115,RGB,0,0,0,0.012785457,False,15295,Q2,0.98721457,0.9-1.0
/kaggle/input/cell-images-for-detecting-malaria/cell_images/Uninfected/C69P30N_ThinF_IMG_20150819_135705_cell_27.png,Uninfected,154,148,RGB,0,0,0,0.0099530285,False,22792,Q4 (largest),0.990047,0.9-1.0
/kaggle/input/cell-images-for-detecting-malaria/cell_images/Parasitized/C39P4thinF_original_IMG_20150622_111326_cell_11.png,Parasitized,142,115,RGB,1,1,1,0.97479224,False,16330,Q2,0.97479224,0.9-1.0
/kaggle/input/cell-images-for-detecting-malaria/cell_images/Uninfected/C224ThinF_IMG_20151112_111955_cell_218.png,Uninfected,109,154,RGB,0,0,0,0.0008872311,False,16786,Q2,0.9991128,0.9-1.0
/kaggle/input/cell-images-for-detecting-malaria/cell_images/Parasitized/C46P7ThinF_IMG_20151130_205756_cell_130.png,Parasitized,136,115,RGB,1,1,1,0.9733084,False,15640,Q2,0.9733084,0.9-1.0
/kaggle/input/cell-images-for-detecting-malaria/cell_images/Parasitized/C39P4thinF_original_IMG_20150622_114609_cell_20.png,Parasitized,115,100,RGB,1,1,1,0.9997247,False,11500,Q1 (smallest),0.9997247,0.9-1.0
/kaggle/input/cell-images-for-detecting-malaria/cell_images/Parasitized/C51AP12thinF_IMG_20150724_155046_cell_90.png,Parasitized,109,133,RGB,1,1,1,0.99837816,False,14497,Q1 (smallest),0.99837816,0.9-1.0
/kaggle/input/cell-images-for-detecting-malaria/cell_images/Uninfected/C88P49ThinF_IMG_20150820_151451_cell_46.png,Uninfected,103,94,RGB,0,0,0,0.023255168,False,9682,Q1 (smallest),0.97674483,0.9-1.0
/kaggle/input/cell-images-for-detecting-malaria/cell_images/Uninfected/C122P83ThinF_IMG_20151002_144855_cell_61.png,Uninfected,142,139,RGB,0,0,0,0.0022816511,False,19738,Q3,0.99771833,0.9-1.0
/kaggle/input/cell-images-for-detecting-malaria/cell_images/Uninfected/C150P111ThinF_IMG_20151115_120244_cell_42.png,Uninfected,133,118,RGB,0,0,0,9.143634e-05,False,15694,Q2,0.99990857,0.9-1.0
/kaggle/input/cell-images-for-detecting-malaria/cell_images/Parasitized/C132P93ThinF_IMG_20151004_152353_cell_167.png,Parasitized,127,103,RGB,1,1,1,0.9995381,False,13081,Q1 (smallest),0.9995381,0.9-1.0
/kaggle/input/cell-images-for-detecting-malaria/cell_images/Uninfected/C145P106ThinF_IMG_20151016_154641_cell_7.png,Uninfected,94,112,RGB,0,0,0,0.025824517,False,10528,Q1 (smallest),0.97417545,0.9-1.0
/kaggle/input/cell-images-for-detecting-malaria/cell_images/Uninfected/C80P41ThinF_IMG_20150817_111121_cell_92.png,Uninfected,139,139,RGB,0,0,0,0.0022102285,False,19321,Q3,0.9977898,0.9-1.0
/kaggle/input/cell-images-for-detecting-malaria/cell_images/Parasitized/C137P98ThinF_IMG_20151005_160256_cell_57.png,Parasitized,142,121,RGB,1,1,1,0.99627644,False,17182,Q2,0.99627644,0.9-1.0
/kaggle/input/cell-images-for-detecting-malaria/cell_images/Parasitized/C137P98ThinF_IMG_20151005_162437_cell_82.png,Parasitized,142,109,RGB,1,1,1,0.999708,False,15478,Q2,0.999708,0.9-1.0
/kaggle/input/cell-images-for-detecting-malaria/cell_images/Uninfected/C233ThinF_IMG_20151112_161119_cell_258.png,Uninfected,121,133,RGB,0,0,0,0.00087725715,False,16093,Q2,0.99912274,0.9-1.0
/kaggle/input/cell-images-for-detecting-malaria/cell_images/Parasitized/C182P143NThinF_IMG_20151201_172842_cell_19.png,Parasitized,100,118,RGB,1,1,1,0.9999995,False,11800,Q1 (smallest),0.9999995,0.9-1.0
/kaggle/input/cell-images-for-detecting-malaria/cell_images/Uninfected/C221ThinF_IMG_20151106_160727_cell_149.png,Uninfected,145,136,RGB,0,0,0,0.0012414261,False,19720,Q3,0.99875855,0.9-1.0
/kaggle/input/cell-images-for-detecting-malaria/cell_images/Parasitized/C116P77ThinF_IMG_20150930_171844_cell_93.png,Parasitized,112,100,RGB,1,1,1,0.5494211,False,11200,Q1 (smallest),0.5494211,0.5-0.6
/kaggle/input/cell-images-for-detecting-malaria/cell_images/Uninfected/C127P88ThinF_IMG_20151004_112418_cell_42.png,Uninfected,130,133,RGB,0,0,0,0.038567524,False,17290,Q2,0.96143246,0.9-1.0
/kaggle/input/cell-images-for-detecting-malaria/cell_images/Uninfected/C110P71ThinF_IMG_20150930_105319_cell_145.png,Uninfected,121,112,RGB,0,0,0,0.011409499,False,13552,Q1 (smallest),0.9885905,0.9-1.0
/kaggle/input/cell-images-for-detecting-malaria/cell_images/Uninfected/C232ThinF_IMG_20151112_154251_cell_143.png,Uninfected,133,145,RGB,0,0,0,0.0003820052,False,19285,Q3,0.999618,0.9-1.0
/kaggle/input/cell-images-for-detecting-malaria/cell_images/Parasitized/C101P62ThinF_IMG_20150918_151507_cell_65.png,Parasitized,142,142,RGB,1,1,1,0.9973795,False,20164,Q4 (largest),0.9973795,0.9-1.0
/kaggle/input/cell-images-for-detecting-malaria/cell_images/Parasitized/C99P60ThinF_IMG_20150918_142334_cell_26.png,Parasitized,133,142,RGB,1,1,1,0.99938726,False,18886,Q3,0.99938726,0.9-1.0
/kaggle/input/cell-images-for-detecting-malaria/cell_images/Uninfected/C187P148NThinF_IMG_20151203_153713_cell_140.png,Uninfected,133,103,RGB,0,0,0,0.04733145,False,13699,Q1 (smallest),0.95266855,0.9-1.0
/kaggle/input/cell-images-for-detecting-malaria/cell_images/Uninfected/C6NThinF_IMG_20150609_122725_cell_174.png,Uninfected,118,142,RGB,0,0,0,0.21320836,False,16756,Q2,0.7867916,0.7-0.8
/kaggle/input/cell-images-for-detecting-malaria/cell_images/Uninfected/C55P16thinF_IMG_20150728_123510_cell_35.png,Uninfected,106,118,RGB,0,0,0,0.050443046,False,12508,Q1 (smallest),0.94955695,0.9-1.0
/kaggle/input/cell-images-for-detecting-malaria/cell_images/Uninfected/C178P139NThinF_IMG_20151201_151903_cell_43.png,Uninfected,112,106,RGB,0,0,0,0.22387299,False,11872,Q1 (smallest),0.776127,0.7-0.8
/kaggle/input/cell-images-for-detecting-malaria/cell_images/Parasitized/C132P93ThinF_IMG_20151004_151811_cell_141.png,Parasitized,130,130,RGB,1,1,1,0.9995845,False,16900,Q2,0.9995845,0.9-1.0
/kaggle/input/cell-images-for-detecting-malaria/cell_images/Uninfected/C74P35_ThinF_IMG_20150815_120957_cell_47.png,Uninfected,136,145,RGB,0,0,0,0.0018728486,False,19720,Q3,0.99812716,0.9-1.0
/kaggle/input/cell-images-for-detecting-malaria/cell_images/Uninfected/C140P101ThinF_IMG_20151005_210026_cell_165.png,Uninfected,124,142,RGB,0,0,0,0.0024432682,False,17608,Q3,0.99755675,0.9-1.0
/kaggle/input/cell-images-for-detecting-malaria/cell_images/Parasitized/C99P60ThinF_IMG_20150918_141129_cell_109.png,Parasitized,136,133,RGB,1,1,1,0.9997952,False,18088,Q3,0.9997952,0.9-1.0
/kaggle/input/cell-images-for-detecting-malaria/cell_images/Uninfected/C229ThinF_IMG_20151112_144222_cell_182.png,Uninfected,124,136,RGB,0,0,0,0.00035622175,False,16864,Q2,0.9996438,0.9-1.0
/kaggle/input/cell-images-for-detecting-malaria/cell_images/Uninfected/C109P70ThinF_IMG_20150930_102812_cell_67.png,Uninfected,106,127,RGB,0,0,0,0.0018150831,False,13462,Q1 (smallest),0.9981849,0.9-1.0
/kaggle/input/cell-images-for-detecting-malaria/cell_images/Uninfected/C82P43ThinF_IMG_20150817_123824_cell_73.png,Uninfected,139,181,RGB,0,0,0,0.04631538,False,25159,Q4 (largest),0.9536846,0.9-1.0
/kaggle/input/cell-images-for-detecting-malaria/cell_images/Uninfected/C139P100ThinF_IMG_20151005_183601_cell_62.png,Uninfected,154,136,RGB,0,0,0,0.0014906212,False,20944,Q4 (largest),0.9985094,0.9-1.0
/kaggle/input/cell-images-for-detecting-malaria/cell_images/Uninfected/C77P38ThinF_IMG_20150601_155125_cell_1.png,Uninfected,127,124,RGB,0,0,0,0.43141437,False,15748,Q2,0.56858563,0.5-0.6
/kaggle/input/cell-images-for-detecting-malaria/cell_images/Parasitized/C48P9thinF_IMG_20150721_164129_cell_6.png,Parasitized,169,127,RGB,1,1,1,0.86460555,False,21463,Q4 (largest),0.86460555,0.8-0.9
/kaggle/input/cell-images-for-detecting-malaria/cell_images/Uninfected/C37BP2_thinF_IMG_20150620_133001a_cell_20.png,Uninfected,136,181,RGB,0,0,0,0.085021354,False,24616,Q4 (largest),0.9149786,0.9-1.0
/kaggle/input/cell-images-for-detecting-malaria/cell_images/Uninfected/C161P122ThinF_IMG_20151116_100724_cell_62.png,Uninfected,112,115,RGB,0,0,0,0.028649185,False,12880,Q1 (smallest),0.9713508,0.9-1.0
/kaggle/input/cell-images-for-detecting-malaria/cell_images/Uninfected/C141P102ThinF_IMG_20151005_213930_cell_61.png,Uninfected,130,127,RGB,0,0,0,0.0024683175,False,16510,Q2,0.9975317,0.9-1.0
/kaggle/input/cell-images-for-detecting-malaria/cell_images/Parasitized/C59P20thinF_IMG_20150803_112802_cell_161.png,Parasitized,160,91,RGB,1,1,1,0.99635965,False,14560,Q1 (smallest),0.99635965,0.9-1.0
/kaggle/input/cell-images-for-detecting-malaria/cell_images/Uninfected/C159P120ThinF_IMG_20151115_190642_cell_24.png,Uninfected,121,118,RGB,0,0,0,0.0048511405,False,14278,Q1 (smallest),0.99514884,0.9-1.0
/kaggle/input/cell-images-for-detecting-malaria/cell_images/Uninfected/C46P7ThinF_IMG_20151130_205756_cell_7.png,Uninfected,100,154,RGB,0,0,0,0.034348443,False,15400,Q2,0.9656516,0.9-1.0
/kaggle/input/cell-images-for-detecting-malaria/cell_images/Parasitized/C183P144NThinF_IMG_20151201_222119_cell_130.png,Parasitized,148,130,RGB,1,1,1,0.99679655,False,19240,Q3,0.99679655,0.9-1.0
/kaggle/input/cell-images-for-detecting-malaria/cell_images/Parasitized/C89P50ThinF_IMG_20150820_162504_cell_198.png,Parasitized,184,148,RGB,1,1,1,0.99955565,False,27232,Q4 (largest),0.99955565,0.9-1.0
/kaggle/input/cell-images-for-detecting-malaria/cell_images/Parasitized/C174P135NThinF_IMG_20151127_135435_cell_212.png,Parasitized,124,109,RGB,1,1,1,0.99999166,False,13516,Q1 (smallest),0.99999166,0.9-1.0
/kaggle/input/cell-images-for-detecting-malaria/cell_images/Uninfected/C175P136NThinF_IMG_20151127_141253_cell_90.png,Uninfected,160,160,RGB,0,0,0,0.45945066,False,25600,Q4 (largest),0.54054934,0.5-0.6
/kaggle/input/cell-images-for-detecting-malaria/cell_images/Parasitized/C59P20thinF_IMG_20150803_112858_cell_158.png,Parasitized,142,130,RGB,1,1,1,0.9914865,False,18460,Q3,0.9914865,0.9-1.0
/kaggle/input/cell-images-for-detecting-malaria/cell_images/Parasitized/C184P145ThinF_IMG_20151203_103326_cell_135.png,Parasitized,112,136,RGB,1,1,1,0.99939203,False,15232,Q2,0.99939203,0.9-1.0
/kaggle/input/cell-images-for-detecting-malaria/cell_images/Parasitized/C124P85ThinF_IMG_20151002_154846_cell_148.png,Parasitized,148,133,RGB,1,1,1,0.99547875,False,19684,Q3,0.99547875,0.9-1.0
/kaggle/input/cell-images-for-detecting-malaria/cell_images/Uninfected/C85P46ThinF_IMG_20150820_105748_cell_197.png,Uninfected,133,139,RGB,0,0,0,0.008349368,False,18487,Q3,0.99165064,0.9-1.0
/kaggle/input/cell-images-for-detecting-malaria/cell_images/Uninfected/C125P86ThinF_IMG_20151004_101929_cell_22.png,Uninfected,157,175,RGB,0,0,0,0.0039774785,False,27475,Q4 (largest),0.9960225,0.9-1.0
/kaggle/input/cell-images-for-detecting-malaria/cell_images/Uninfected/C78P39ThinF_IMG_20150606_104106_cell_94.png,Uninfected,145,133,RGB,0,0,0,0.26150888,False,19285,Q3,0.7384911,0.7-0.8
/kaggle/input/cell-images-for-detecting-malaria/cell_images/Uninfected/C158P119ThinF_IMG_20151115_181136_cell_102.png,Uninfected,115,115,RGB,0,0,0,0.0042296173,False,13225,Q1 (smallest),0.9957704,0.9-1.0
/kaggle/input/cell-images-for-detecting-malaria/cell_images/Parasitized/C129P90ThinF_IMG_20151004_133538_cell_76.png,Parasitized,103,139,RGB,1,1,1,0.88402903,False,14317,Q1 (smallest),0.88402903,0.8-0.9
/kaggle/input/cell-images-for-detecting-malaria/cell_images/Parasitized/C82P43ThinF_IMG_20150817_124418_cell_156.png,Parasitized,127,145,RGB,1,1,1,0.9862671,False,18415,Q3,0.9862671,0.9-1.0
/kaggle/input/cell-images-for-detecting-malaria/cell_images/Parasitized/C133P94ThinF_IMG_20151004_154351_cell_101.png,Parasitized,142,136,RGB,1,1,1,0.7725496,False,19312,Q3,0.7725496,0.7-0.8
/kaggle/input/cell-images-for-detecting-malaria/cell_images/Uninfected/C154P115ThinF_IMG_20151115_141543_cell_76.png,Uninfected,115,124,RGB,0,0,0,0.022271391,False,14260,Q1 (smallest),0.9777286,0.9-1.0
/kaggle/input/cell-images-for-detecting-malaria/cell_images/Parasitized/C33P1thinF_IMG_20150619_120645a_cell_216.png,Parasitized,151,100,RGB,1,1,1,0.98923826,False,15100,Q2,0.98923826,0.9-1.0
/kaggle/input/cell-images-for-detecting-malaria/cell_images/Parasitized/C51AP12thinF_IMG_20150724_154330_cell_111.png,Parasitized,130,133,RGB,1,1,1,0.9985643,False,17290,Q2,0.9985643,0.9-1.0
/kaggle/input/cell-images-for-detecting-malaria/cell_images/Parasitized/C184P145ThinF_IMG_20151203_102405_cell_176.png,Parasitized,145,136,RGB,1,1,1,0.9930969,False,19720,Q3,0.9930969,0.9-1.0
/kaggle/input/cell-images-for-detecting-malaria/cell_images/Uninfected/C77P38ThinF_IMG_20150602_143650_cell_25.png,Uninfected,124,136,RGB,0,0,0,0.055112425,False,16864,Q2,0.9448876,0.9-1.0
/kaggle/input/cell-images-for-detecting-malaria/cell_images/Parasitized/C133P94ThinF_IMG_20151004_154512_cell_125.png,Parasitized,148,139,RGB,1,1,1,0.99999976,False,20572,Q4 (largest),0.99999976,0.9-1.0
/kaggle/input/cell-images-for-detecting-malaria/cell_images/Parasitized/C51AP12thinF_IMG_20150724_162636_cell_91.png,Parasitized,145,148,RGB,1,1,1,0.9822273,False,21460,Q4 (largest),0.9822273,0.9-1.0
/kaggle/input/cell-images-for-detecting-malaria/cell_images/Uninfected/C142P103ThinF_IMG_20151005_221931_cell_75.png,Uninfected,133,130,RGB,0,0,0,0.0021725015,False,17290,Q2,0.9978275,0.9-1.0
/kaggle/input/cell-images-for-detecting-malaria/cell_images/Uninfected/C46P7ThinF_IMG_20151130_210743_cell_143.png,Uninfected,133,109,RGB,0,0,0,0.008959754,False,14497,Q1 (smallest),0.9910402,0.9-1.0
/kaggle/input/cell-images-for-detecting-malaria/cell_images/Uninfected/C91P52ThinF_IMG_20150821_123116_cell_106.png,Uninfected,196,175,RGB,0,0,0,0.10805287,False,34300,Q4 (largest),0.89194715,0.8-0.9
/kaggle/input/cell-images-for-detecting-malaria/cell_images/Parasitized/C120P81ThinF_IMG_20151002_125443_cell_139.png,Parasitized,118,169,RGB,1,1,1,0.9977976,False,19942,Q3,0.9977976,0.9-1.0
/kaggle/input/cell-images-for-detecting-malaria/cell_images/Parasitized/C50P11thinF_IMG_20150724_115749_cell_176.png,Parasitized,91,88,RGB,1,1,0,0.48504427,True,8008,Q1 (smallest),0.51495576,0.5-0.6
/kaggle/input/cell-images-for-detecting-malaria/cell_images/Uninfected/C234ThinF_IMG_20151112_163036_cell_47.png,Uninfected,130,133,RGB,0,0,0,0.002454516,False,17290,Q2,0.9975455,0.9-1.0
/kaggle/input/cell-images-for-detecting-malaria/cell_images/Parasitized/C91P52ThinF_IMG_20150821_123116_cell_194.png,Parasitized,175,196,RGB,1,1,1,0.99972934,False,34300,Q4 (largest),0.99972934,0.9-1.0
/kaggle/input/cell-images-for-detecting-malaria/cell_images/Uninfected/C91P52ThinF_IMG_20150821_124937_cell_173.png,Uninfected,208,184,RGB,0,0,0,0.0050170277,False,38272,Q4 (largest),0.99498296,0.9-1.0
/kaggle/input/cell-images-for-detecting-malaria/cell_images/Parasitized/C132P93ThinF_IMG_20151004_151941_cell_30.png,Parasitized,124,112,RGB,1,1,1,0.9999925,False,13888,Q1 (smallest),0.9999925,0.9-1.0
/kaggle/input/cell-images-for-detecting-malaria/cell_images/Uninfected/C88P49ThinF_IMG_20150820_150141_cell_143.png,Uninfected,142,139,RGB,0,0,0,0.0010157877,False,19738,Q3,0.9989842,0.9-1.0
/kaggle/input/cell-images-for-detecting-malaria/cell_images/Uninfected/C201ThinF_IMG_20150930_143544_cell_192.png,Uninfected,133,133,RGB,0,0,0,0.002515801,False,17689,Q3,0.9974842,0.9-1.0
/kaggle/input/cell-images-for-detecting-malaria/cell_images/Uninfected/C180P141NThinF_IMG_20151201_165601_cell_39.png,Uninfected,124,100,RGB,0,0,0,0.09938092,False,12400,Q1 (smallest),0.9006191,0.9-1.0
/kaggle/input/cell-images-for-detecting-malaria/cell_images/Parasitized/C118P79ThinF_IMG_20151002_110002_cell_5.png,Parasitized,136,190,RGB,1,1,1,0.99978495,False,25840,Q4 (largest),0.99978495,0.9-1.0
/kaggle/input/cell-images-for-detecting-malaria/cell_images/Parasitized/C178P139NThinF_IMG_20151201_154524_cell_158.png,Parasitized,97,76,RGB,1,1,1,0.98766273,False,7372,Q1 (smallest),0.98766273,0.9-1.0
/kaggle/input/cell-images-for-detecting-malaria/cell_images/Uninfected/C231ThinF_IMG_20151112_153106_cell_131.png,Uninfected,115,127,RGB,0,0,0,0.0025582062,False,14605,Q1 (smallest),0.99744177,0.9-1.0
/kaggle/input/cell-images-for-detecting-malaria/cell_images/Uninfected/C206ThinF_IMG_20151029_140917_cell_226.png,Uninfected,220,160,RGB,0,0,0,0.13391994,False,35200,Q4 (largest),0.86608005,0.8-0.9
/kaggle/input/cell-images-for-detecting-malaria/cell_images/Uninfected/C109P70ThinF_IMG_20150930_103811_cell_126.png,Uninfected,139,127,RGB,0,0,0,0.0027838238,False,17653,Q3,0.99721617,0.9-1.0
/kaggle/input/cell-images-for-detecting-malaria/cell_images/Parasitized/C66P27N_ThinF_IMG_20150818_164702_cell_158.png,Parasitized,142,145,RGB,1,1,1,0.9948919,False,20590,Q4 (largest),0.9948919,0.9-1.0
/kaggle/input/cell-images-for-detecting-malaria/cell_images/Uninfected/C215ThinF_IMG_20151106_133643_cell_125.png,Uninfected,115,136,RGB,0,0,0,0.00030672783,False,15640,Q2,0.9996933,0.9-1.0
/kaggle/input/cell-images-for-detecting-malaria/cell_images/Uninfected/C3thin_original_IMG_20150608_163002_cell_32.png,Uninfected,118,133,RGB,0,0,0,0.00053310744,False,15694,Q2,0.9994669,0.9-1.0
/kaggle/input/cell-images-for-detecting-malaria/cell_images/Uninfected/C187P148NThinF_IMG_20151203_153713_cell_42.png,Uninfected,121,88,RGB,0,0,0,0.064988956,False,10648,Q1 (smallest),0.935011,0.9-1.0
/kaggle/input/cell-images-for-detecting-malaria/cell_images/Parasitized/C182P143NThinF_IMG_20151201_171950_cell_214.png,Parasitized,112,103,RGB,1,1,1,0.9999045,False,11536,Q1 (smallest),0.9999045,0.9-1.0
/kaggle/input/cell-images-for-detecting-malaria/cell_images/Uninfected/C165P126ThinF_IMG_20151117_173346_cell_73.png,Uninfected,163,130,RGB,0,0,0,0.05731888,False,21190,Q4 (largest),0.94268113,0.9-1.0
/kaggle/input/cell-images-for-detecting-malaria/cell_images/Parasitized/C62P23N_ThinF_IMG_20150818_133211_cell_197.png,Parasitized,97,97,RGB,1,1,0,0.0064296774,True,9409,Q1 (smallest),0.9935703,0.9-1.0
/kaggle/input/cell-images-for-detecting-malaria/cell_images/Uninfected/C167P128ReThinF_IMG_20151201_105559_cell_20.png,Uninfected,103,82,RGB,0,0,0,0.22877954,False,8446,Q1 (smallest),0.77122045,0.7-0.8
/kaggle/input/cell-images-for-detecting-malaria/cell_images/Uninfected/C62P23N_ThinF_IMG_20150818_132918_cell_161.png,Uninfected,127,136,RGB,0,0,0,0.00062164257,False,17272,Q2,0.9993784,0.9-1.0
/kaggle/input/cell-images-for-detecting-malaria/cell_images/Parasitized/C149P110ThinF_IMG_20151115_114910_cell_290.png,Parasitized,151,133,RGB,1,1,1,0.98477215,False,20083,Q3,0.98477215,0.9-1.0
/kaggle/input/cell-images-for-detecting-malaria/cell_images/Uninfected/C3thin_original_IMG_20150608_162922_cell_211.png,Uninfected,115,115,RGB,0,0,0,0.006300683,False,13225,Q1 (smallest),0.9936993,0.9-1.0
/kaggle/input/cell-images-for-detecting-malaria/cell_images/Uninfected/C153P114ThinF_IMG_20151115_135746_cell_261.png,Uninfected,121,118,RGB,0,0,0,0.0027914431,False,14278,Q1 (smallest),0.99720854,0.9-1.0
/kaggle/input/cell-images-for-detecting-malaria/cell_images/Uninfected/C161P122ThinF_IMG_20151116_101722_cell_39.png,Uninfected,133,121,RGB,0,0,0,0.00064835034,False,16093,Q2,0.9993516,0.9-1.0
/kaggle/input/cell-images-for-detecting-malaria/cell_images/Uninfected/C233ThinF_IMG_20151112_161024_cell_76.png,Uninfected,130,145,RGB,0,0,0,0.005227425,False,18850,Q3,0.99477255,0.9-1.0
/kaggle/input/cell-images-for-detecting-malaria/cell_images/Parasitized/C182P143NThinF_IMG_20151201_171950_cell_165.png,Parasitized,103,94,RGB,1,1,1,0.9941945,False,9682,Q1 (smallest),0.9941945,0.9-1.0
/kaggle/input/cell-images-for-detecting-malaria/cell_images/Parasitized/C146P107ThinF_IMG_20151018_140342_cell_252.png,Parasitized,115,160,RGB,1,1,1,0.92258143,False,18400,Q3,0.92258143,0.9-1.0
/kaggle/input/cell-images-for-detecting-malaria/cell_images/Parasitized/C82P43ThinF_IMG_20150817_124010_cell_202.png,Parasitized,148,115,RGB,1,1,1,0.9998214,False,17020,Q2,0.9998214,0.9-1.0
/kaggle/input/cell-images-for-detecting-malaria/cell_images/Uninfected/C75P36_ThinF_IMG_20150815_163015_cell_68.png,Uninfected,142,154,RGB,0,0,0,0.01078901,False,21868,Q4 (largest),0.98921096,0.9-1.0
/kaggle/input/cell-images-for-detecting-malaria/cell_images/Uninfected/C237ThinF_IMG_20151127_104954_cell_54.png,Uninfected,127,121,RGB,0,0,0,0.0006679358,False,15367,Q2,0.9993321,0.9-1.0
/kaggle/input/cell-images-for-detecting-malaria/cell_images/Uninfected/C52P13thinF_IMG_20150725_130013_cell_152.png,Uninfected,142,142,RGB,0,0,0,0.0028158163,False,20164,Q4 (largest),0.99718416,0.9-1.0
/kaggle/input/cell-images-for-detecting-malaria/cell_images/Parasitized/C182P143NThinF_IMG_20151201_171950_cell_160.png,Parasitized,106,97,RGB,1,1,1,0.8839048,False,10282,Q1 (smallest),0.8839048,0.8-0.9
/kaggle/input/cell-images-for-detecting-malaria/cell_images/Uninfected/C3thin_original_IMG_20150608_163002_cell_97.png,Uninfected,112,103,RGB,0,0,0,0.0071914555,False,11536,Q1 (smallest),0.9928085,0.9-1.0
/kaggle/input/cell-images-for-detecting-malaria/cell_images/Uninfected/C209ThinF_IMG_20151029_160857_cell_5.png,Uninfected,118,130,RGB,0,0,0,0.0002492741,False,15340,Q2,0.99975073,0.9-1.0
/kaggle/input/cell-images-for-detecting-malaria/cell_images/Uninfected/C129P90ThinF_IMG_20151004_133921_cell_25.png,Uninfected,133,142,RGB,0,0,0,0.00081599795,False,18886,Q3,0.999184,0.9-1.0
/kaggle/input/cell-images-for-detecting-malaria/cell_images/Uninfected/C103P64ThinF_IMG_20150918_164331_cell_119.png,Uninfected,133,112,RGB,0,0,0,0.0008836885,False,14896,Q2,0.9991163,0.9-1.0
/kaggle/input/cell-images-for-detecting-malaria/cell_images/Uninfected/C132P93ThinF_IMG_20151004_152505_cell_4.png,Uninfected,139,127,RGB,0,0,0,0.0035602602,False,17653,Q3,0.99643975,0.9-1.0
/kaggle/input/cell-images-for-detecting-malaria/cell_images/Uninfected/C122P83ThinF_IMG_20151002_150207_cell_27.png,Uninfected,151,145,RGB,0,0,0,0.0033822414,False,21895,Q4 (largest),0.99661773,0.9-1.0
/kaggle/input/cell-images-for-detecting-malaria/cell_images/Uninfected/C146P107ThinF_IMG_20151018_140342_cell_87.png,Uninfected,112,127,RGB,0,0,0,0.016598096,False,14224,Q1 (smallest),0.9834019,0.9-1.0
/kaggle/input/cell-images-for-detecting-malaria/cell_images/Parasitized/C82P43ThinF_IMG_20150817_125114_cell_16.png,Parasitized,142,172,RGB,1,1,1,0.99976736,False,24424,Q4 (largest),0.99976736,0.9-1.0
/kaggle/input/cell-images-for-detecting-malaria/cell_images/Parasitized/C84P45ThinF_IMG_20150818_102009_cell_6.png,Parasitized,136,115,RGB,1,1,1,0.99867827,False,15640,Q2,0.99867827,0.9-1.0
/kaggle/input/cell-images-for-detecting-malaria/cell_images/Uninfected/C60P21thinF_IMG_20150803_144510_cell_130.png,Uninfected,169,175,RGB,0,0,0,0.024743112,False,29575,Q4 (largest),0.97525686,0.9-1.0
/kaggle/input/cell-images-for-detecting-malaria/cell_images/Parasitized/C68P29N_ThinF_IMG_20150819_133350_cell_137.png,Parasitized,127,142,RGB,1,1,1,0.99753463,False,18034,Q3,0.99753463,0.9-1.0
/kaggle/input/cell-images-for-detecting-malaria/cell_images/Uninfected/C181P142ThinF_IMG_20151127_160514_cell_1.png,Uninfected,115,124,RGB,0,0,0,0.4291516,False,14260,Q1 (smallest),0.5708484,0.5-0.6
/kaggle/input/cell-images-for-detecting-malaria/cell_images/Uninfected/C227ThinF_IMG_20151112_135308_cell_12.png,Uninfected,130,145,RGB,0,0,0,0.0032137032,False,18850,Q3,0.9967863,0.9-1.0
/kaggle/input/cell-images-for-detecting-malaria/cell_images/Uninfected/C85P46ThinF_IMG_20150820_105748_cell_128.png,Uninfected,151,118,RGB,0,0,0,0.004262667,False,17818,Q3,0.9957373,0.9-1.0
/kaggle/input/cell-images-for-detecting-malaria/cell_images/Uninfected/C233ThinF_IMG_20151112_160059_cell_68.png,Uninfected,139,112,RGB,0,0,0,0.0006239923,False,15568,Q2,0.999376,0.9-1.0
/kaggle/input/cell-images-for-detecting-malaria/cell_images/Uninfected/C162P123ThinF_IMG_20151116_104451_cell_122.png,Uninfected,121,142,RGB,0,0,0,0.020034926,False,17182,Q2,0.9799651,0.9-1.0
/kaggle/input/cell-images-for-detecting-malaria/cell_images/Parasitized/C49P10thinF_IMG_20150724_102330_cell_225.png,Parasitized,157,124,RGB,1,1,0,0.0057944497,True,19468,Q3,0.99420553,0.9-1.0
/kaggle/input/cell-images-for-detecting-malaria/cell_images/Parasitized/C189P150ThinF_IMG_20151203_141615_cell_93.png,Parasitized,115,115,RGB,1,1,1,0.9995299,False,13225,Q1 (smallest),0.9995299,0.9-1.0
/kaggle/input/cell-images-for-detecting-malaria/cell_images/Uninfected/C55P16thinF_IMG_20150728_121151_cell_13.png,Uninfected,118,151,RGB,0,0,0,0.052162692,False,17818,Q3,0.9478373,0.9-1.0
/kaggle/input/cell-images-for-detecting-malaria/cell_images/Parasitized/C182P143NThinF_IMG_20151201_172842_cell_3.png,Parasitized,118,130,RGB,1,1,1,0.9919916,False,15340,Q2,0.9919916,0.9-1.0
/kaggle/input/cell-images-for-detecting-malaria/cell_images/Parasitized/C176P137NThinF_IMG_20151201_122444_cell_114.png,Parasitized,124,160,RGB,1,1,1,0.9917796,False,19840,Q3,0.9917796,0.9-1.0
/kaggle/input/cell-images-for-detecting-malaria/cell_images/Parasitized/C180P141NThinF_IMG_20151201_165528_cell_173.png,Parasitized,133,139,RGB,1,1,1,0.975751,False,18487,Q3,0.975751,0.9-1.0
/kaggle/input/cell-images-for-detecting-malaria/cell_images/Parasitized/C189P150ThinF_IMG_20151203_142224_cell_79.png,Parasitized,115,127,RGB,1,1,1,0.99869907,False,14605,Q1 (smallest),0.99869907,0.9-1.0
/kaggle/input/cell-images-for-detecting-malaria/cell_images/Uninfected/C115P76ThinF_IMG_20150930_163018_cell_147.png,Uninfected,142,130,RGB,0,0,1,0.677055,True,18460,Q3,0.677055,0.6-0.7
/kaggle/input/cell-images-for-detecting-malaria/cell_images/Parasitized/C180P141NThinF_IMG_20151201_165453_cell_6.png,Parasitized,145,142,RGB,1,1,1,0.9927812,False,20590,Q4 (largest),0.9927812,0.9-1.0
/kaggle/input/cell-images-for-detecting-malaria/cell_images/Uninfected/C68P29N_ThinF_IMG_20150819_133236_cell_57.png,Uninfected,145,151,RGB,0,0,0,0.14464404,False,21895,Q4 (largest),0.855356,0.8-0.9
/kaggle/input/cell-images-for-detecting-malaria/cell_images/Uninfected/C51AP12thinF_IMG_20150724_155557_cell_14.png,Uninfected,106,115,RGB,0,0,0,0.087966315,False,12190,Q1 (smallest),0.9120337,0.9-1.0
/kaggle/input/cell-images-for-detecting-malaria/cell_images/Parasitized/C68P29N_ThinF_IMG_20150819_134504_cell_150.png,Parasitized,133,121,RGB,1,1,1,0.99931896,False,16093,Q2,0.99931896,0.9-1.0
/kaggle/input/cell-images-for-detecting-malaria/cell_images/Uninfected/C141P102ThinF_IMG_20151005_215348_cell_76.png,Uninfected,142,121,RGB,0,0,0,0.0040608454,False,17182,Q2,0.99593914,0.9-1.0
/kaggle/input/cell-images-for-detecting-malaria/cell_images/Uninfected/C181P142ThinF_IMG_20151127_160514_cell_106.png,Uninfected,97,160,RGB,0,0,0,0.16220874,False,15520,Q2,0.83779126,0.8-0.9
/kaggle/input/cell-images-for-detecting-malaria/cell_images/Parasitized/C49P10thinF_IMG_20150724_103233_cell_200.png,Parasitized,106,121,RGB,1,1,0,0.16644509,True,12826,Q1 (smallest),0.8335549,0.8-0.9
/kaggle/input/cell-images-for-detecting-malaria/cell_images/Parasitized/C68P29N_ThinF_IMG_20150819_134625_cell_43.png,Parasitized,139,130,RGB,1,1,1,0.99978626,False,18070,Q3,0.99978626,0.9-1.0
/kaggle/input/cell-images-for-detecting-malaria/cell_images/Uninfected/C90P51ThinF_IMG_20150821_115056_cell_202.png,Uninfected,118,112,RGB,0,0,0,0.00052461907,False,13216,Q1 (smallest),0.99947536,0.9-1.0
/kaggle/input/cell-images-for-detecting-malaria/cell_images/Uninfected/C67P28N_ThinF_IMG_20150819_133000_cell_79.png,Uninfected,139,103,RGB,0,0,0,0.010984244,False,14317,Q1 (smallest),0.98901576,0.9-1.0
/kaggle/input/cell-images-for-detecting-malaria/cell_images/Uninfected/C181P142ThinF_IMG_20151127_160434_cell_97.png,Uninfected,94,91,RGB,0,0,0,0.0661593,False,8554,Q1 (smallest),0.9338407,0.9-1.0
/kaggle/input/cell-images-for-detecting-malaria/cell_images/Parasitized/C70P31_ThinF_IMG_20150819_142744_cell_94.png,Parasitized,133,127,RGB,1,1,1,1.0,False,16891,Q2,1.0,0.9-1.0
/kaggle/input/cell-images-for-detecting-malaria/cell_images/Parasitized/C116P77ThinF_IMG_20150930_171448_cell_124.png,Parasitized,136,139,RGB,1,1,1,0.9989396,False,18904,Q3,0.9989396,0.9-1.0
/kaggle/input/cell-images-for-detecting-malaria/cell_images/Uninfected/C170P131ThinF_IMG_20151119_120019_cell_134.png,Uninfected,124,121,RGB,0,0,0,0.0022285085,False,15004,Q2,0.9977715,0.9-1.0
/kaggle/input/cell-images-for-detecting-malaria/cell_images/Uninfected/C188P149ThinF_IMG_20151203_134209_cell_9.png,Uninfected,121,130,RGB,0,0,0,0.000666031,False,15730,Q2,0.999334,0.9-1.0
/kaggle/input/cell-images-for-detecting-malaria/cell_images/Uninfected/C143P104ThinF_IMG_20151005_225623_cell_107.png,Uninfected,133,145,RGB,0,0,0,0.012091901,False,19285,Q3,0.9879081,0.9-1.0
/kaggle/input/cell-images-for-detecting-malaria/cell_images/Parasitized/C39P4thinF_original_IMG_20150622_105803_cell_85.png,Parasitized,136,121,RGB,1,1,0,0.42412153,True,16456,Q2,0.5758785,0.5-0.6
/kaggle/input/cell-images-for-detecting-malaria/cell_images/Uninfected/C164P125ThinF_IMG_20151116_114404_cell_37.png,Uninfected,115,97,RGB,0,0,0,0.13066116,False,11155,Q1 (smallest),0.86933887,0.8-0.9
/kaggle/input/cell-images-for-detecting-malaria/cell_images/Uninfected/C160P121ThinF_IMG_20151116_094128_cell_4.png,Uninfected,112,118,RGB,0,0,0,0.047628075,False,13216,Q1 (smallest),0.95237195,0.9-1.0
/kaggle/input/cell-images-for-detecting-malaria/cell_images/Uninfected/C111P72ThinF_IMG_20150930_113210_cell_145.png,Uninfected,142,145,RGB,0,0,0,0.0017388692,False,20590,Q4 (largest),0.99826115,0.9-1.0
/kaggle/input/cell-images-for-detecting-malaria/cell_images/Uninfected/C78P39ThinF_IMG_20150606_103630_cell_26.png,Uninfected,91,88,RGB,0,0,0,0.15140156,False,8008,Q1 (smallest),0.8485984,0.8-0.9
/kaggle/input/cell-images-for-detecting-malaria/cell_images/Uninfected/C68P29N_ThinF_IMG_20150819_134112_cell_14.png,Uninfected,190,139,RGB,0,0,0,0.41181815,False,26410,Q4 (largest),0.58818185,0.5-0.6
/kaggle/input/cell-images-for-detecting-malaria/cell_images/Parasitized/C184P145ThinF_IMG_20151203_104153_cell_151.png,Parasitized,157,157,RGB,1,1,1,0.99705625,False,24649,Q4 (largest),0.99705625,0.9-1.0
/kaggle/input/cell-images-for-detecting-malaria/cell_images/Parasitized/C101P62ThinF_IMG_20150918_151149_cell_84.png,Parasitized,136,178,RGB,1,1,1,0.9866146,False,24208,Q4 (largest),0.9866146,0.9-1.0
/kaggle/input/cell-images-for-detecting-malaria/cell_images/Parasitized/C101P62ThinF_IMG_20150918_151239_cell_74.png,Parasitized,121,145,RGB,1,1,1,0.9999975,False,17545,Q3,0.9999975,0.9-1.0
/kaggle/input/cell-images-for-detecting-malaria/cell_images/Parasitized/C132P93ThinF_IMG_20151004_152353_cell_143.png,Parasitized,112,106,RGB,1,1,1,0.9992044,False,11872,Q1 (smallest),0.9992044,0.9-1.0
/kaggle/input/cell-images-for-detecting-malaria/cell_images/Uninfected/C176P137NThinF_IMG_20151201_122444_cell_36.png,Uninfected,106,106,RGB,0,0,0,0.00581529,False,11236,Q1 (smallest),0.99418473,0.9-1.0
/kaggle/input/cell-images-for-detecting-malaria/cell_images/Parasitized/C119P80ThinF_IMG_20151002_124304_cell_166.png,Parasitized,154,148,RGB,1,1,1,0.97600853,False,22792,Q4 (largest),0.97600853,0.9-1.0
/kaggle/input/cell-images-for-detecting-malaria/cell_images/Parasitized/C133P94ThinF_IMG_20151004_155518_cell_112.png,Parasitized,151,133,RGB,1,1,1,0.9998021,False,20083,Q3,0.9998021,0.9-1.0
/kaggle/input/cell-images-for-detecting-malaria/cell_images/Uninfected/C237ThinF_IMG_20151127_104844_cell_12.png,Uninfected,145,133,RGB,0,0,0,0.00089493877,False,19285,Q3,0.99910504,0.9-1.0
/kaggle/input/cell-images-for-detecting-malaria/cell_images/Parasitized/C80P41ThinF_IMG_20150817_112329_cell_22.png,Parasitized,127,127,RGB,1,1,1,0.99995947,False,16129,Q2,0.99995947,0.9-1.0
/kaggle/input/cell-images-for-detecting-malaria/cell_images/Uninfected/C60P21thinF_IMG_20150804_113602_cell_1.png,Uninfected,109,118,RGB,0,0,0,0.0025485647,False,12862,Q1 (smallest),0.9974514,0.9-1.0
/kaggle/input/cell-images-for-detecting-malaria/cell_images/Parasitized/C84P45ThinF_IMG_20150818_102009_cell_13.png,Parasitized,121,112,RGB,1,1,1,0.99692386,False,13552,Q1 (smallest),0.99692386,0.9-1.0
/kaggle/input/cell-images-for-detecting-malaria/cell_images/Uninfected/C55P16thinF_IMG_20150728_121350_cell_173.png,Uninfected,91,109,RGB,0,0,0,0.3687693,False,9919,Q1 (smallest),0.6312307,0.6-0.7
/kaggle/input/cell-images-for-detecting-malaria/cell_images/Parasitized/C48P9thinF_IMG_20150721_164129_cell_14.png,Parasitized,148,154,RGB,1,1,1,0.976269,False,22792,Q4 (largest),0.976269,0.9-1.0
/kaggle/input/cell-images-for-detecting-malaria/cell_images/Uninfected/C202ThinF_IMG_20151015_152701_cell_84.png,Uninfected,148,148,RGB,0,0,0,0.00553685,False,21904,Q4 (largest),0.99446315,0.9-1.0
/kaggle/input/cell-images-for-detecting-malaria/cell_images/Parasitized/C99P60ThinF_IMG_20150918_141001_cell_167.png,Parasitized,148,136,RGB,1,1,1,0.6852447,False,20128,Q3,0.6852447,0.6-0.7
/kaggle/input/cell-images-for-detecting-malaria/cell_images/Uninfected/C203ThinF_IMG_20151029_110105_cell_215.png,Uninfected,196,166,RGB,0,0,0,0.12826046,False,32536,Q4 (largest),0.8717395,0.8-0.9
/kaggle/input/cell-images-for-detecting-malaria/cell_images/Uninfected/C68P29N_ThinF_IMG_20150819_133447_cell_17.png,Uninfected,133,142,RGB,0,0,0,0.01071584,False,18886,Q3,0.98928416,0.9-1.0
/kaggle/input/cell-images-for-detecting-malaria/cell_images/Uninfected/C214ThinF_IMG_20151106_114611_cell_200.png,Uninfected,136,145,RGB,0,0,0,0.0011309733,False,19720,Q3,0.998869,0.9-1.0
/kaggle/input/cell-images-for-detecting-malaria/cell_images/Uninfected/C71P32_ThinF_IMG_20150813_161634_cell_189.png,Uninfected,139,139,RGB,0,0,0,0.003196765,False,19321,Q3,0.9968032,0.9-1.0
/kaggle/input/cell-images-for-detecting-malaria/cell_images/Parasitized/C174P135NThinF_IMG_20151127_135311_cell_211.png,Parasitized,151,133,RGB,1,1,1,0.99988997,False,20083,Q3,0.99988997,0.9-1.0
/kaggle/input/cell-images-for-detecting-malaria/cell_images/Uninfected/C189P150ThinF_IMG_20151203_141615_cell_56.png,Uninfected,121,76,RGB,0,0,0,0.022778783,False,9196,Q1 (smallest),0.9772212,0.9-1.0
/kaggle/input/cell-images-for-detecting-malaria/cell_images/Parasitized/C68P29N_ThinF_IMG_20150819_133350_cell_126.png,Parasitized,139,136,RGB,1,1,1,0.992859,False,18904,Q3,0.992859,0.9-1.0
/kaggle/input/cell-images-for-detecting-malaria/cell_images/Parasitized/C181P142ThinF_IMG_20151127_160650_cell_177.png,Parasitized,136,133,RGB,1,1,1,0.99970335,False,18088,Q3,0.99970335,0.9-1.0
/kaggle/input/cell-images-for-detecting-malaria/cell_images/Uninfected/C152P113ThinF_IMG_20151115_124853_cell_100.png,Uninfected,109,130,RGB,0,0,0,0.001598076,False,14170,Q1 (smallest),0.99840194,0.9-1.0
/kaggle/input/cell-images-for-detecting-malaria/cell_images/Uninfected/C100P61ThinF_IMG_20150918_144104_cell_65.png,Uninfected,130,118,RGB,0,0,0,0.0009990038,False,15340,Q2,0.99900097,0.9-1.0
/kaggle/input/cell-images-for-detecting-malaria/cell_images/Uninfected/C116P77ThinF_IMG_20150930_172112_cell_6.png,Uninfected,115,112,RGB,0,0,0,0.2601444,False,12880,Q1 (smallest),0.7398556,0.7-0.8
/kaggle/input/cell-images-for-detecting-malaria/cell_images/Uninfected/C239ThinF_IMG_20151127_113150_cell_196.png,Uninfected,139,148,RGB,0,0,0,0.0015288041,False,20572,Q4 (largest),0.9984712,0.9-1.0
/kaggle/input/cell-images-for-detecting-malaria/cell_images/Uninfected/C65P26N_ThinF_IMG_20150818_154436_cell_12.png,Uninfected,118,121,RGB,0,0,0,0.009489124,False,14278,Q1 (smallest),0.9905109,0.9-1.0
/kaggle/input/cell-images-for-detecting-malaria/cell_images/Uninfected/C208ThinF_IMG_20151029_160108_cell_23.png,Uninfected,130,136,RGB,0,0,0,0.00016536571,False,17680,Q3,0.99983466,0.9-1.0
/kaggle/input/cell-images-for-detecting-malaria/cell_images/Uninfected/C55P16thinF_IMG_20150728_121350_cell_83.png,Uninfected,130,130,RGB,0,0,0,0.036258012,False,16900,Q2,0.963742,0.9-1.0
/kaggle/input/cell-images-for-detecting-malaria/cell_images/Parasitized/C175P136NThinF_IMG_20151127_142009_cell_218.png,Parasitized,142,175,RGB,1,1,1,0.9012528,False,24850,Q4 (largest),0.9012528,0.9-1.0
/kaggle/input/cell-images-for-detecting-malaria/cell_images/Uninfected/C77P38ThinF_IMG_20150602_142303_cell_84.png,Uninfected,148,184,RGB,0,0,0,0.070452675,False,27232,Q4 (largest),0.9295473,0.9-1.0
/kaggle/input/cell-images-for-detecting-malaria/cell_images/Uninfected/C121P82ThinF_IMG_20151002_133001_cell_51.png,Uninfected,157,166,RGB,0,0,0,0.00199078,False,26062,Q4 (largest),0.9980092,0.9-1.0
/kaggle/input/cell-images-for-detecting-malaria/cell_images/Uninfected/C3thin_original_IMG_20150608_162835_cell_170.png,Uninfected,139,100,RGB,0,0,0,0.0047300574,False,13900,Q1 (smallest),0.99526995,0.9-1.0
/kaggle/input/cell-images-for-detecting-malaria/cell_images/Parasitized/C68P29N_ThinF_IMG_20150819_133350_cell_169.png,Parasitized,145,148,RGB,1,1,1,0.9939772,False,21460,Q4 (largest),0.9939772,0.9-1.0
/kaggle/input/cell-images-for-detecting-malaria/cell_images/Uninfected/C146P107ThinF_IMG_20151018_140342_cell_63.png,Uninfected,121,121,RGB,0,0,0,0.034315217,False,14641,Q1 (smallest),0.9656848,0.9-1.0
/kaggle/input/cell-images-for-detecting-malaria/cell_images/Parasitized/C136P97ThinF_IMG_20151005_144449_cell_21.png,Parasitized,121,118,RGB,1,1,1,0.998728,False,14278,Q1 (smallest),0.998728,0.9-1.0
/kaggle/input/cell-images-for-detecting-malaria/cell_images/Uninfected/C96P57ThinF_IMG_20150824_112132_cell_161.png,Uninfected,163,163,RGB,0,0,0,0.056771234,False,26569,Q4 (largest),0.9432288,0.9-1.0
/kaggle/input/cell-images-for-detecting-malaria/cell_images/Parasitized/C80P41ThinF_IMG_20150817_111246_cell_119.png,Parasitized,166,121,RGB,1,1,1,0.9808249,False,20086,Q3,0.9808249,0.9-1.0
/kaggle/input/cell-images-for-detecting-malaria/cell_images/Uninfected/C78P39ThinF_IMG_20150606_104426_cell_14.png,Uninfected,106,103,RGB,0,0,0,0.012555882,False,10918,Q1 (smallest),0.9874441,0.9-1.0
/kaggle/input/cell-images-for-detecting-malaria/cell_images/Uninfected/C184P145ThinF_IMG_20151203_103326_cell_7.png,Uninfected,118,151,RGB,0,0,0,0.06407122,False,17818,Q3,0.93592876,0.9-1.0
/kaggle/input/cell-images-for-detecting-malaria/cell_images/Parasitized/C182P143NThinF_IMG_20151201_171950_cell_196.png,Parasitized,115,106,RGB,1,1,1,0.9967181,False,12190,Q1 (smallest),0.9967181,0.9-1.0
/kaggle/input/cell-images-for-detecting-malaria/cell_images/Uninfected/C155P116ThinF_IMG_20151115_142836_cell_57.png,Uninfected,139,142,RGB,0,0,0,0.00017893597,False,19738,Q3,0.99982107,0.9-1.0
/kaggle/input/cell-images-for-detecting-malaria/cell_images/Uninfected/C7NthinF_IMG_20150611_104404_cell_194.png,Uninfected,121,118,RGB,0,0,0,0.3231426,False,14278,Q1 (smallest),0.6768574,0.6-0.7
/kaggle/input/cell-images-for-detecting-malaria/cell_images/Parasitized/C116P77ThinF_IMG_20150930_172112_cell_73.png,Parasitized,124,121,RGB,1,1,1,0.54118955,False,15004,Q2,0.54118955,0.5-0.6
/kaggle/input/cell-images-for-detecting-malaria/cell_images/Uninfected/C181P142ThinF_IMG_20151127_160650_cell_116.png,Uninfected,70,94,RGB,0,0,0,0.123378426,False,6580,Q1 (smallest),0.8766216,0.8-0.9
/kaggle/input/cell-images-for-detecting-malaria/cell_images/Parasitized/C91P52ThinF_IMG_20150821_124937_cell_207.png,Parasitized,208,220,RGB,1,1,1,0.9659501,False,45760,Q4 (largest),0.9659501,0.9-1.0
/kaggle/input/cell-images-for-detecting-malaria/cell_images/Parasitized/C182P143NThinF_IMG_20151201_172842_cell_20.png,Parasitized,100,94,RGB,1,1,1,0.99809045,False,9400,Q1 (smallest),0.99809045,0.9-1.0
/kaggle/input/cell-images-for-detecting-malaria/cell_images/Parasitized/C33P1thinF_IMG_20150619_120645a_cell_217.png,Parasitized,148,148,RGB,1,1,1,0.9966474,False,21904,Q4 (largest),0.9966474,0.9-1.0
/kaggle/input/cell-images-for-detecting-malaria/cell_images/Uninfected/C223ThinF_IMG_20151112_104708_cell_27.png,Uninfected,115,118,RGB,0,0,0,0.00055518013,False,13570,Q1 (smallest),0.99944484,0.9-1.0
/kaggle/input/cell-images-for-detecting-malaria/cell_images/Uninfected/C176P137NThinF_IMG_20151201_122444_cell_7.png,Uninfected,145,145,RGB,0,0,0,0.012776499,False,21025,Q4 (largest),0.9872235,0.9-1.0
/kaggle/input/cell-images-for-detecting-malaria/cell_images/Uninfected/C216ThinF_IMG_20151106_134733_cell_236.png,Uninfected,175,127,RGB,0,0,0,0.01863864,False,22225,Q4 (largest),0.9813614,0.9-1.0
/kaggle/input/cell-images-for-detecting-malaria/cell_images/Parasitized/C186P147NThinF_IMG_20151203_150132_cell_192.png,Parasitized,139,169,RGB,1,1,1,0.9185913,False,23491,Q4 (largest),0.9185913,0.9-1.0
/kaggle/input/cell-images-for-detecting-malaria/cell_images/Parasitized/C89P50ThinF_IMG_20150820_162504_cell_199.png,Parasitized,163,121,RGB,1,1,1,0.9999387,False,19723,Q3,0.9999387,0.9-1.0
/kaggle/input/cell-images-for-detecting-malaria/cell_images/Parasitized/C136P97ThinF_IMG_20151005_141803_cell_130.png,Parasitized,109,115,RGB,1,1,1,0.99921954,False,12535,Q1 (smallest),0.99921954,0.9-1.0
/kaggle/input/cell-images-for-detecting-malaria/cell_images/Uninfected/C61P22N_ThinF_IMG_20150818_112811_cell_54.png,Uninfected,118,121,RGB,0,0,0,0.030764861,False,14278,Q1 (smallest),0.9692351,0.9-1.0
/kaggle/input/cell-images-for-detecting-malaria/cell_images/Parasitized/C51AP12thinF_IMG_20150724_160140_cell_59.png,Parasitized,142,106,RGB,1,1,1,0.99502075,False,15052,Q2,0.99502075,0.9-1.0
/kaggle/input/cell-images-for-detecting-malaria/cell_images/Uninfected/C221ThinF_IMG_20151106_160022_cell_201.png,Uninfected,142,124,RGB,0,0,0,0.00024933685,False,17608,Q3,0.9997507,0.9-1.0
/kaggle/input/cell-images-for-detecting-malaria/cell_images/Uninfected/C2NThinF_IMG_20150604_114631_cell_99.png,Uninfected,124,127,RGB,0,0,0,0.009251084,False,15748,Q2,0.99074894,0.9-1.0
/kaggle/input/cell-images-for-detecting-malaria/cell_images/Parasitized/C166P127ThinF_IMG_20151117_195030_cell_221.png,Parasitized,127,100,RGB,1,1,1,0.99374884,False,12700,Q1 (smallest),0.99374884,0.9-1.0
/kaggle/input/cell-images-for-detecting-malaria/cell_images/Uninfected/C173P134NThinF_IMG_20151130_125408_cell_67.png,Uninfected,109,121,RGB,0,0,0,0.0025664445,False,13189,Q1 (smallest),0.99743354,0.9-1.0
/kaggle/input/cell-images-for-detecting-malaria/cell_images/Uninfected/C105P66ThinF_IMG_20150924_095716_cell_57.png,Uninfected,133,160,RGB,0,0,0,0.0022046925,False,21280,Q4 (largest),0.9977953,0.9-1.0
/kaggle/input/cell-images-for-detecting-malaria/cell_images/Parasitized/C184P145ThinF_IMG_20151203_104153_cell_187.png,Parasitized,157,127,RGB,1,1,1,0.9965454,False,19939,Q3,0.9965454,0.9-1.0
/kaggle/input/cell-images-for-detecting-malaria/cell_images/Uninfected/C33P1thinF_IMG_20150619_120742a_cell_155.png,Uninfected,136,169,RGB,0,0,0,0.0023754747,False,22984,Q4 (largest),0.9976245,0.9-1.0
/kaggle/input/cell-images-for-detecting-malaria/cell_images/Parasitized/C182P143NThinF_IMG_20151201_172759_cell_41.png,Parasitized,91,106,RGB,1,1,1,0.99998224,False,9646,Q1 (smallest),0.99998224,0.9-1.0
/kaggle/input/cell-images-for-detecting-malaria/cell_images/Uninfected/C94P55ThinF_IMG_20150821_165118_cell_125.png,Uninfected,127,106,RGB,0,0,0,0.046002157,False,13462,Q1 (smallest),0.95399785,0.9-1.0
/kaggle/input/cell-images-for-detecting-malaria/cell_images/Parasitized/C68P29N_ThinF_IMG_20150819_133447_cell_119.png,Parasitized,136,142,RGB,1,1,1,0.998415,False,19312,Q3,0.998415,0.9-1.0
/kaggle/input/cell-images-for-detecting-malaria/cell_images/Parasitized/C87P48ThinF_IMG_20150820_141913_cell_207.png,Parasitized,133,136,RGB,1,1,1,0.99826646,False,18088,Q3,0.99826646,0.9-1.0
/kaggle/input/cell-images-for-detecting-malaria/cell_images/Uninfected/C6NThinF_IMG_20150609_122421_cell_17.png,Uninfected,118,127,RGB,0,0,0,0.00034854776,False,14986,Q2,0.99965143,0.9-1.0
/kaggle/input/cell-images-for-detecting-malaria/cell_images/Parasitized/C129P90ThinF_IMG_20151004_133703_cell_96.png,Parasitized,130,115,RGB,1,1,1,0.9988004,False,14950,Q2,0.9988004,0.9-1.0
/kaggle/input/cell-images-for-detecting-malaria/cell_images/Parasitized/C148P109ThinF_IMG_20151115_112855_cell_258.png,Parasitized,160,136,RGB,1,1,1,0.79361576,False,21760,Q4 (largest),0.79361576,0.7-0.8
/kaggle/input/cell-images-for-detecting-malaria/cell_images/Uninfected/C207ThinF_IMG_20151029_144152_cell_205.png,Uninfected,118,115,RGB,0,0,0,0.0006239617,False,13570,Q1 (smallest),0.99937606,0.9-1.0
/kaggle/input/cell-images-for-detecting-malaria/cell_images/Uninfected/C220ThinF_IMG_20151106_154510_cell_60.png,Uninfected,121,124,RGB,0,0,0,0.0003967516,False,15004,Q2,0.9996033,0.9-1.0
/kaggle/input/cell-images-for-detecting-malaria/cell_images/Uninfected/C142P103ThinF_IMG_20151005_222255_cell_11.png,Uninfected,139,133,RGB,0,0,0,0.00520747,False,18487,Q3,0.9947925,0.9-1.0
/kaggle/input/cell-images-for-detecting-malaria/cell_images/Parasitized/C68P29N_ThinF_IMG_20150819_134625_cell_19.png,Parasitized,151,160,RGB,1,1,1,0.9922672,False,24160,Q4 (largest),0.9922672,0.9-1.0
/kaggle/input/cell-images-for-detecting-malaria/cell_images/Parasitized/C59P20thinF_IMG_20150803_112733_cell_218.png,Parasitized,145,142,RGB,1,1,1,0.999361,False,20590,Q4 (largest),0.999361,0.9-1.0
/kaggle/input/cell-images-for-detecting-malaria/cell_images/Parasitized/C84P45ThinF_IMG_20150818_102325_cell_98.png,Parasitized,121,142,RGB,1,1,1,0.9073437,False,17182,Q2,0.9073437,0.9-1.0
/kaggle/input/cell-images-for-detecting-malaria/cell_images/Uninfected/C5NThinF_IMG_20150609_122227_cell_128.png,Uninfected,130,142,RGB,0,0,0,0.014918138,False,18460,Q3,0.98508185,0.9-1.0
/kaggle/input/cell-images-for-detecting-malaria/cell_images/Parasitized/C84P45ThinF_IMG_20150818_102009_cell_12.png,Parasitized,91,88,RGB,1,1,1,0.9999441,False,8008,Q1 (smallest),0.9999441,0.9-1.0
/kaggle/input/cell-images-for-detecting-malaria/cell_images/Uninfected/C150P111ThinF_IMG_20151115_115805_cell_112.png,Uninfected,118,109,RGB,0,0,0,2.747117e-05,False,12862,Q1 (smallest),0.9999725,0.9-1.0
/kaggle/input/cell-images-for-detecting-malaria/cell_images/Parasitized/C129P90ThinF_IMG_20151004_134306_cell_127.png,Parasitized,157,157,RGB,1,1,1,0.9980963,False,24649,Q4 (largest),0.9980963,0.9-1.0
/kaggle/input/cell-images-for-detecting-malaria/cell_images/Parasitized/C117P78ThinF_IMG_20150930_214941_cell_84.png,Parasitized,136,148,RGB,1,1,1,0.999135,False,20128,Q3,0.999135,0.9-1.0
/kaggle/input/cell-images-for-detecting-malaria/cell_images/Parasitized/C182P143NThinF_IMG_20151201_171950_cell_206.png,Parasitized,127,112,RGB,1,1,1,0.9434126,False,14224,Q1 (smallest),0.9434126,0.9-1.0
/kaggle/input/cell-images-for-detecting-malaria/cell_images/Parasitized/C116P77ThinF_IMG_20150930_171954_cell_82.png,Parasitized,112,121,RGB,1,1,1,0.8351771,False,13552,Q1 (smallest),0.8351771,0.8-0.9
/kaggle/input/cell-images-for-detecting-malaria/cell_images/Uninfected/C152P113ThinF_IMG_20151115_123837_cell_124.png,Uninfected,115,112,RGB,0,0,0,0.0025653094,False,12880,Q1 (smallest),0.9974347,0.9-1.0
/kaggle/input/cell-images-for-detecting-malaria/cell_images/Parasitized/C181P142ThinF_IMG_20151127_160514_cell_166.png,Parasitized,91,103,RGB,1,1,1,0.7329681,False,9373,Q1 (smallest),0.7329681,0.7-0.8
/kaggle/input/cell-images-for-detecting-malaria/cell_images/Uninfected/C38P3thinF_original_IMG_20150621_112116_cell_63.png,Uninfected,139,127,RGB,0,0,1,0.80258155,True,17653,Q3,0.80258155,0.8-0.9
/kaggle/input/cell-images-for-detecting-malaria/cell_images/Uninfected/C139P100ThinF_IMG_20151005_183338_cell_128.png,Uninfected,145,118,RGB,0,0,0,0.0033327278,False,17110,Q2,0.99666727,0.9-1.0
/kaggle/input/cell-images-for-detecting-malaria/cell_images/Uninfected/C205ThinF_IMG_20151106_151800_cell_161.png,Uninfected,145,115,RGB,0,0,0,0.062082138,False,16675,Q2,0.9379179,0.9-1.0
/kaggle/input/cell-images-for-detecting-malaria/cell_images/Parasitized/C133P94ThinF_IMG_20151004_154717_cell_139.png,Parasitized,148,127,RGB,1,1,1,0.9994393,False,18796,Q3,0.9994393,0.9-1.0
/kaggle/input/cell-images-for-detecting-malaria/cell_images/Uninfected/C63P24N_ThinF_IMG_20150818_142948_cell_111.png,Uninfected,121,115,RGB,0,0,0,0.0009517215,False,13915,Q1 (smallest),0.9990483,0.9-1.0
/kaggle/input/cell-images-for-detecting-malaria/cell_images/Parasitized/C132P93ThinF_IMG_20151004_151811_cell_158.png,Parasitized,115,133,RGB,1,1,1,0.99575835,False,15295,Q2,0.99575835,0.9-1.0
/kaggle/input/cell-images-for-detecting-malaria/cell_images/Uninfected/C206ThinF_IMG_20151029_140511_cell_126.png,Uninfected,163,142,RGB,0,0,0,0.00067022466,False,23146,Q4 (largest),0.99932975,0.9-1.0
/kaggle/input/cell-images-for-detecting-malaria/cell_images/Uninfected/C210ThinF_IMG_20151029_162357_cell_150.png,Uninfected,118,121,RGB,0,0,0,0.0025998582,False,14278,Q1 (smallest),0.99740016,0.9-1.0
/kaggle/input/cell-images-for-detecting-malaria/cell_images/Uninfected/C69P30N_ThinF_IMG_20150819_135421_cell_161.png,Uninfected,160,169,RGB,0,0,0,0.015771255,False,27040,Q4 (largest),0.98422873,0.9-1.0
/kaggle/input/cell-images-for-detecting-malaria/cell_images/Parasitized/C130P91ThinF_IMG_20151004_142709_cell_127.png,Parasitized,139,142,RGB,1,1,1,0.9999988,False,19738,Q3,0.9999988,0.9-1.0
/kaggle/input/cell-images-for-detecting-malaria/cell_images/Parasitized/C97P58ThinF_IMG_20150917_151437_cell_168.png,Parasitized,142,154,RGB,1,1,1,0.96888494,False,21868,Q4 (largest),0.96888494,0.9-1.0
/kaggle/input/cell-images-for-detecting-malaria/cell_images/Parasitized/C180P141NThinF_IMG_20151201_165528_cell_162.png,Parasitized,157,154,RGB,1,1,1,0.9754686,False,24178,Q4 (largest),0.9754686,0.9-1.0
/kaggle/input/cell-images-for-detecting-malaria/cell_images/Parasitized/C132P93ThinF_IMG_20151004_152045_cell_126.png,Parasitized,124,112,RGB,1,1,1,0.99904436,False,13888,Q1 (smallest),0.99904436,0.9-1.0
/kaggle/input/cell-images-for-detecting-malaria/cell_images/Uninfected/C100P61ThinF_IMG_20150918_145422_cell_157.png,Uninfected,124,142,RGB,0,0,0,0.009461269,False,17608,Q3,0.9905387,0.9-1.0
/kaggle/input/cell-images-for-detecting-malaria/cell_images/Parasitized/C97P58ThinF_IMG_20150917_151551_cell_181.png,Parasitized,142,127,RGB,1,1,1,0.9935423,False,18034,Q3,0.9935423,0.9-1.0
/kaggle/input/cell-images-for-detecting-malaria/cell_images/Parasitized/C136P97ThinF_IMG_20151005_142627_cell_19.png,Parasitized,130,151,RGB,1,1,1,0.83051753,False,19630,Q3,0.83051753,0.8-0.9
/kaggle/input/cell-images-for-detecting-malaria/cell_images/Uninfected/C113P74ThinF_IMG_20150930_135904_cell_25.png,Uninfected,121,121,RGB,0,0,0,0.003911532,False,14641,Q1 (smallest),0.99608845,0.9-1.0
/kaggle/input/cell-images-for-detecting-malaria/cell_images/Uninfected/C98P59ThinF_IMG_20150917_153938_cell_26.png,Uninfected,136,133,RGB,0,0,0,0.0074124034,False,18088,Q3,0.9925876,0.9-1.0
/kaggle/input/cell-images-for-detecting-malaria/cell_images/Parasitized/C82P43ThinF_IMG_20150817_123500_cell_238.png,Parasitized,118,106,RGB,1,1,1,0.99989295,False,12508,Q1 (smallest),0.99989295,0.9-1.0
/kaggle/input/cell-images-for-detecting-malaria/cell_images/Uninfected/C141P102ThinF_IMG_20151005_215348_cell_64.png,Uninfected,142,139,RGB,0,0,0,0.0028534106,False,19738,Q3,0.9971466,0.9-1.0
/kaggle/input/cell-images-for-detecting-malaria/cell_images/Parasitized/C49P10thinF_IMG_20150724_102951_cell_209.png,Parasitized,160,142,RGB,1,1,1,0.92795724,False,22720,Q4 (largest),0.92795724,0.9-1.0
/kaggle/input/cell-images-for-detecting-malaria/cell_images/Uninfected/C149P110ThinF_IMG_20151115_114910_cell_7.png,Uninfected,142,97,RGB,0,0,0,0.020645082,False,13774,Q1 (smallest),0.9793549,0.9-1.0
/kaggle/input/cell-images-for-detecting-malaria/cell_images/Parasitized/C49P10thinF_IMG_20150724_102330_cell_233.png,Parasitized,139,133,RGB,1,1,0,0.39862785,True,18487,Q3,0.6013721,0.6-0.7
/kaggle/input/cell-images-for-detecting-malaria/cell_images/Uninfected/C88P49ThinF_IMG_20150820_153042_cell_155.png,Uninfected,124,121,RGB,0,0,0,0.029936234,False,15004,Q2,0.97006375,0.9-1.0
/kaggle/input/cell-images-for-detecting-malaria/cell_images/Parasitized/C70P31_ThinF_IMG_20150813_131330_cell_83.png,Parasitized,103,118,RGB,1,1,1,0.99761546,False,12154,Q1 (smallest),0.99761546,0.9-1.0
/kaggle/input/cell-images-for-detecting-malaria/cell_images/Uninfected/C239ThinF_IMG_20151127_113150_cell_3.png,Uninfected,124,142,RGB,0,0,0,0.00036509443,False,17608,Q3,0.9996349,0.9-1.0
/kaggle/input/cell-images-for-detecting-malaria/cell_images/Uninfected/C140P101ThinF_IMG_20151005_211530_cell_69.png,Uninfected,130,115,RGB,0,0,0,0.0029197577,False,14950,Q2,0.99708027,0.9-1.0
/kaggle/input/cell-images-for-detecting-malaria/cell_images/Parasitized/C180P141NThinF_IMG_20151201_165659_cell_12.png,Parasitized,124,139,RGB,1,1,0,0.17671706,True,17236,Q2,0.82328296,0.8-0.9
/kaggle/input/cell-images-for-detecting-malaria/cell_images/Uninfected/C118P79ThinF_IMG_20151002_105735_cell_11.png,Uninfected,142,133,RGB,0,0,0,0.0030247287,False,18886,Q3,0.99697524,0.9-1.0
/kaggle/input/cell-images-for-detecting-malaria/cell_images/Parasitized/C99P60ThinF_IMG_20150918_141001_cell_162.png,Parasitized,136,145,RGB,1,1,1,0.996625,False,19720,Q3,0.996625,0.9-1.0
/kaggle/input/cell-images-for-detecting-malaria/cell_images/Parasitized/C181P142ThinF_IMG_20151127_160539_cell_189.png,Parasitized,124,109,RGB,1,1,1,0.99986076,False,13516,Q1 (smallest),0.99986076,0.9-1.0
/kaggle/input/cell-images-for-detecting-malaria/cell_images/Parasitized/C189P150ThinF_IMG_20151203_141809_cell_87.png,Parasitized,136,136,RGB,1,1,1,0.99919647,False,18496,Q3,0.99919647,0.9-1.0
/kaggle/input/cell-images-for-detecting-malaria/cell_images/Parasitized/C133P94ThinF_IMG_20151004_154351_cell_106.png,Parasitized,130,145,RGB,1,1,1,0.996143,False,18850,Q3,0.996143,0.9-1.0
/kaggle/input/cell-images-for-detecting-malaria/cell_images/Parasitized/C80P41ThinF_IMG_20150817_110348_cell_117.png,Parasitized,139,136,RGB,1,1,1,0.95990187,False,18904,Q3,0.95990187,0.9-1.0
/kaggle/input/cell-images-for-detecting-malaria/cell_images/Uninfected/C106P67ThinF_IMG_20150924_102826_cell_76.png,Uninfected,154,154,RGB,0,0,0,0.0022453524,False,23716,Q4 (largest),0.99775463,0.9-1.0
/kaggle/input/cell-images-for-detecting-malaria/cell_images/Uninfected/C183P144NThinF_IMG_20151201_224458_cell_79.png,Uninfected,100,115,RGB,0,0,0,0.0054680686,False,11500,Q1 (smallest),0.9945319,0.9-1.0
/kaggle/input/cell-images-for-detecting-malaria/cell_images/Parasitized/C132P93ThinF_IMG_20151004_152045_cell_145.png,Parasitized,124,148,RGB,1,1,1,0.99983346,False,18352,Q3,0.99983346,0.9-1.0
/kaggle/input/cell-images-for-detecting-malaria/cell_images/Uninfected/C99P60ThinF_IMG_20150918_141314_cell_39.png,Uninfected,109,109,RGB,0,0,0,0.030687159,False,11881,Q1 (smallest),0.96931285,0.9-1.0
/kaggle/input/cell-images-for-detecting-malaria/cell_images/Parasitized/C124P85ThinF_IMG_20151002_154846_cell_154.png,Parasitized,130,130,RGB,1,1,1,0.9948177,False,16900,Q2,0.9948177,0.9-1.0
/kaggle/input/cell-images-for-detecting-malaria/cell_images/Uninfected/C231ThinF_IMG_20151112_153359_cell_147.png,Uninfected,121,118,RGB,0,0,0,0.0007217285,False,14278,Q1 (smallest),0.99927825,0.9-1.0
/kaggle/input/cell-images-for-detecting-malaria/cell_images/Uninfected/C122P83ThinF_IMG_20151002_145330_cell_108.png,Uninfected,148,115,RGB,0,0,0,0.022552377,False,17020,Q2,0.9774476,0.9-1.0
/kaggle/input/cell-images-for-detecting-malaria/cell_images/Parasitized/C59P20thinF_IMG_20150803_113051_cell_167.png,Parasitized,127,130,RGB,1,1,1,0.9981669,False,16510,Q2,0.9981669,0.9-1.0
/kaggle/input/cell-images-for-detecting-malaria/cell_images/Uninfected/C102P63ThinF_IMG_20150918_162155_cell_32.png,Uninfected,115,172,RGB,0,0,0,0.1539264,False,19780,Q3,0.8460736,0.8-0.9
/kaggle/input/cell-images-for-detecting-malaria/cell_images/Uninfected/C55P16thinF_IMG_20150728_124508_cell_197.png,Uninfected,127,145,RGB,0,0,0,0.078998104,False,18415,Q3,0.9210019,0.9-1.0
/kaggle/input/cell-images-for-detecting-malaria/cell_images/Uninfected/C211ThinF_IMG_20151029_164451_cell_220.png,Uninfected,148,139,RGB,0,0,0,0.0016654775,False,20572,Q4 (largest),0.9983345,0.9-1.0
/kaggle/input/cell-images-for-detecting-malaria/cell_images/Uninfected/C66P27N_ThinF_IMG_20150818_164408_cell_60.png,Uninfected,148,130,RGB,0,0,0,0.00529105,False,19240,Q3,0.99470896,0.9-1.0
/kaggle/input/cell-images-for-detecting-malaria/cell_images/Parasitized/C189P150ThinF_IMG_20151203_142113_cell_80.png,Parasitized,100,112,RGB,1,1,1,0.9985176,False,11200,Q1 (smallest),0.9985176,0.9-1.0
/kaggle/input/cell-images-for-detecting-malaria/cell_images/Uninfected/C126P87ThinF_IMG_20151004_105100_cell_82.png,Uninfected,112,118,RGB,0,0,0,0.032395028,False,13216,Q1 (smallest),0.967605,0.9-1.0
/kaggle/input/cell-images-for-detecting-malaria/cell_images/Uninfected/C150P111ThinF_IMG_20151115_115950_cell_41.png,Uninfected,124,130,RGB,0,0,0,0.00022957234,False,16120,Q2,0.9997704,0.9-1.0
/kaggle/input/cell-images-for-detecting-malaria/cell_images/Uninfected/C169P130ThinF_IMG_20151119_143039_cell_121.png,Uninfected,118,106,RGB,0,0,0,0.0072790263,False,12508,Q1 (smallest),0.99272096,0.9-1.0
/kaggle/input/cell-images-for-detecting-malaria/cell_images/Uninfected/C112P73ThinF_IMG_20150930_131516_cell_157.png,Uninfected,133,130,RGB,0,0,0,0.0034487657,False,17290,Q2,0.9965512,0.9-1.0
/kaggle/input/cell-images-for-detecting-malaria/cell_images/Parasitized/C184P145ThinF_IMG_20151203_103114_cell_143.png,Parasitized,139,139,RGB,1,1,1,0.9935488,False,19321,Q3,0.9935488,0.9-1.0
/kaggle/input/cell-images-for-detecting-malaria/cell_images/Parasitized/C172P133ThinF_IMG_20151119_154936_cell_256.png,Parasitized,163,136,RGB,1,1,1,0.99384576,False,22168,Q4 (largest),0.99384576,0.9-1.0
/kaggle/input/cell-images-for-detecting-malaria/cell_images/Uninfected/C234ThinF_IMG_20151112_162843_cell_268.png,Uninfected,136,139,RGB,0,0,0,0.0006151555,False,18904,Q3,0.9993848,0.9-1.0
/kaggle/input/cell-images-for-detecting-malaria/cell_images/Uninfected/C233ThinF_IMG_20151112_160129_cell_50.png,Uninfected,142,127,RGB,0,0,0,0.00040255813,False,18034,Q3,0.99959743,0.9-1.0
/kaggle/input/cell-images-for-detecting-malaria/cell_images/Parasitized/C39P4thinF_original_IMG_20150622_110435_cell_108.png,Parasitized,121,127,RGB,1,1,1,0.9879032,False,15367,Q2,0.9879032,0.9-1.0
/kaggle/input/cell-images-for-detecting-malaria/cell_images/Uninfected/C210ThinF_IMG_20151029_162834_cell_156.png,Uninfected,109,115,RGB,0,0,0,0.0004105682,False,12535,Q1 (smallest),0.99958944,0.9-1.0
/kaggle/input/cell-images-for-detecting-malaria/cell_images/Parasitized/C99P60ThinF_IMG_20150918_141620_cell_32.png,Parasitized,148,196,RGB,1,1,1,0.99585515,False,29008,Q4 (largest),0.99585515,0.9-1.0
/kaggle/input/cell-images-for-detecting-malaria/cell_images/Parasitized/C130P91ThinF_IMG_20151004_141504_cell_144.png,Parasitized,148,166,RGB,1,1,1,0.9999962,False,24568,Q4 (largest),0.9999962,0.9-1.0
/kaggle/input/cell-images-for-detecting-malaria/cell_images/Uninfected/C223ThinF_IMG_20151112_103809_cell_173.png,Uninfected,136,157,RGB,0,0,0,0.018428886,False,21352,Q4 (largest),0.98157114,0.9-1.0
/kaggle/input/cell-images-for-detecting-malaria/cell_images/Uninfected/C88P49ThinF_IMG_20150820_150141_cell_167.png,Uninfected,136,157,RGB,0,0,0,0.027567426,False,21352,Q4 (largest),0.97243255,0.9-1.0
/kaggle/input/cell-images-for-detecting-malaria/cell_images/Uninfected/C135P96ThinF_IMG_20151005_123857_cell_144.png,Uninfected,103,160,RGB,0,0,0,0.12852272,False,16480,Q2,0.87147725,0.8-0.9
/kaggle/input/cell-images-for-detecting-malaria/cell_images/Parasitized/C136P97ThinF_IMG_20151005_141803_cell_124.png,Parasitized,139,145,RGB,1,1,1,0.9996598,False,20155,Q3,0.9996598,0.9-1.0
/kaggle/input/cell-images-for-detecting-malaria/cell_images/Uninfected/C81P42ThinF_IMG_20150817_120712_cell_1.png,Uninfected,127,124,RGB,0,0,0,0.074549206,False,15748,Q2,0.9254508,0.9-1.0
/kaggle/input/cell-images-for-detecting-malaria/cell_images/Uninfected/C83P44ThinF_IMG_20150817_133609_cell_43.png,Uninfected,151,130,RGB,0,0,0,0.0023759513,False,19630,Q3,0.99762404,0.9-1.0
/kaggle/input/cell-images-for-detecting-malaria/cell_images/Parasitized/C137P98ThinF_IMG_20151005_162010_cell_86.png,Parasitized,124,106,RGB,1,1,1,0.99992645,False,13144,Q1 (smallest),0.99992645,0.9-1.0
/kaggle/input/cell-images-for-detecting-malaria/cell_images/Uninfected/C153P114ThinF_IMG_20151115_135911_cell_143.png,Uninfected,121,133,RGB,0,0,0,0.009524577,False,16093,Q2,0.9904754,0.9-1.0
/kaggle/input/cell-images-for-detecting-malaria/cell_images/Uninfected/C78P39ThinF_IMG_20150606_103459_cell_97.png,Uninfected,121,112,RGB,0,0,0,0.0043962793,False,13552,Q1 (smallest),0.99560374,0.9-1.0
/kaggle/input/cell-images-for-detecting-malaria/cell_images/Parasitized/C160P121ThinF_IMG_20151116_092925_cell_148.png,Parasitized,103,118,RGB,1,1,1,0.83410805,False,12154,Q1 (smallest),0.83410805,0.8-0.9
/kaggle/input/cell-images-for-detecting-malaria/cell_images/Uninfected/C33P1thinF_IMG_20150619_120838a_cell_134.png,Uninfected,139,127,RGB,0,0,0,0.006516755,False,17653,Q3,0.99348325,0.9-1.0
/kaggle/input/cell-images-for-detecting-malaria/cell_images/Parasitized/C184P145ThinF_IMG_20151203_102405_cell_175.png,Parasitized,142,130,RGB,1,1,1,0.99954134,False,18460,Q3,0.99954134,0.9-1.0
/kaggle/input/cell-images-for-detecting-malaria/cell_images/Uninfected/C50P11thinF_IMG_20150724_120716_cell_133.png,Uninfected,112,106,RGB,0,0,0,0.14154883,False,11872,Q1 (smallest),0.8584512,0.8-0.9
/kaggle/input/cell-images-for-detecting-malaria/cell_images/Parasitized/C78P39ThinF_IMG_20150606_104426_cell_150.png,Parasitized,109,115,RGB,1,1,1,0.9995871,False,12535,Q1 (smallest),0.9995871,0.9-1.0
/kaggle/input/cell-images-for-detecting-malaria/cell_images/Parasitized/C137P98ThinF_IMG_20151005_163901_cell_82.png,Parasitized,124,127,RGB,1,1,1,0.79365885,False,15748,Q2,0.79365885,0.7-0.8
/kaggle/input/cell-images-for-detecting-malaria/cell_images/Uninfected/C151P112ThinF_IMG_20151115_121942_cell_98.png,Uninfected,136,130,RGB,0,0,0,0.00023602573,False,17680,Q3,0.99976397,0.9-1.0
/kaggle/input/cell-images-for-detecting-malaria/cell_images/Uninfected/C207ThinF_IMG_20151029_144033_cell_81.png,Uninfected,139,136,RGB,0,0,0,0.0004543605,False,18904,Q3,0.99954563,0.9-1.0
/kaggle/input/cell-images-for-detecting-malaria/cell_images/Uninfected/C84P45ThinF_IMG_20150818_104156_cell_50.png,Uninfected,127,127,RGB,0,0,0,0.0049724625,False,16129,Q2,0.99502754,0.9-1.0
/kaggle/input/cell-images-for-detecting-malaria/cell_images/Uninfected/C4thin_original_IMG_20150608_165620_cell_195.png,Uninfected,145,148,RGB,0,0,0,0.040063065,False,21460,Q4 (largest),0.9599369,0.9-1.0
/kaggle/input/cell-images-for-detecting-malaria/cell_images/Parasitized/C180P141NThinF_IMG_20151201_163702_cell_200.png,Parasitized,136,130,RGB,1,1,1,0.9694262,False,17680,Q3,0.9694262,0.9-1.0
/kaggle/input/cell-images-for-detecting-malaria/cell_images/Uninfected/C99P60ThinF_IMG_20150918_141129_cell_38.png,Uninfected,148,142,RGB,0,0,0,0.0008206989,False,21016,Q4 (largest),0.9991793,0.9-1.0
/kaggle/input/cell-images-for-detecting-malaria/cell_images/Uninfected/C152P113ThinF_IMG_20151115_124217_cell_103.png,Uninfected,127,127,RGB,0,0,0,0.005780098,False,16129,Q2,0.9942199,0.9-1.0
/kaggle/input/cell-images-for-detecting-malaria/cell_images/Uninfected/C236ThinF_IMG_20151127_102546_cell_32.png,Uninfected,112,115,RGB,0,0,0,0.0009912282,False,12880,Q1 (smallest),0.9990088,0.9-1.0
/kaggle/input/cell-images-for-detecting-malaria/cell_images/Uninfected/C6NThinF_IMG_20150609_122327_cell_80.png,Uninfected,136,130,RGB,0,0,0,0.10044098,False,17680,Q3,0.899559,0.8-0.9
/kaggle/input/cell-images-for-detecting-malaria/cell_images/Uninfected/C4thin_original_IMG_20150608_165620_cell_207.png,Uninfected,136,121,RGB,0,0,0,0.0015874361,False,16456,Q2,0.99841255,0.9-1.0
/kaggle/input/cell-images-for-detecting-malaria/cell_images/Parasitized/C134P95ThinF_IMG_20151005_121656_cell_105.png,Parasitized,118,145,RGB,1,1,1,0.99767596,False,17110,Q2,0.99767596,0.9-1.0
/kaggle/input/cell-images-for-detecting-malaria/cell_images/Parasitized/C116P77ThinF_IMG_20150930_171448_cell_83.png,Parasitized,130,133,RGB,1,1,1,0.5329585,False,17290,Q2,0.5329585,0.5-0.6
/kaggle/input/cell-images-for-detecting-malaria/cell_images/Parasitized/C184P145ThinF_IMG_20151203_104153_cell_147.png,Parasitized,136,136,RGB,1,1,1,0.9971828,False,18496,Q3,0.9971828,0.9-1.0
/kaggle/input/cell-images-for-detecting-malaria/cell_images/Parasitized/C133P94ThinF_IMG_20151004_154351_cell_100.png,Parasitized,103,109,RGB,1,1,1,0.9999682,False,11227,Q1 (smallest),0.9999682,0.9-1.0
/kaggle/input/cell-images-for-detecting-malaria/cell_images/Parasitized/C91P52ThinF_IMG_20150821_124739_cell_196.png,Parasitized,253,241,RGB,1,1,1,0.97758067,False,60973,Q4 (largest),0.97758067,0.9-1.0
/kaggle/input/cell-images-for-detecting-malaria/cell_images/Uninfected/C220ThinF_IMG_20151106_154016_cell_69.png,Uninfected,130,115,RGB,0,0,0,0.0015236434,False,14950,Q2,0.9984764,0.9-1.0
/kaggle/input/cell-images-for-detecting-malaria/cell_images/Uninfected/C130P91ThinF_IMG_20151004_141341_cell_112.png,Uninfected,139,145,RGB,0,0,0,0.0015853561,False,20155,Q3,0.99841464,0.9-1.0
/kaggle/input/cell-images-for-detecting-malaria/cell_images/Parasitized/C188P149ThinF_IMG_20151203_134419_cell_197.png,Parasitized,124,142,RGB,1,1,1,0.9206564,False,17608,Q3,0.9206564,0.9-1.0
/kaggle/input/cell-images-for-detecting-malaria/cell_images/Uninfected/C67P28N_ThinF_IMG_20150819_132441_cell_114.png,Uninfected,130,148,RGB,0,0,0,0.004296578,False,19240,Q3,0.9957034,0.9-1.0
/kaggle/input/cell-images-for-detecting-malaria/cell_images/Parasitized/C136P97ThinF_IMG_20151005_142627_cell_5.png,Parasitized,130,130,RGB,1,1,1,0.9998652,False,16900,Q2,0.9998652,0.9-1.0
/kaggle/input/cell-images-for-detecting-malaria/cell_images/Parasitized/C174P135NThinF_IMG_20151127_135512_cell_182.png,Parasitized,121,118,RGB,1,1,1,0.98960704,False,14278,Q1 (smallest),0.98960704,0.9-1.0
/kaggle/input/cell-images-for-detecting-malaria/cell_images/Uninfected/C106P67ThinF_IMG_20150924_102413_cell_85.png,Uninfected,151,154,RGB,0,0,0,0.0024381473,False,23254,Q4 (largest),0.9975619,0.9-1.0
/kaggle/input/cell-images-for-detecting-malaria/cell_images/Parasitized/C189P150ThinF_IMG_20151203_140902_cell_112.png,Parasitized,139,106,RGB,1,1,1,0.9986364,False,14734,Q1 (smallest),0.9986364,0.9-1.0
/kaggle/input/cell-images-for-detecting-malaria/cell_images/Parasitized/C118P79ThinF_IMG_20151002_110942_cell_3.png,Parasitized,127,121,RGB,1,1,1,0.9997321,False,15367,Q2,0.9997321,0.9-1.0
/kaggle/input/cell-images-for-detecting-malaria/cell_images/Uninfected/C121P82ThinF_IMG_20151002_135054_cell_75.png,Uninfected,139,136,RGB,0,0,0,0.0033614323,False,18904,Q3,0.9966386,0.9-1.0
/kaggle/input/cell-images-for-detecting-malaria/cell_images/Parasitized/C189P150ThinF_IMG_20151203_141110_cell_76.png,Parasitized,124,97,RGB,1,1,1,0.99529004,False,12028,Q1 (smallest),0.99529004,0.9-1.0
/kaggle/input/cell-images-for-detecting-malaria/cell_images/Parasitized/C167P128ReThinF_IMG_20151201_110011_cell_228.png,Parasitized,166,133,RGB,1,1,1,0.99137235,False,22078,Q4 (largest),0.99137235,0.9-1.0
/kaggle/input/cell-images-for-detecting-malaria/cell_images/Uninfected/C102P63ThinF_IMG_20150918_162300_cell_111.png,Uninfected,118,160,RGB,0,0,0,0.08241508,False,18880,Q3,0.9175849,0.9-1.0
/kaggle/input/cell-images-for-detecting-malaria/cell_images/Uninfected/C188P149ThinF_IMG_20151203_135433_cell_2.png,Uninfected,133,121,RGB,0,0,0,0.0004732343,False,16093,Q2,0.99952674,0.9-1.0
/kaggle/input/cell-images-for-detecting-malaria/cell_images/Uninfected/C123P84ThinF_IMG_20151002_151143_cell_153.png,Uninfected,127,124,RGB,0,0,0,0.003019495,False,15748,Q2,0.9969805,0.9-1.0
/kaggle/input/cell-images-for-detecting-malaria/cell_images/Uninfected/C232ThinF_IMG_20151112_154719_cell_26.png,Uninfected,118,118,RGB,0,0,0,0.0002706386,False,13924,Q1 (smallest),0.99972934,0.9-1.0
/kaggle/input/cell-images-for-detecting-malaria/cell_images/Uninfected/C85P46ThinF_IMG_20150820_110040_cell_157.png,Uninfected,136,136,RGB,0,0,0,0.021241793,False,18496,Q3,0.9787582,0.9-1.0
/kaggle/input/cell-images-for-detecting-malaria/cell_images/Uninfected/C158P119ThinF_IMG_20151115_181035_cell_26.png,Uninfected,124,121,RGB,0,0,0,0.0027353445,False,15004,Q2,0.9972647,0.9-1.0
/kaggle/input/cell-images-for-detecting-malaria/cell_images/Parasitized/C116P77ThinF_IMG_20150930_171844_cell_119.png,Parasitized,127,112,RGB,1,1,1,0.98596984,False,14224,Q1 (smallest),0.98596984,0.9-1.0
/kaggle/input/cell-images-for-detecting-malaria/cell_images/Uninfected/C149P110ThinF_IMG_20151115_114910_cell_270.png,Uninfected,118,136,RGB,0,0,0,0.021197299,False,16048,Q2,0.9788027,0.9-1.0
/kaggle/input/cell-images-for-detecting-malaria/cell_images/Uninfected/C38P3thinF_original_IMG_20150621_112246_cell_123.png,Uninfected,124,151,RGB,0,0,0,0.00671345,False,18724,Q3,0.99328655,0.9-1.0
/kaggle/input/cell-images-for-detecting-malaria/cell_images/Uninfected/C150P111ThinF_IMG_20151115_120029_cell_48.png,Uninfected,127,124,RGB,0,0,0,0.00012619437,False,15748,Q2,0.9998738,0.9-1.0
/kaggle/input/cell-images-for-detecting-malaria/cell_images/Parasitized/C33P1thinF_IMG_20150619_121229a_cell_179.png,Parasitized,109,115,RGB,1,1,1,0.9903966,False,12535,Q1 (smallest),0.9903966,0.9-1.0
/kaggle/input/cell-images-for-detecting-malaria/cell_images/Parasitized/C118P79ThinF_IMG_20151002_110834_cell_150.png,Parasitized,148,145,RGB,1,1,1,0.98201495,False,21460,Q4 (largest),0.98201495,0.9-1.0
/kaggle/input/cell-images-for-detecting-malaria/cell_images/Parasitized/C45P6ThinF_IMG_20151130_154725_cell_183.png,Parasitized,121,136,RGB,1,1,1,0.80251706,False,16456,Q2,0.80251706,0.8-0.9
/kaggle/input/cell-images-for-detecting-malaria/cell_images/Uninfected/C118P79ThinF_IMG_20151002_105827_cell_96.png,Uninfected,145,160,RGB,0,0,0,0.0022635637,False,23200,Q4 (largest),0.99773645,0.9-1.0
/kaggle/input/cell-images-for-detecting-malaria/cell_images/Uninfected/C77P38ThinF_IMG_20150602_112011_cell_10.png,Uninfected,145,145,RGB,0,0,0,0.0074886717,False,21025,Q4 (largest),0.99251133,0.9-1.0
/kaggle/input/cell-images-for-detecting-malaria/cell_images/Uninfected/C111P72ThinF_IMG_20150930_113003_cell_41.png,Uninfected,151,142,RGB,0,0,0,0.0013065316,False,21442,Q4 (largest),0.99869347,0.9-1.0
/kaggle/input/cell-images-for-detecting-malaria/cell_images/Uninfected/C102P63ThinF_IMG_20150918_162155_cell_51.png,Uninfected,124,151,RGB,0,0,0,0.11710215,False,18724,Q3,0.88289785,0.8-0.9
/kaggle/input/cell-images-for-detecting-malaria/cell_images/Uninfected/C236ThinF_IMG_20151127_102115_cell_239.png,Uninfected,130,121,RGB,0,0,0,0.002261924,False,15730,Q2,0.99773806,0.9-1.0
/kaggle/input/cell-images-for-detecting-malaria/cell_images/Uninfected/C80P41ThinF_IMG_20150817_111544_cell_16.png,Uninfected,136,169,RGB,0,0,0,0.17612687,False,22984,Q4 (largest),0.82387316,0.8-0.9
/kaggle/input/cell-images-for-detecting-malaria/cell_images/Uninfected/C212ThinF_IMG_20151106_110230_cell_96.png,Uninfected,124,124,RGB,0,0,0,0.000188127,False,15376,Q2,0.9998119,0.9-1.0
/kaggle/input/cell-images-for-detecting-malaria/cell_images/Parasitized/C48P9thinF_IMG_20150721_160406_cell_218.png,Parasitized,127,124,RGB,1,1,1,0.9849219,False,15748,Q2,0.9849219,0.9-1.0
/kaggle/input/cell-images-for-detecting-malaria/cell_images/Uninfected/C111P72ThinF_IMG_20150930_113610_cell_196.png,Uninfected,145,142,RGB,0,0,0,0.0018154805,False,20590,Q4 (largest),0.9981845,0.9-1.0
/kaggle/input/cell-images-for-detecting-malaria/cell_images/Parasitized/C132P93ThinF_IMG_20151004_151811_cell_161.png,Parasitized,118,142,RGB,1,1,1,0.9994123,False,16756,Q2,0.9994123,0.9-1.0
/kaggle/input/cell-images-for-detecting-malaria/cell_images/Uninfected/C68P29N_ThinF_IMG_20150819_133236_cell_60.png,Uninfected,148,115,RGB,0,0,0,0.02578495,False,17020,Q2,0.97421503,0.9-1.0
/kaggle/input/cell-images-for-detecting-malaria/cell_images/Uninfected/C146P107ThinF_IMG_20151018_134554_cell_2.png,Uninfected,127,115,RGB,0,0,0,0.06597688,False,14605,Q1 (smallest),0.93402314,0.9-1.0
/kaggle/input/cell-images-for-detecting-malaria/cell_images/Uninfected/C127P88ThinF_IMG_20151004_112418_cell_9.png,Uninfected,142,118,RGB,0,0,0,0.007981048,False,16756,Q2,0.99201894,0.9-1.0
/kaggle/input/cell-images-for-detecting-malaria/cell_images/Uninfected/C42P5thin_original_IMG_20150623_134919_cell_100.png,Uninfected,145,112,RGB,0,0,0,0.0069877226,False,16240,Q2,0.99301225,0.9-1.0
/kaggle/input/cell-images-for-detecting-malaria/cell_images/Uninfected/C49P10thinF_IMG_20150724_102843_cell_84.png,Uninfected,139,130,RGB,0,0,0,0.08329357,False,18070,Q3,0.91670644,0.9-1.0
/kaggle/input/cell-images-for-detecting-malaria/cell_images/Parasitized/C180P141NThinF_IMG_20151201_164714_cell_189.png,Parasitized,118,133,RGB,1,1,1,0.9999808,False,15694,Q2,0.9999808,0.9-1.0
/kaggle/input/cell-images-for-detecting-malaria/cell_images/Parasitized/C117P78ThinF_IMG_20150930_220616_cell_94.png,Parasitized,130,145,RGB,1,1,0,0.34614888,True,18850,Q3,0.65385115,0.6-0.7
/kaggle/input/cell-images-for-detecting-malaria/cell_images/Parasitized/C100P61ThinF_IMG_20150918_145042_cell_167.png,Parasitized,127,118,RGB,1,1,1,0.99841464,False,14986,Q2,0.99841464,0.9-1.0
/kaggle/input/cell-images-for-detecting-malaria/cell_images/Uninfected/C161P122ThinF_IMG_20151116_101126_cell_67.png,Uninfected,103,109,RGB,0,0,0,0.011355637,False,11227,Q1 (smallest),0.98864436,0.9-1.0
/kaggle/input/cell-images-for-detecting-malaria/cell_images/Parasitized/C91P52ThinF_IMG_20150821_123314_cell_195.png,Parasitized,139,145,RGB,1,1,1,0.9070632,False,20155,Q3,0.9070632,0.9-1.0
/kaggle/input/cell-images-for-detecting-malaria/cell_images/Parasitized/C186P147NThinF_IMG_20151203_150322_cell_174.png,Parasitized,133,124,RGB,1,1,1,0.9999192,False,16492,Q2,0.9999192,0.9-1.0
/kaggle/input/cell-images-for-detecting-malaria/cell_images/Uninfected/C94P55ThinF_IMG_20150821_170021_cell_112.png,Uninfected,130,130,RGB,0,0,0,0.0023817613,False,16900,Q2,0.99761826,0.9-1.0
/kaggle/input/cell-images-for-detecting-malaria/cell_images/Uninfected/C149P110ThinF_IMG_20151115_114729_cell_76.png,Uninfected,142,133,RGB,0,0,0,0.0051064445,False,18886,Q3,0.99489355,0.9-1.0
/kaggle/input/cell-images-for-detecting-malaria/cell_images/Parasitized/C118P79ThinF_IMG_20151002_110942_cell_19.png,Parasitized,130,148,RGB,1,1,1,0.99972457,False,19240,Q3,0.99972457,0.9-1.0
/kaggle/input/cell-images-for-detecting-malaria/cell_images/Uninfected/C136P97ThinF_IMG_20151005_140538_cell_73.png,Uninfected,133,160,RGB,0,0,0,0.02273486,False,21280,Q4 (largest),0.9772651,0.9-1.0
/kaggle/input/cell-images-for-detecting-malaria/cell_images/Parasitized/C180P141NThinF_IMG_20151201_165659_cell_13.png,Parasitized,133,124,RGB,1,1,1,0.9778136,False,16492,Q2,0.9778136,0.9-1.0
/kaggle/input/cell-images-for-detecting-malaria/cell_images/Uninfected/C149P110ThinF_IMG_20151115_114555_cell_212.png,Uninfected,133,136,RGB,0,0,0,0.012060664,False,18088,Q3,0.98793936,0.9-1.0
/kaggle/input/cell-images-for-detecting-malaria/cell_images/Parasitized/C132P93ThinF_IMG_20151004_151941_cell_24.png,Parasitized,112,115,RGB,1,1,1,0.99981284,False,12880,Q1 (smallest),0.99981284,0.9-1.0
/kaggle/input/cell-images-for-detecting-malaria/cell_images/Parasitized/C183P144NThinF_IMG_20151201_223431_cell_103.png,Parasitized,124,127,RGB,1,1,1,0.99939144,False,15748,Q2,0.99939144,0.9-1.0
/kaggle/input/cell-images-for-detecting-malaria/cell_images/Uninfected/C46P7ThinF_IMG_20151130_210309_cell_33.png,Uninfected,163,133,RGB,0,0,0,0.013472794,False,21679,Q4 (largest),0.9865272,0.9-1.0
/kaggle/input/cell-images-for-detecting-malaria/cell_images/Parasitized/C68P29N_ThinF_IMG_20150819_134112_cell_110.png,Parasitized,115,139,RGB,1,1,1,0.9999993,False,15985,Q2,0.9999993,0.9-1.0
/kaggle/input/cell-images-for-detecting-malaria/cell_images/Uninfected/C102P63ThinF_IMG_20150918_161508_cell_172.png,Uninfected,157,166,RGB,0,0,0,0.021602212,False,26062,Q4 (largest),0.9783978,0.9-1.0
/kaggle/input/cell-images-for-detecting-malaria/cell_images/Parasitized/C118P79ThinF_IMG_20151002_105018_cell_159.png,Parasitized,130,145,RGB,1,1,1,0.9997735,False,18850,Q3,0.9997735,0.9-1.0
/kaggle/input/cell-images-for-detecting-malaria/cell_images/Uninfected/C78P39ThinF_IMG_20150606_103459_cell_118.png,Uninfected,136,133,RGB,0,0,0,0.012382717,False,18088,Q3,0.98761725,0.9-1.0
/kaggle/input/cell-images-for-detecting-malaria/cell_images/Uninfected/C135P96ThinF_IMG_20151005_123715_cell_17.png,Uninfected,106,115,RGB,0,0,0,0.00517973,False,12190,Q1 (smallest),0.9948203,0.9-1.0
/kaggle/input/cell-images-for-detecting-malaria/cell_images/Parasitized/C39P4thinF_original_IMG_20150622_111942_cell_16.png,Parasitized,130,145,RGB,1,1,1,0.96158415,False,18850,Q3,0.96158415,0.9-1.0
/kaggle/input/cell-images-for-detecting-malaria/cell_images/Uninfected/C140P101ThinF_IMG_20151005_211530_cell_59.png,Uninfected,130,130,RGB,0,0,0,0.0019483087,False,16900,Q2,0.9980517,0.9-1.0
/kaggle/input/cell-images-for-detecting-malaria/cell_images/Parasitized/C45P6ThinF_IMG_20151130_154725_cell_185.png,Parasitized,121,124,RGB,1,1,1,0.9952808,False,15004,Q2,0.9952808,0.9-1.0
/kaggle/input/cell-images-for-detecting-malaria/cell_images/Uninfected/C164P125ThinF_IMG_20151116_115112_cell_102.png,Uninfected,118,109,RGB,0,0,0,0.039527725,False,12862,Q1 (smallest),0.9604723,0.9-1.0
/kaggle/input/cell-images-for-detecting-malaria/cell_images/Parasitized/C105P66ThinF_IMG_20150924_095716_cell_114.png,Parasitized,145,166,RGB,1,1,1,0.96539724,False,24070,Q4 (largest),0.96539724,0.9-1.0
/kaggle/input/cell-images-for-detecting-malaria/cell_images/Uninfected/C159P120ThinF_IMG_20151115_190642_cell_18.png,Uninfected,103,82,RGB,0,0,0,0.037839476,False,8446,Q1 (smallest),0.9621605,0.9-1.0
/kaggle/input/cell-images-for-detecting-malaria/cell_images/Uninfected/C54P15thinF_IMG_20150728_112832_cell_22.png,Uninfected,145,136,RGB,0,0,0,0.014047161,False,19720,Q3,0.98595285,0.9-1.0
/kaggle/input/cell-images-for-detecting-malaria/cell_images/Parasitized/C60P21thinF_IMG_20150804_105034_cell_112.png,Parasitized,136,154,RGB,1,1,1,0.9983565,False,20944,Q4 (largest),0.9983565,0.9-1.0
/kaggle/input/cell-images-for-detecting-malaria/cell_images/Parasitized/C179P140ThinF_IMG_20151127_153453_cell_173.png,Parasitized,112,115,RGB,1,1,1,0.6154826,False,12880,Q1 (smallest),0.6154826,0.6-0.7
/kaggle/input/cell-images-for-detecting-malaria/cell_images/Parasitized/C113P74ThinF_IMG_20150930_134751_cell_174.png,Parasitized,151,130,RGB,1,1,1,0.97044736,False,19630,Q3,0.97044736,0.9-1.0
/kaggle/input/cell-images-for-detecting-malaria/cell_images/Uninfected/C143P104ThinF_IMG_20151005_230100_cell_134.png,Uninfected,118,142,RGB,0,0,0,0.004396693,False,16756,Q2,0.9956033,0.9-1.0
/kaggle/input/cell-images-for-detecting-malaria/cell_images/Parasitized/C82P43ThinF_IMG_20150817_123824_cell_180.png,Parasitized,151,127,RGB,1,1,1,0.8325556,False,19177,Q3,0.8325556,0.8-0.9
/kaggle/input/cell-images-for-detecting-malaria/cell_images/Uninfected/C13NThinF_IMG_20150614_131553_cell_102.png,Uninfected,100,133,RGB,0,0,0,0.016403887,False,13300,Q1 (smallest),0.9835961,0.9-1.0
/kaggle/input/cell-images-for-detecting-malaria/cell_images/Uninfected/C119P80ThinF_IMG_20151002_124304_cell_138.png,Uninfected,130,109,RGB,0,0,0,0.0048987856,False,14170,Q1 (smallest),0.9951012,0.9-1.0
/kaggle/input/cell-images-for-detecting-malaria/cell_images/Parasitized/C137P98ThinF_IMG_20151005_163218_cell_90.png,Parasitized,124,157,RGB,1,1,1,0.95566916,False,19468,Q3,0.95566916,0.9-1.0
/kaggle/input/cell-images-for-detecting-malaria/cell_images/Parasitized/C172P133ThinF_IMG_20151119_155343_cell_269.png,Parasitized,139,151,RGB,1,1,1,0.98544747,False,20989,Q4 (largest),0.98544747,0.9-1.0
/kaggle/input/cell-images-for-detecting-malaria/cell_images/Uninfected/C101P62ThinF_IMG_20150918_151335_cell_38.png,Uninfected,109,130,RGB,0,0,0,0.003627346,False,14170,Q1 (smallest),0.99637264,0.9-1.0
/kaggle/input/cell-images-for-detecting-malaria/cell_images/Uninfected/C47P8thin_Original_Motic_IMG_20150714_093512_cell_117.png,Uninfected,127,139,RGB,0,0,0,0.0029265413,False,17653,Q3,0.9970735,0.9-1.0
/kaggle/input/cell-images-for-detecting-malaria/cell_images/Parasitized/C59P20thinF_IMG_20150803_112802_cell_195.png,Parasitized,127,151,RGB,1,1,1,0.9997854,False,19177,Q3,0.9997854,0.9-1.0
/kaggle/input/cell-images-for-detecting-malaria/cell_images/Uninfected/C153P114ThinF_IMG_20151115_140242_cell_28.png,Uninfected,94,103,RGB,0,0,0,0.0032565906,False,9682,Q1 (smallest),0.9967434,0.9-1.0
/kaggle/input/cell-images-for-detecting-malaria/cell_images/Uninfected/C160P121ThinF_IMG_20151116_094338_cell_125.png,Uninfected,139,130,RGB,0,0,0,0.03519754,False,18070,Q3,0.96480244,0.9-1.0
/kaggle/input/cell-images-for-detecting-malaria/cell_images/Parasitized/C180P141NThinF_IMG_20151201_170021_cell_22.png,Parasitized,142,139,RGB,1,1,1,0.9918372,False,19738,Q3,0.9918372,0.9-1.0
/kaggle/input/cell-images-for-detecting-malaria/cell_images/Parasitized/C56P17thinF_IMG_20150728_160438_cell_121.png,Parasitized,115,106,RGB,1,1,1,0.9803987,False,12190,Q1 (smallest),0.9803987,0.9-1.0
/kaggle/input/cell-images-for-detecting-malaria/cell_images/Parasitized/C99P60ThinF_IMG_20150918_142128_cell_91.png,Parasitized,136,175,RGB,1,1,1,0.6536895,False,23800,Q4 (largest),0.6536895,0.6-0.7
/kaggle/input/cell-images-for-detecting-malaria/cell_images/Uninfected/C142P103ThinF_IMG_20151005_221900_cell_117.png,Uninfected,124,130,RGB,0,0,0,0.013839541,False,16120,Q2,0.98616046,0.9-1.0
/kaggle/input/cell-images-for-detecting-malaria/cell_images/Uninfected/C59P20thinF_IMG_20150803_111333_cell_21.png,Uninfected,142,130,RGB,0,0,0,0.016602447,False,18460,Q3,0.98339754,0.9-1.0
/kaggle/input/cell-images-for-detecting-malaria/cell_images/Parasitized/C59P20thinF_IMG_20150803_113139_cell_53.png,Parasitized,151,130,RGB,1,1,1,0.98790365,False,19630,Q3,0.98790365,0.9-1.0
/kaggle/input/cell-images-for-detecting-malaria/cell_images/Uninfected/C108P69ThinF_IMG_20150924_224909_cell_223.png,Uninfected,118,142,RGB,0,0,0,0.0005903446,False,16756,Q2,0.9994097,0.9-1.0
/kaggle/input/cell-images-for-detecting-malaria/cell_images/Uninfected/C106P67ThinF_IMG_20150924_102245_cell_64.png,Uninfected,151,133,RGB,0,0,0,0.0074563688,False,20083,Q3,0.99254364,0.9-1.0
/kaggle/input/cell-images-for-detecting-malaria/cell_images/Parasitized/C66P27N_ThinF_IMG_20150818_163419_cell_198.png,Parasitized,118,130,RGB,1,1,1,0.9977223,False,15340,Q2,0.9977223,0.9-1.0
/kaggle/input/cell-images-for-detecting-malaria/cell_images/Parasitized/C84P45ThinF_IMG_20150818_102800_cell_11.png,Parasitized,115,124,RGB,1,1,1,0.9986729,False,14260,Q1 (smallest),0.9986729,0.9-1.0
/kaggle/input/cell-images-for-detecting-malaria/cell_images/Parasitized/C82P43ThinF_IMG_20150817_123652_cell_213.png,Parasitized,118,115,RGB,1,1,1,0.9999999,False,13570,Q1 (smallest),0.9999999,0.9-1.0
/kaggle/input/cell-images-for-detecting-malaria/cell_images/Uninfected/C165P126ThinF_IMG_20151117_171006_cell_37.png,Uninfected,136,139,RGB,0,0,0,0.0026294685,False,18904,Q3,0.99737054,0.9-1.0
/kaggle/input/cell-images-for-detecting-malaria/cell_images/Parasitized/C39P4thinF_original_IMG_20150622_113632_cell_34.png,Parasitized,121,124,RGB,1,1,1,0.99890566,False,15004,Q2,0.99890566,0.9-1.0
/kaggle/input/cell-images-for-detecting-malaria/cell_images/Parasitized/C39P4thinF_original_IMG_20150622_113632_cell_17.png,Parasitized,121,118,RGB,1,1,1,0.9993949,False,14278,Q1 (smallest),0.9993949,0.9-1.0
/kaggle/input/cell-images-for-detecting-malaria/cell_images/Uninfected/C66P27N_ThinF_IMG_20150818_164008_cell_58.png,Uninfected,130,121,RGB,0,0,0,0.0023767,False,15730,Q2,0.9976233,0.9-1.0
/kaggle/input/cell-images-for-detecting-malaria/cell_images/Parasitized/C82P43ThinF_IMG_20150817_124010_cell_189.png,Parasitized,115,121,RGB,1,1,1,0.99721634,False,13915,Q1 (smallest),0.99721634,0.9-1.0
/kaggle/input/cell-images-for-detecting-malaria/cell_images/Parasitized/C133P94ThinF_IMG_20151004_154717_cell_138.png,Parasitized,124,124,RGB,1,1,1,0.9974963,False,15376,Q2,0.9974963,0.9-1.0
/kaggle/input/cell-images-for-detecting-malaria/cell_images/Uninfected/C179P140ThinF_IMG_20151127_153420_cell_161.png,Uninfected,106,103,RGB,0,0,0,0.008343811,False,10918,Q1 (smallest),0.9916562,0.9-1.0
/kaggle/input/cell-images-for-detecting-malaria/cell_images/Parasitized/C99P60ThinF_IMG_20150918_141001_cell_96.png,Parasitized,151,142,RGB,1,1,1,0.99773574,False,21442,Q4 (largest),0.99773574,0.9-1.0
/kaggle/input/cell-images-for-detecting-malaria/cell_images/Parasitized/C180P141NThinF_IMG_20151201_165453_cell_15.png,Parasitized,145,169,RGB,1,1,1,0.978983,False,24505,Q4 (largest),0.978983,0.9-1.0
/kaggle/input/cell-images-for-detecting-malaria/cell_images/Parasitized/C91P52ThinF_IMG_20150821_123116_cell_187.png,Parasitized,199,154,RGB,1,1,1,0.989677,False,30646,Q4 (largest),0.989677,0.9-1.0
/kaggle/input/cell-images-for-detecting-malaria/cell_images/Parasitized/C175P136NThinF_IMG_20151127_142326_cell_237.png,Parasitized,160,151,RGB,1,1,1,0.96431834,False,24160,Q4 (largest),0.96431834,0.9-1.0
/kaggle/input/cell-images-for-detecting-malaria/cell_images/Uninfected/C92P53ThinF_IMG_20150821_151646_cell_20.png,Uninfected,151,133,RGB,0,0,0,0.0035663925,False,20083,Q3,0.9964336,0.9-1.0
/kaggle/input/cell-images-for-detecting-malaria/cell_images/Parasitized/C118P79ThinF_IMG_20151002_110942_cell_14.png,Parasitized,142,130,RGB,1,1,1,0.9876523,False,18460,Q3,0.9876523,0.9-1.0
/kaggle/input/cell-images-for-detecting-malaria/cell_images/Parasitized/C137P98ThinF_IMG_20151005_163251_cell_69.png,Parasitized,166,145,RGB,1,1,1,0.9598241,False,24070,Q4 (largest),0.9598241,0.9-1.0
/kaggle/input/cell-images-for-detecting-malaria/cell_images/Parasitized/C93P54ThinF_IMG_20150821_164024_cell_197.png,Parasitized,91,103,RGB,1,1,1,0.55733544,False,9373,Q1 (smallest),0.55733544,0.5-0.6
/kaggle/input/cell-images-for-detecting-malaria/cell_images/Uninfected/C98P59ThinF_IMG_20150917_153600_cell_83.png,Uninfected,142,148,RGB,0,0,0,0.0039253267,False,21016,Q4 (largest),0.9960747,0.9-1.0
/kaggle/input/cell-images-for-detecting-malaria/cell_images/Uninfected/C68P29N_ThinF_IMG_20150819_133350_cell_82.png,Uninfected,145,118,RGB,0,0,0,0.40816477,False,17110,Q2,0.59183526,0.5-0.6
/kaggle/input/cell-images-for-detecting-malaria/cell_images/Parasitized/C80P41ThinF_IMG_20150817_112329_cell_20.png,Parasitized,115,109,RGB,1,1,1,0.9990703,False,12535,Q1 (smallest),0.9990703,0.9-1.0
/kaggle/input/cell-images-for-detecting-malaria/cell_images/Parasitized/C172P133ThinF_IMG_20151119_155307_cell_259.png,Parasitized,115,166,RGB,1,1,1,0.9939137,False,19090,Q3,0.9939137,0.9-1.0
/kaggle/input/cell-images-for-detecting-malaria/cell_images/Uninfected/C170P131ThinF_IMG_20151119_115918_cell_182.png,Uninfected,133,130,RGB,0,0,0,0.0004413417,False,17290,Q2,0.9995587,0.9-1.0
/kaggle/input/cell-images-for-detecting-malaria/cell_images/Uninfected/C173P134NThinF_IMG_20151130_115733_cell_55.png,Uninfected,139,127,RGB,0,0,0,0.010710949,False,17653,Q3,0.98928905,0.9-1.0
/kaggle/input/cell-images-for-detecting-malaria/cell_images/Uninfected/C166P127ThinF_IMG_20151117_194410_cell_49.png,Uninfected,124,136,RGB,0,0,0,0.0067622233,False,16864,Q2,0.9932378,0.9-1.0
/kaggle/input/cell-images-for-detecting-malaria/cell_images/Uninfected/C160P121ThinF_IMG_20151116_093748_cell_101.png,Uninfected,130,130,RGB,0,0,0,0.026654685,False,16900,Q2,0.97334534,0.9-1.0
/kaggle/input/cell-images-for-detecting-malaria/cell_images/Parasitized/C39P4thinF_original_IMG_20150622_111723_cell_85.png,Parasitized,106,115,RGB,1,1,1,0.8665386,False,12190,Q1 (smallest),0.8665386,0.8-0.9
/kaggle/input/cell-images-for-detecting-malaria/cell_images/Uninfected/C162P123ThinF_IMG_20151116_104736_cell_143.png,Uninfected,124,127,RGB,0,0,0,0.028460948,False,15748,Q2,0.9715391,0.9-1.0
/kaggle/input/cell-images-for-detecting-malaria/cell_images/Uninfected/C237ThinF_IMG_20151127_104748_cell_16.png,Uninfected,136,142,RGB,0,0,0,0.0002846254,False,19312,Q3,0.9997154,0.9-1.0
/kaggle/input/cell-images-for-detecting-malaria/cell_images/Parasitized/C116P77ThinF_IMG_20150930_171219_cell_112.png,Parasitized,139,91,RGB,1,1,1,0.97715104,False,12649,Q1 (smallest),0.97715104,0.9-1.0
/kaggle/input/cell-images-for-detecting-malaria/cell_images/Parasitized/C180P141NThinF_IMG_20151201_170021_cell_26.png,Parasitized,136,106,RGB,1,1,1,0.9970078,False,14416,Q1 (smallest),0.9970078,0.9-1.0
/kaggle/input/cell-images-for-detecting-malaria/cell_images/Parasitized/C184P145ThinF_IMG_20151203_104030_cell_2.png,Parasitized,184,88,RGB,1,1,1,0.99707866,False,16192,Q2,0.99707866,0.9-1.0
/kaggle/input/cell-images-for-detecting-malaria/cell_images/Uninfected/C171P132ThinF_IMG_20151119_153851_cell_26.png,Uninfected,118,130,RGB,0,0,0,0.076555535,False,15340,Q2,0.92344445,0.9-1.0
/kaggle/input/cell-images-for-detecting-malaria/cell_images/Parasitized/C101P62ThinF_IMG_20150918_151942_cell_59.png,Parasitized,151,163,RGB,1,1,1,0.99957067,False,24613,Q4 (largest),0.99957067,0.9-1.0
/kaggle/input/cell-images-for-detecting-malaria/cell_images/Uninfected/C120P81ThinF_IMG_20151002_125443_cell_54.png,Uninfected,139,142,RGB,0,0,0,0.0007836624,False,19738,Q3,0.9992163,0.9-1.0
/kaggle/input/cell-images-for-detecting-malaria/cell_images/Parasitized/C116P77ThinF_IMG_20150930_171954_cell_89.png,Parasitized,112,121,RGB,1,1,1,0.99968463,False,13552,Q1 (smallest),0.99968463,0.9-1.0
/kaggle/input/cell-images-for-detecting-malaria/cell_images/Parasitized/C60P21thinF_IMG_20150804_113011_cell_17.png,Parasitized,172,148,RGB,1,1,1,0.7682947,False,25456,Q4 (largest),0.7682947,0.7-0.8
/kaggle/input/cell-images-for-detecting-malaria/cell_images/Uninfected/C225ThinF_IMG_20151112_113803_cell_281.png,Uninfected,145,139,RGB,0,0,0,0.0005393434,False,20155,Q3,0.99946064,0.9-1.0
/kaggle/input/cell-images-for-detecting-malaria/cell_images/Parasitized/C91P52ThinF_IMG_20150821_125423_cell_14.png,Parasitized,184,172,RGB,1,1,1,0.99006236,False,31648,Q4 (largest),0.99006236,0.9-1.0
/kaggle/input/cell-images-for-detecting-malaria/cell_images/Parasitized/C107P68ThinF_IMG_20150924_221632_cell_176.png,Parasitized,139,142,RGB,1,1,1,0.99728763,False,19738,Q3,0.99728763,0.9-1.0
/kaggle/input/cell-images-for-detecting-malaria/cell_images/Parasitized/C133P94ThinF_IMG_20151004_155012_cell_17.png,Parasitized,112,151,RGB,1,1,1,0.9989192,False,16912,Q2,0.9989192,0.9-1.0
/kaggle/input/cell-images-for-detecting-malaria/cell_images/Parasitized/C68P29N_ThinF_IMG_20150819_134712_cell_25.png,Parasitized,121,136,RGB,1,1,1,0.99966997,False,16456,Q2,0.99966997,0.9-1.0
/kaggle/input/cell-images-for-detecting-malaria/cell_images/Parasitized/C99P60ThinF_IMG_20150918_141001_cell_104.png,Parasitized,133,148,RGB,1,1,1,0.9436032,False,19684,Q3,0.9436032,0.9-1.0
/kaggle/input/cell-images-for-detecting-malaria/cell_images/Uninfected/C108P69ThinF_IMG_20150924_224616_cell_14.png,Uninfected,145,139,RGB,0,0,0,0.0021159672,False,20155,Q3,0.99788404,0.9-1.0
/kaggle/input/cell-images-for-detecting-malaria/cell_images/Parasitized/C184P145ThinF_IMG_20151203_103824_cell_118.png,Parasitized,133,130,RGB,1,1,1,0.99994993,False,17290,Q2,0.99994993,0.9-1.0
/kaggle/input/cell-images-for-detecting-malaria/cell_images/Uninfected/C70P31_ThinF_IMG_20150819_142744_cell_41.png,Uninfected,127,130,RGB,0,0,0,0.005582347,False,16510,Q2,0.99441767,0.9-1.0
/kaggle/input/cell-images-for-detecting-malaria/cell_images/Uninfected/C222ThinF_IMG_20151115_150925_cell_214.png,Uninfected,136,139,RGB,0,0,0,0.0011311673,False,18904,Q3,0.9988688,0.9-1.0
/kaggle/input/cell-images-for-detecting-malaria/cell_images/Parasitized/C132P93ThinF_IMG_20151004_153030_cell_8.png,Parasitized,112,142,RGB,1,1,1,0.9998678,False,15904,Q2,0.9998678,0.9-1.0
/kaggle/input/cell-images-for-detecting-malaria/cell_images/Uninfected/C105P66ThinF_IMG_20150924_095034_cell_29.png,Uninfected,160,157,RGB,0,0,0,0.001994184,False,25120,Q4 (largest),0.9980058,0.9-1.0
/kaggle/input/cell-images-for-detecting-malaria/cell_images/Parasitized/C39P4thinF_original_IMG_20150622_111206_cell_93.png,Parasitized,142,142,RGB,1,1,1,0.94360065,False,20164,Q4 (largest),0.94360065,0.9-1.0
/kaggle/input/cell-images-for-detecting-malaria/cell_images/Parasitized/C189P150ThinF_IMG_20151203_141615_cell_89.png,Parasitized,94,106,RGB,1,1,0,0.056485906,True,9964,Q1 (smallest),0.9435141,0.9-1.0
/kaggle/input/cell-images-for-detecting-malaria/cell_images/Parasitized/C93P54ThinF_IMG_20150821_163640_cell_195.png,Parasitized,109,145,RGB,1,1,1,0.6706236,False,15805,Q2,0.6706236,0.6-0.7
/kaggle/input/cell-images-for-detecting-malaria/cell_images/Uninfected/C128P89ThinF_IMG_20151004_131231_cell_96.png,Uninfected,130,130,RGB,0,0,0,0.061680846,False,16900,Q2,0.93831915,0.9-1.0
/kaggle/input/cell-images-for-detecting-malaria/cell_images/Uninfected/C155P116ThinF_IMG_20151115_143051_cell_88.png,Uninfected,121,121,RGB,0,0,0,0.00023231597,False,14641,Q1 (smallest),0.99976766,0.9-1.0
/kaggle/input/cell-images-for-detecting-malaria/cell_images/Parasitized/C101P62ThinF_IMG_20150918_151942_cell_86.png,Parasitized,163,154,RGB,1,1,1,0.99920845,False,25102,Q4 (largest),0.99920845,0.9-1.0
/kaggle/input/cell-images-for-detecting-malaria/cell_images/Parasitized/C159P120ThinF_IMG_20151115_185541_cell_177.png,Parasitized,127,133,RGB,1,1,1,0.9959106,False,16891,Q2,0.9959106,0.9-1.0
/kaggle/input/cell-images-for-detecting-malaria/cell_images/Parasitized/C116P77ThinF_IMG_20150930_171219_cell_108.png,Parasitized,106,157,RGB,1,1,1,0.9949171,False,16642,Q2,0.9949171,0.9-1.0
/kaggle/input/cell-images-for-detecting-malaria/cell_images/Uninfected/C122P83ThinF_IMG_20151002_150207_cell_64.png,Uninfected,112,121,RGB,0,0,0,0.04234489,False,13552,Q1 (smallest),0.95765513,0.9-1.0
/kaggle/input/cell-images-for-detecting-malaria/cell_images/Uninfected/C69P30N_ThinF_IMG_20150819_135613_cell_83.png,Uninfected,142,175,RGB,0,0,0,0.039661363,False,24850,Q4 (largest),0.96033865,0.9-1.0
/kaggle/input/cell-images-for-detecting-malaria/cell_images/Parasitized/C132P93ThinF_IMG_20151004_152045_cell_152.png,Parasitized,115,121,RGB,1,1,1,0.9995428,False,13915,Q1 (smallest),0.9995428,0.9-1.0
/kaggle/input/cell-images-for-detecting-malaria/cell_images/Parasitized/C129P90ThinF_IMG_20151004_133244_cell_101.png,Parasitized,121,136,RGB,1,1,1,0.99990094,False,16456,Q2,0.99990094,0.9-1.0
/kaggle/input/cell-images-for-detecting-malaria/cell_images/Parasitized/C184P145ThinF_IMG_20151203_102405_cell_143.png,Parasitized,130,142,RGB,1,1,1,0.9862005,False,18460,Q3,0.9862005,0.9-1.0
/kaggle/input/cell-images-for-detecting-malaria/cell_images/Uninfected/C145P106ThinF_IMG_20151016_154719_cell_57.png,Uninfected,109,103,RGB,0,0,0,0.07442638,False,11227,Q1 (smallest),0.9255736,0.9-1.0
/kaggle/input/cell-images-for-detecting-malaria/cell_images/Uninfected/C149P110ThinF_IMG_20151115_114729_cell_54.png,Uninfected,115,118,RGB,0,0,0,0.0055620573,False,13570,Q1 (smallest),0.99443793,0.9-1.0
/kaggle/input/cell-images-for-detecting-malaria/cell_images/Parasitized/C118P79ThinF_IMG_20151002_105018_cell_148.png,Parasitized,130,154,RGB,1,1,1,0.99992263,False,20020,Q3,0.99992263,0.9-1.0
/kaggle/input/cell-images-for-detecting-malaria/cell_images/Parasitized/C59P20thinF_IMG_20150803_111244_cell_166.png,Parasitized,148,151,RGB,1,1,1,0.9993245,False,22348,Q4 (largest),0.9993245,0.9-1.0
/kaggle/input/cell-images-for-detecting-malaria/cell_images/Parasitized/C39P4thinF_original_IMG_20150622_105803_cell_99.png,Parasitized,112,124,RGB,1,1,1,0.9980507,False,13888,Q1 (smallest),0.9980507,0.9-1.0
/kaggle/input/cell-images-for-detecting-malaria/cell_images/Parasitized/C182P143NThinF_IMG_20151201_172057_cell_165.png,Parasitized,130,136,RGB,1,1,1,0.99743867,False,17680,Q3,0.99743867,0.9-1.0
/kaggle/input/cell-images-for-detecting-malaria/cell_images/Uninfected/C124P85ThinF_IMG_20151002_154502_cell_42.png,Uninfected,118,121,RGB,0,0,0,0.12135998,False,14278,Q1 (smallest),0.87864,0.8-0.9
/kaggle/input/cell-images-for-detecting-malaria/cell_images/Parasitized/C183P144NThinF_IMG_20151201_223357_cell_150.png,Parasitized,118,127,RGB,1,1,1,0.9990196,False,14986,Q2,0.9990196,0.9-1.0
/kaggle/input/cell-images-for-detecting-malaria/cell_images/Parasitized/C182P143NThinF_IMG_20151201_172216_cell_197.png,Parasitized,133,109,RGB,1,1,1,0.9887784,False,14497,Q1 (smallest),0.9887784,0.9-1.0
/kaggle/input/cell-images-for-detecting-malaria/cell_images/Uninfected/C115P76ThinF_IMG_20150930_162315_cell_105.png,Uninfected,124,142,RGB,0,0,0,0.0040474064,False,17608,Q3,0.9959526,0.9-1.0
/kaggle/input/cell-images-for-detecting-malaria/cell_images/Uninfected/C46P7ThinF_IMG_20151130_205756_cell_51.png,Uninfected,124,112,RGB,0,0,0,0.052384324,False,13888,Q1 (smallest),0.9476157,0.9-1.0
/kaggle/input/cell-images-for-detecting-malaria/cell_images/Uninfected/C225ThinF_IMG_20151112_113915_cell_271.png,Uninfected,112,118,RGB,0,0,0,0.00020394746,False,13216,Q1 (smallest),0.99979603,0.9-1.0
/kaggle/input/cell-images-for-detecting-malaria/cell_images/Uninfected/C119P80ThinF_IMG_20151002_122720_cell_132.png,Uninfected,115,118,RGB,0,0,0,0.0017472326,False,13570,Q1 (smallest),0.99825275,0.9-1.0
/kaggle/input/cell-images-for-detecting-malaria/cell_images/Parasitized/C129P90ThinF_IMG_20151004_133921_cell_106.png,Parasitized,154,133,RGB,1,1,1,0.96707517,False,20482,Q4 (largest),0.96707517,0.9-1.0
/kaggle/input/cell-images-for-detecting-malaria/cell_images/Uninfected/C205ThinF_IMG_20151106_152003_cell_105.png,Uninfected,127,151,RGB,0,0,0,0.0004705339,False,19177,Q3,0.9995295,0.9-1.0
/kaggle/input/cell-images-for-detecting-malaria/cell_images/Uninfected/C216ThinF_IMG_20151106_134931_cell_42.png,Uninfected,148,154,RGB,0,0,0,0.01422639,False,22792,Q4 (largest),0.9857736,0.9-1.0
/kaggle/input/cell-images-for-detecting-malaria/cell_images/Uninfected/C143P104ThinF_IMG_20151005_225413_cell_35.png,Uninfected,124,130,RGB,0,0,0,0.0017847746,False,16120,Q2,0.9982152,0.9-1.0
/kaggle/input/cell-images-for-detecting-malaria/cell_images/Parasitized/C99P60ThinF_IMG_20150918_141129_cell_114.png,Parasitized,115,136,RGB,1,1,1,0.9924096,False,15640,Q2,0.9924096,0.9-1.0
/kaggle/input/cell-images-for-detecting-malaria/cell_images/Uninfected/C77P38ThinF_IMG_20150602_111510_cell_109.png,Uninfected,124,130,RGB,0,0,0,0.0004298421,False,16120,Q2,0.99957013,0.9-1.0
/kaggle/input/cell-images-for-detecting-malaria/cell_images/Parasitized/C132P93ThinF_IMG_20151004_152045_cell_138.png,Parasitized,157,121,RGB,1,1,1,0.9997664,False,18997,Q3,0.9997664,0.9-1.0
/kaggle/input/cell-images-for-detecting-malaria/cell_images/Parasitized/C99P60ThinF_IMG_20150918_142334_cell_6.png,Parasitized,160,157,RGB,1,1,0,0.059827294,True,25120,Q4 (largest),0.94017273,0.9-1.0
/kaggle/input/cell-images-for-detecting-malaria/cell_images/Parasitized/C80P41ThinF_IMG_20150817_110348_cell_122.png,Parasitized,127,154,RGB,1,1,1,0.9996974,False,19558,Q3,0.9996974,0.9-1.0
/kaggle/input/cell-images-for-detecting-malaria/cell_images/Parasitized/C180P141NThinF_IMG_20151201_163751_cell_152.png,Parasitized,121,139,RGB,1,1,1,0.99989057,False,16819,Q2,0.99989057,0.9-1.0
/kaggle/input/cell-images-for-detecting-malaria/cell_images/Uninfected/C204ThinF_IMG_20151029_110834_cell_97.png,Uninfected,109,106,RGB,0,0,0,0.023489906,False,11554,Q1 (smallest),0.9765101,0.9-1.0
/kaggle/input/cell-images-for-detecting-malaria/cell_images/Parasitized/C93P54ThinF_IMG_20150821_162901_cell_195.png,Parasitized,139,133,RGB,1,1,1,0.9998379,False,18487,Q3,0.9998379,0.9-1.0
/kaggle/input/cell-images-for-detecting-malaria/cell_images/Parasitized/C137P98ThinF_IMG_20151005_163251_cell_63.png,Parasitized,139,118,RGB,1,1,1,0.99883777,False,16402,Q2,0.99883777,0.9-1.0
/kaggle/input/cell-images-for-detecting-malaria/cell_images/Uninfected/C160P121ThinF_IMG_20151116_092925_cell_35.png,Uninfected,115,127,RGB,0,0,0,0.08157974,False,14605,Q1 (smallest),0.91842026,0.9-1.0
/kaggle/input/cell-images-for-detecting-malaria/cell_images/Uninfected/C173P134NThinF_IMG_20151130_125501_cell_161.png,Uninfected,112,109,RGB,0,0,0,0.1130596,False,12208,Q1 (smallest),0.8869404,0.8-0.9
/kaggle/input/cell-images-for-detecting-malaria/cell_images/Uninfected/C104P65ThinF_IMG_20150918_172214_cell_91.png,Uninfected,124,130,RGB,0,0,0,0.0012530031,False,16120,Q2,0.998747,0.9-1.0
/kaggle/input/cell-images-for-detecting-malaria/cell_images/Parasitized/C101P62ThinF_IMG_20150918_151006_cell_83.png,Parasitized,166,136,RGB,1,1,1,0.9220257,False,22576,Q4 (largest),0.9220257,0.9-1.0
/kaggle/input/cell-images-for-detecting-malaria/cell_images/Uninfected/C178P139NThinF_IMG_20151201_155012_cell_143.png,Uninfected,103,160,RGB,0,0,0,0.09423943,False,16480,Q2,0.9057606,0.9-1.0
/kaggle/input/cell-images-for-detecting-malaria/cell_images/Parasitized/C39P4thinF_original_IMG_20150622_113632_cell_1.png,Parasitized,124,175,RGB,1,1,0,0.12944345,True,21700,Q4 (largest),0.87055653,0.8-0.9
/kaggle/input/cell-images-for-detecting-malaria/cell_images/Parasitized/C136P97ThinF_IMG_20151005_140538_cell_118.png,Parasitized,139,115,RGB,1,1,1,0.99933106,False,15985,Q2,0.99933106,0.9-1.0
/kaggle/input/cell-images-for-detecting-malaria/cell_images/Parasitized/C132P93ThinF_IMG_20151004_152505_cell_152.png,Parasitized,106,124,RGB,1,1,1,0.9998981,False,13144,Q1 (smallest),0.9998981,0.9-1.0
/kaggle/input/cell-images-for-detecting-malaria/cell_images/Parasitized/C128P89ThinF_IMG_20151004_131129_cell_147.png,Parasitized,121,145,RGB,1,1,1,0.96538633,False,17545,Q3,0.96538633,0.9-1.0
/kaggle/input/cell-images-for-detecting-malaria/cell_images/Uninfected/C143P104ThinF_IMG_20151005_225528_cell_143.png,Uninfected,133,139,RGB,0,0,0,0.0015512118,False,18487,Q3,0.9984488,0.9-1.0
/kaggle/input/cell-images-for-detecting-malaria/cell_images/Uninfected/C77P38ThinF_IMG_20150602_112011_cell_38.png,Uninfected,154,160,RGB,0,0,0,0.16097902,False,24640,Q4 (largest),0.83902097,0.8-0.9
/kaggle/input/cell-images-for-detecting-malaria/cell_images/Uninfected/C54P15thinF_IMG_20150728_113006_cell_49.png,Uninfected,103,97,RGB,0,0,0,0.03955959,False,9991,Q1 (smallest),0.9604404,0.9-1.0
/kaggle/input/cell-images-for-detecting-malaria/cell_images/Uninfected/C157P118ThinF_IMG_20151115_164141_cell_58.png,Uninfected,121,115,RGB,0,0,0,0.0030354734,False,13915,Q1 (smallest),0.9969645,0.9-1.0
/kaggle/input/cell-images-for-detecting-malaria/cell_images/Uninfected/C39P4thinF_original_IMG_20150622_110435_cell_71.png,Uninfected,127,127,RGB,0,0,0,0.0053218943,False,16129,Q2,0.9946781,0.9-1.0
/kaggle/input/cell-images-for-detecting-malaria/cell_images/Parasitized/C101P62ThinF_IMG_20150923_170246_cell_73.png,Parasitized,148,160,RGB,1,1,1,0.999972,False,23680,Q4 (largest),0.999972,0.9-1.0
/kaggle/input/cell-images-for-detecting-malaria/cell_images/Uninfected/C133P94ThinF_IMG_20151004_154351_cell_58.png,Uninfected,142,139,RGB,0,0,0,0.0018480221,False,19738,Q3,0.99815196,0.9-1.0
/kaggle/input/cell-images-for-detecting-malaria/cell_images/Uninfected/C51AP12thinF_IMG_20150724_154330_cell_10.png,Uninfected,118,133,RGB,0,0,0,0.0062816306,False,15694,Q2,0.9937184,0.9-1.0
/kaggle/input/cell-images-for-detecting-malaria/cell_images/Uninfected/C177P138NThinF_IMG_20151201_144820_cell_100.png,Uninfected,145,103,RGB,0,0,0,0.025741465,False,14935,Q2,0.97425854,0.9-1.0
/kaggle/input/cell-images-for-detecting-malaria/cell_images/Parasitized/C145P106ThinF_IMG_20151016_154309_cell_148.png,Parasitized,109,118,RGB,1,1,1,0.9797549,False,12862,Q1 (smallest),0.9797549,0.9-1.0
/kaggle/input/cell-images-for-detecting-malaria/cell_images/Parasitized/C132P93ThinF_IMG_20151004_152505_cell_157.png,Parasitized,118,118,RGB,1,1,1,0.9999989,False,13924,Q1 (smallest),0.9999989,0.9-1.0
/kaggle/input/cell-images-for-detecting-malaria/cell_images/Uninfected/C163P124ThinF_IMG_20151116_111147_cell_61.png,Uninfected,112,118,RGB,0,0,0,0.021767637,False,13216,Q1 (smallest),0.9782324,0.9-1.0
/kaggle/input/cell-images-for-detecting-malaria/cell_images/Uninfected/C65P26N_ThinF_IMG_20150818_154010_cell_87.png,Uninfected,154,151,RGB,0,0,0,0.0010000065,False,23254,Q4 (largest),0.999,0.9-1.0
/kaggle/input/cell-images-for-detecting-malaria/cell_images/Uninfected/C236ThinF_IMG_20151127_102428_cell_221.png,Uninfected,136,127,RGB,0,0,0,0.00062222703,False,17272,Q2,0.9993778,0.9-1.0
/kaggle/input/cell-images-for-detecting-malaria/cell_images/Uninfected/C172P133ThinF_IMG_20151119_155019_cell_157.png,Uninfected,148,136,RGB,0,0,0,0.08080764,False,20128,Q3,0.9191924,0.9-1.0
/kaggle/input/cell-images-for-detecting-malaria/cell_images/Uninfected/C52P13thinF_IMG_20150725_124830_cell_115.png,Uninfected,136,151,RGB,0,0,0,0.019238053,False,20536,Q4 (largest),0.98076195,0.9-1.0
/kaggle/input/cell-images-for-detecting-malaria/cell_images/Uninfected/C61P22N_ThinF_IMG_20150818_112252_cell_26.png,Uninfected,109,121,RGB,0,0,0,0.12436998,False,13189,Q1 (smallest),0.87563,0.8-0.9
/kaggle/input/cell-images-for-detecting-malaria/cell_images/Uninfected/C45P6ThinF_IMG_20151130_160409_cell_163.png,Uninfected,109,118,RGB,0,0,0,0.093009606,False,12862,Q1 (smallest),0.9069904,0.9-1.0
/kaggle/input/cell-images-for-detecting-malaria/cell_images/Uninfected/C187P148NThinF_IMG_20151203_153713_cell_163.png,Uninfected,127,118,RGB,0,0,0,0.015543744,False,14986,Q2,0.98445624,0.9-1.0
/kaggle/input/cell-images-for-detecting-malaria/cell_images/Parasitized/C148P109ThinF_IMG_20151115_112855_cell_256.png,Parasitized,142,139,RGB,1,1,1,0.9762907,False,19738,Q3,0.9762907,0.9-1.0
/kaggle/input/cell-images-for-detecting-malaria/cell_images/Parasitized/C130P91ThinF_IMG_20151004_142109_cell_137.png,Parasitized,166,145,RGB,1,1,1,0.99838495,False,24070,Q4 (largest),0.99838495,0.9-1.0
/kaggle/input/cell-images-for-detecting-malaria/cell_images/Parasitized/C119P80ThinF_IMG_20151002_123043_cell_155.png,Parasitized,136,154,RGB,1,1,1,0.99535495,False,20944,Q4 (largest),0.99535495,0.9-1.0
/kaggle/input/cell-images-for-detecting-malaria/cell_images/Parasitized/C80P41ThinF_IMG_20150817_111121_cell_141.png,Parasitized,124,142,RGB,1,1,1,0.74972117,False,17608,Q3,0.74972117,0.7-0.8
/kaggle/input/cell-images-for-detecting-malaria/cell_images/Uninfected/C231ThinF_IMG_20151112_153041_cell_51.png,Uninfected,130,139,RGB,0,0,0,0.0003982649,False,18070,Q3,0.9996017,0.9-1.0
/kaggle/input/cell-images-for-detecting-malaria/cell_images/Parasitized/C180P141NThinF_IMG_20151201_165453_cell_46.png,Parasitized,142,148,RGB,1,1,1,0.8536392,False,21016,Q4 (largest),0.8536392,0.8-0.9
/kaggle/input/cell-images-for-detecting-malaria/cell_images/Parasitized/C82P43ThinF_IMG_20150817_124418_cell_158.png,Parasitized,157,121,RGB,1,1,1,0.9999999,False,18997,Q3,0.9999999,0.9-1.0
/kaggle/input/cell-images-for-detecting-malaria/cell_images/Parasitized/C80P41ThinF_IMG_20150817_111802_cell_11.png,Parasitized,130,115,RGB,1,1,1,0.9640546,False,14950,Q2,0.9640546,0.9-1.0
/kaggle/input/cell-images-for-detecting-malaria/cell_images/Parasitized/C179P140ThinF_IMG_20151127_153420_cell_176.png,Parasitized,139,130,RGB,1,1,1,0.995337,False,18070,Q3,0.995337,0.9-1.0
/kaggle/input/cell-images-for-detecting-malaria/cell_images/Parasitized/C68P29N_ThinF_IMG_20150819_133447_cell_171.png,Parasitized,124,115,RGB,1,1,1,0.9999192,False,14260,Q1 (smallest),0.9999192,0.9-1.0
/kaggle/input/cell-images-for-detecting-malaria/cell_images/Parasitized/C152P113ThinF_IMG_20151115_123837_cell_149.png,Parasitized,136,127,RGB,1,1,1,0.9974752,False,17272,Q2,0.9974752,0.9-1.0
/kaggle/input/cell-images-for-detecting-malaria/cell_images/Parasitized/C77P38ThinF_IMG_20150602_112011_cell_126.png,Parasitized,148,148,RGB,1,1,1,0.98938036,False,21904,Q4 (largest),0.98938036,0.9-1.0
/kaggle/input/cell-images-for-detecting-malaria/cell_images/Parasitized/C82P43ThinF_IMG_20150817_124418_cell_172.png,Parasitized,109,133,RGB,1,1,1,0.9999274,False,14497,Q1 (smallest),0.9999274,0.9-1.0
/kaggle/input/cell-images-for-detecting-malaria/cell_images/Uninfected/C204ThinF_IMG_20151029_110627_cell_66.png,Uninfected,121,103,RGB,0,0,0,0.005508242,False,12463,Q1 (smallest),0.99449176,0.9-1.0
/kaggle/input/cell-images-for-detecting-malaria/cell_images/Parasitized/C76P37ThinF_IMG_20150815_171454_cell_252.png,Parasitized,115,121,RGB,1,1,1,0.99980116,False,13915,Q1 (smallest),0.99980116,0.9-1.0
/kaggle/input/cell-images-for-detecting-malaria/cell_images/Uninfected/C207ThinF_IMG_20151029_143952_cell_233.png,Uninfected,118,136,RGB,0,0,0,0.04375772,False,16048,Q2,0.95624226,0.9-1.0
/kaggle/input/cell-images-for-detecting-malaria/cell_images/Uninfected/C179P140ThinF_IMG_20151127_153350_cell_52.png,Uninfected,127,133,RGB,0,0,0,0.00053889037,False,16891,Q2,0.9994611,0.9-1.0
/kaggle/input/cell-images-for-detecting-malaria/cell_images/Parasitized/C184P145ThinF_IMG_20151203_103114_cell_180.png,Parasitized,100,175,RGB,1,1,1,0.99999976,False,17500,Q3,0.99999976,0.9-1.0
/kaggle/input/cell-images-for-detecting-malaria/cell_images/Uninfected/C53P14thinF_IMG_20150726_114439_cell_57.png,Uninfected,148,124,RGB,0,0,0,0.0022086503,False,18352,Q3,0.99779135,0.9-1.0
/kaggle/input/cell-images-for-detecting-malaria/cell_images/Parasitized/C149P110ThinF_IMG_20151115_114555_cell_309.png,Parasitized,142,157,RGB,1,1,1,0.98337126,False,22294,Q4 (largest),0.98337126,0.9-1.0
/kaggle/input/cell-images-for-detecting-malaria/cell_images/Uninfected/C227ThinF_IMG_20151112_135818_cell_144.png,Uninfected,121,118,RGB,0,0,0,0.001068058,False,14278,Q1 (smallest),0.99893194,0.9-1.0
/kaggle/input/cell-images-for-detecting-malaria/cell_images/Parasitized/C99P60ThinF_IMG_20150918_141314_cell_125.png,Parasitized,133,142,RGB,1,1,1,0.996179,False,18886,Q3,0.996179,0.9-1.0
/kaggle/input/cell-images-for-detecting-malaria/cell_images/Parasitized/C101P62ThinF_IMG_20150918_151507_cell_53.png,Parasitized,121,127,RGB,1,1,1,0.99953634,False,15367,Q2,0.99953634,0.9-1.0
/kaggle/input/cell-images-for-detecting-malaria/cell_images/Uninfected/C84P45ThinF_IMG_20150818_102325_cell_49.png,Uninfected,130,112,RGB,0,0,0,0.0014754463,False,14560,Q1 (smallest),0.99852455,0.9-1.0
/kaggle/input/cell-images-for-detecting-malaria/cell_images/Uninfected/C228ThinF_IMG_20151112_142109_cell_208.png,Uninfected,142,151,RGB,0,0,0,0.0034342273,False,21442,Q4 (largest),0.99656576,0.9-1.0
/kaggle/input/cell-images-for-detecting-malaria/cell_images/Parasitized/C140P101ThinF_IMG_20151005_210026_cell_175.png,Parasitized,130,133,RGB,1,1,1,0.998781,False,17290,Q2,0.998781,0.9-1.0
/kaggle/input/cell-images-for-detecting-malaria/cell_images/Parasitized/C116P77ThinF_IMG_20150930_171448_cell_84.png,Parasitized,127,124,RGB,1,1,1,0.56024665,False,15748,Q2,0.56024665,0.5-0.6
/kaggle/input/cell-images-for-detecting-malaria/cell_images/Uninfected/C98P59ThinF_IMG_20150917_153600_cell_130.png,Uninfected,115,115,RGB,0,0,0,0.03392559,False,13225,Q1 (smallest),0.9660744,0.9-1.0
/kaggle/input/cell-images-for-detecting-malaria/cell_images/Parasitized/C90P51ThinF_IMG_20150821_115700_cell_264.png,Parasitized,121,121,RGB,1,1,1,0.9389662,False,14641,Q1 (smallest),0.9389662,0.9-1.0
/kaggle/input/cell-images-for-detecting-malaria/cell_images/Parasitized/C65P26N_ThinF_IMG_20150818_154326_cell_185.png,Parasitized,127,130,RGB,1,1,1,0.99696654,False,16510,Q2,0.99696654,0.9-1.0
/kaggle/input/cell-images-for-detecting-malaria/cell_images/Parasitized/C99P60ThinF_IMG_20150918_142128_cell_82.png,Parasitized,130,136,RGB,1,1,1,0.71744144,False,17680,Q3,0.71744144,0.7-0.8
/kaggle/input/cell-images-for-detecting-malaria/cell_images/Parasitized/C174P135NThinF_IMG_20151127_135554_cell_197.png,Parasitized,121,112,RGB,1,1,0,0.009900032,True,13552,Q1 (smallest),0.99009997,0.9-1.0
/kaggle/input/cell-images-for-detecting-malaria/cell_images/Parasitized/C189P150ThinF_IMG_20151203_141809_cell_88.png,Parasitized,121,109,RGB,1,1,1,0.9998828,False,13189,Q1 (smallest),0.9998828,0.9-1.0
/kaggle/input/cell-images-for-detecting-malaria/cell_images/Parasitized/C184P145ThinF_IMG_20151203_103326_cell_145.png,Parasitized,142,151,RGB,1,1,1,0.9985715,False,21442,Q4 (largest),0.9985715,0.9-1.0
/kaggle/input/cell-images-for-detecting-malaria/cell_images/Parasitized/C149P110ThinF_IMG_20151115_114910_cell_285.png,Parasitized,112,124,RGB,1,1,1,0.9922117,False,13888,Q1 (smallest),0.9922117,0.9-1.0
/kaggle/input/cell-images-for-detecting-malaria/cell_images/Parasitized/C59P20thinF_IMG_20150803_111244_cell_191.png,Parasitized,142,148,RGB,1,1,1,0.99999654,False,21016,Q4 (largest),0.99999654,0.9-1.0
/kaggle/input/cell-images-for-detecting-malaria/cell_images/Parasitized/C133P94ThinF_IMG_20151004_154512_cell_135.png,Parasitized,139,136,RGB,1,1,1,0.9999914,False,18904,Q3,0.9999914,0.9-1.0
/kaggle/input/cell-images-for-detecting-malaria/cell_images/Parasitized/C89P50ThinF_IMG_20150820_162153_cell_195.png,Parasitized,133,169,RGB,1,1,1,0.77608097,False,22477,Q4 (largest),0.77608097,0.7-0.8
/kaggle/input/cell-images-for-detecting-malaria/cell_images/Uninfected/C6NThinF_IMG_20150609_122832_cell_170.png,Uninfected,193,130,RGB,0,0,0,0.072815254,False,25090,Q4 (largest),0.92718476,0.9-1.0
/kaggle/input/cell-images-for-detecting-malaria/cell_images/Parasitized/C63P24N_ThinF_IMG_20150818_143757_cell_173.png,Parasitized,109,88,RGB,1,1,1,0.9995306,False,9592,Q1 (smallest),0.9995306,0.9-1.0
/kaggle/input/cell-images-for-detecting-malaria/cell_images/Parasitized/C137P98ThinF_IMG_20151005_163335_cell_7.png,Parasitized,118,124,RGB,1,1,1,0.97183764,False,14632,Q1 (smallest),0.97183764,0.9-1.0
/kaggle/input/cell-images-for-detecting-malaria/cell_images/Uninfected/C89P50ThinF_IMG_20150820_162153_cell_153.png,Uninfected,148,148,RGB,0,0,1,0.75249046,True,21904,Q4 (largest),0.75249046,0.7-0.8
/kaggle/input/cell-images-for-detecting-malaria/cell_images/Parasitized/C91P52ThinF_IMG_20150821_124739_cell_181.png,Parasitized,214,169,RGB,1,1,1,0.9705469,False,36166,Q4 (largest),0.9705469,0.9-1.0
/kaggle/input/cell-images-for-detecting-malaria/cell_images/Uninfected/C226ThinF_IMG_20151112_131546_cell_29.png,Uninfected,169,112,RGB,0,0,0,0.14229493,False,18928,Q3,0.85770506,0.8-0.9
/kaggle/input/cell-images-for-detecting-malaria/cell_images/Parasitized/C181P142ThinF_IMG_20151127_160514_cell_172.png,Parasitized,115,109,RGB,1,1,1,0.99756986,False,12535,Q1 (smallest),0.99756986,0.9-1.0
/kaggle/input/cell-images-for-detecting-malaria/cell_images/Parasitized/C175P136NThinF_IMG_20151127_141253_cell_240.png,Parasitized,133,136,RGB,1,1,1,0.99889886,False,18088,Q3,0.99889886,0.9-1.0
/kaggle/input/cell-images-for-detecting-malaria/cell_images/Uninfected/C177P138NThinF_IMG_20151201_142942_cell_91.png,Uninfected,109,118,RGB,0,0,0,0.0122877,False,12862,Q1 (smallest),0.9877123,0.9-1.0
/kaggle/input/cell-images-for-detecting-malaria/cell_images/Uninfected/C42P5thin_original_IMG_20150623_134919_cell_95.png,Uninfected,142,148,RGB,0,0,0,0.0021458543,False,21016,Q4 (largest),0.9978542,0.9-1.0
/kaggle/input/cell-images-for-detecting-malaria/cell_images/Uninfected/C150P111ThinF_IMG_20151115_120244_cell_37.png,Uninfected,133,127,RGB,0,0,0,0.0011228401,False,16891,Q2,0.99887717,0.9-1.0
/kaggle/input/cell-images-for-detecting-malaria/cell_images/Uninfected/C185P146ThinF_IMG_20151203_111121_cell_176.png,Uninfected,139,139,RGB,0,0,0,0.016688444,False,19321,Q3,0.98331153,0.9-1.0
/kaggle/input/cell-images-for-detecting-malaria/cell_images/Uninfected/C226ThinF_IMG_20151112_131408_cell_164.png,Uninfected,127,124,RGB,0,0,0,0.00029436214,False,15748,Q2,0.9997056,0.9-1.0
/kaggle/input/cell-images-for-detecting-malaria/cell_images/Uninfected/C60P21thinF_IMG_20150803_144510_cell_20.png,Uninfected,130,160,RGB,0,0,0,0.0063651027,False,20800,Q4 (largest),0.9936349,0.9-1.0
/kaggle/input/cell-images-for-detecting-malaria/cell_images/Uninfected/C107P68ThinF_IMG_20150924_222535_cell_88.png,Uninfected,130,130,RGB,0,0,0,0.0017318611,False,16900,Q2,0.9982681,0.9-1.0
/kaggle/input/cell-images-for-detecting-malaria/cell_images/Parasitized/C119P80ThinF_IMG_20151002_123911_cell_127.png,Parasitized,124,151,RGB,1,1,1,0.9933832,False,18724,Q3,0.9933832,0.9-1.0
/kaggle/input/cell-images-for-detecting-malaria/cell_images/Parasitized/C39P4thinF_original_IMG_20150622_105803_cell_104.png,Parasitized,151,124,RGB,1,1,1,0.68941927,False,18724,Q3,0.68941927,0.6-0.7
/kaggle/input/cell-images-for-detecting-malaria/cell_images/Uninfected/C208ThinF_IMG_20151029_155554_cell_116.png,Uninfected,97,112,RGB,0,0,0,0.0013965329,False,10864,Q1 (smallest),0.99860346,0.9-1.0
/kaggle/input/cell-images-for-detecting-malaria/cell_images/Parasitized/C132P93ThinF_IMG_20151004_151733_cell_160.png,Parasitized,133,139,RGB,1,1,0,0.14805473,True,18487,Q3,0.8519453,0.8-0.9
/kaggle/input/cell-images-for-detecting-malaria/cell_images/Parasitized/C110P71ThinF_IMG_20150930_105319_cell_189.png,Parasitized,127,115,RGB,1,1,1,0.983831,False,14605,Q1 (smallest),0.983831,0.9-1.0
/kaggle/input/cell-images-for-detecting-malaria/cell_images/Uninfected/C135P96ThinF_IMG_20151005_123715_cell_53.png,Uninfected,124,139,RGB,0,0,0,0.002038004,False,17236,Q2,0.997962,0.9-1.0
/kaggle/input/cell-images-for-detecting-malaria/cell_images/Parasitized/C46P7ThinF_IMG_20151130_210938_cell_162.png,Parasitized,127,115,RGB,1,1,1,0.789552,False,14605,Q1 (smallest),0.789552,0.7-0.8
/kaggle/input/cell-images-for-detecting-malaria/cell_images/Uninfected/C236ThinF_IMG_20151127_102428_cell_100.png,Uninfected,133,139,RGB,0,0,0,0.00031863197,False,18487,Q3,0.99968135,0.9-1.0
/kaggle/input/cell-images-for-detecting-malaria/cell_images/Uninfected/C211ThinF_IMG_20151029_164033_cell_52.png,Uninfected,148,127,RGB,0,0,0,0.001138347,False,18796,Q3,0.9988617,0.9-1.0
/kaggle/input/cell-images-for-detecting-malaria/cell_images/Uninfected/C111P72ThinF_IMG_20150930_112827_cell_41.png,Uninfected,136,139,RGB,0,0,0,0.0009132192,False,18904,Q3,0.9990868,0.9-1.0
/kaggle/input/cell-images-for-detecting-malaria/cell_images/Parasitized/C68P29N_ThinF_IMG_20150819_134504_cell_112.png,Parasitized,151,166,RGB,1,1,1,0.99999964,False,25066,Q4 (largest),0.99999964,0.9-1.0
/kaggle/input/cell-images-for-detecting-malaria/cell_images/Uninfected/C68P29N_ThinF_IMG_20150819_134326_cell_28.png,Uninfected,136,151,RGB,0,0,0,0.0033491452,False,20536,Q4 (largest),0.9966509,0.9-1.0
/kaggle/input/cell-images-for-detecting-malaria/cell_images/Uninfected/C82P43ThinF_IMG_20150817_124418_cell_39.png,Uninfected,127,121,RGB,0,0,0,0.0080845095,False,15367,Q2,0.99191546,0.9-1.0
/kaggle/input/cell-images-for-detecting-malaria/cell_images/Uninfected/C102P63ThinF_IMG_20150918_161826_cell_65.png,Uninfected,142,145,RGB,0,0,0,0.03648985,False,20590,Q4 (largest),0.96351016,0.9-1.0
/kaggle/input/cell-images-for-detecting-malaria/cell_images/Parasitized/C84P45ThinF_IMG_20150818_102654_cell_75.png,Parasitized,133,154,RGB,1,1,1,0.99879634,False,20482,Q4 (largest),0.99879634,0.9-1.0
/kaggle/input/cell-images-for-detecting-malaria/cell_images/Uninfected/C98P59ThinF_IMG_20150917_153600_cell_27.png,Uninfected,136,151,RGB,0,0,0,0.001721863,False,20536,Q4 (largest),0.99827814,0.9-1.0
/kaggle/input/cell-images-for-detecting-malaria/cell_images/Uninfected/C95P56ThinF_IMG_20150821_172319_cell_100.png,Uninfected,130,103,RGB,0,0,0,0.00062373927,False,13390,Q1 (smallest),0.99937624,0.9-1.0
/kaggle/input/cell-images-for-detecting-malaria/cell_images/Parasitized/C87P48ThinF_IMG_20150820_144714_cell_200.png,Parasitized,142,166,RGB,1,1,1,0.9999951,False,23572,Q4 (largest),0.9999951,0.9-1.0
/kaggle/input/cell-images-for-detecting-malaria/cell_images/Parasitized/C179P140ThinF_IMG_20151127_153350_cell_183.png,Parasitized,103,106,RGB,1,1,1,0.9999771,False,10918,Q1 (smallest),0.9999771,0.9-1.0
/kaggle/input/cell-images-for-detecting-malaria/cell_images/Parasitized/C136P97ThinF_IMG_20151005_144449_cell_34.png,Parasitized,109,130,RGB,1,1,1,0.9984023,False,14170,Q1 (smallest),0.9984023,0.9-1.0
/kaggle/input/cell-images-for-detecting-malaria/cell_images/Parasitized/C56P17thinF_IMG_20150728_160537_cell_153.png,Parasitized,124,136,RGB,1,1,1,0.9810488,False,16864,Q2,0.9810488,0.9-1.0
/kaggle/input/cell-images-for-detecting-malaria/cell_images/Parasitized/C119P80ThinF_IMG_20151002_124345_cell_142.png,Parasitized,136,124,RGB,1,1,1,0.9988294,False,16864,Q2,0.9988294,0.9-1.0
/kaggle/input/cell-images-for-detecting-malaria/cell_images/Parasitized/C99P60ThinF_IMG_20150918_142334_cell_45.png,Parasitized,127,172,RGB,1,1,1,0.973879,False,21844,Q4 (largest),0.973879,0.9-1.0
/kaggle/input/cell-images-for-detecting-malaria/cell_images/Uninfected/C93P54ThinF_IMG_20150821_162901_cell_30.png,Uninfected,124,115,RGB,0,0,0,0.0023617912,False,14260,Q1 (smallest),0.9976382,0.9-1.0
/kaggle/input/cell-images-for-detecting-malaria/cell_images/Uninfected/C239ThinF_IMG_20151127_113223_cell_173.png,Uninfected,130,127,RGB,0,0,0,0.0005237348,False,16510,Q2,0.99947625,0.9-1.0
/kaggle/input/cell-images-for-detecting-malaria/cell_images/Parasitized/C118P79ThinF_IMG_20151002_110002_cell_26.png,Parasitized,136,151,RGB,1,1,1,0.9994923,False,20536,Q4 (largest),0.9994923,0.9-1.0
/kaggle/input/cell-images-for-detecting-malaria/cell_images/Uninfected/C50P11thinF_IMG_20150724_115749_cell_143.png,Uninfected,115,139,RGB,0,0,0,0.004217296,False,15985,Q2,0.99578273,0.9-1.0
/kaggle/input/cell-images-for-detecting-malaria/cell_images/Parasitized/C175P136NThinF_IMG_20151127_141325_cell_229.png,Parasitized,124,133,RGB,1,1,1,0.94502425,False,16492,Q2,0.94502425,0.9-1.0
/kaggle/input/cell-images-for-detecting-malaria/cell_images/Uninfected/C12NThinF_IMG_20150614_125741_cell_175.png,Uninfected,112,133,RGB,0,0,0,0.0008657479,False,14896,Q2,0.99913424,0.9-1.0
/kaggle/input/cell-images-for-detecting-malaria/cell_images/Uninfected/C171P132ThinF_IMG_20151119_152913_cell_50.png,Uninfected,109,112,RGB,0,0,0,8.138713e-05,False,12208,Q1 (smallest),0.99991864,0.9-1.0
/kaggle/input/cell-images-for-detecting-malaria/cell_images/Parasitized/C182P143NThinF_IMG_20151201_172524_cell_184.png,Parasitized,121,121,RGB,1,1,1,0.99939656,False,14641,Q1 (smallest),0.99939656,0.9-1.0
/kaggle/input/cell-images-for-detecting-malaria/cell_images/Parasitized/C132P93ThinF_IMG_20151004_152257_cell_116.png,Parasitized,121,121,RGB,1,1,1,0.99902403,False,14641,Q1 (smallest),0.99902403,0.9-1.0
/kaggle/input/cell-images-for-detecting-malaria/cell_images/Parasitized/C91P52ThinF_IMG_20150821_124739_cell_198.png,Parasitized,157,208,RGB,1,1,1,0.99520415,False,32656,Q4 (largest),0.99520415,0.9-1.0
/kaggle/input/cell-images-for-detecting-malaria/cell_images/Parasitized/C93P54ThinF_IMG_20150821_164024_cell_204.png,Parasitized,106,127,RGB,1,1,1,0.9921349,False,13462,Q1 (smallest),0.9921349,0.9-1.0
/kaggle/input/cell-images-for-detecting-malaria/cell_images/Uninfected/C52P13thinF_IMG_20150725_123938_cell_70.png,Uninfected,136,160,RGB,0,0,0,0.0074294633,False,21760,Q4 (largest),0.9925705,0.9-1.0
/kaggle/input/cell-images-for-detecting-malaria/cell_images/Uninfected/C54P15thinF_IMG_20150728_105949_cell_126.png,Uninfected,157,163,RGB,0,0,0,0.007489628,False,25591,Q4 (largest),0.9925104,0.9-1.0
/kaggle/input/cell-images-for-detecting-malaria/cell_images/Parasitized/C184P145ThinF_IMG_20151203_103824_cell_140.png,Parasitized,166,124,RGB,1,1,1,0.99968165,False,20584,Q4 (largest),0.99968165,0.9-1.0
/kaggle/input/cell-images-for-detecting-malaria/cell_images/Uninfected/C144P105ThinF_IMG_20151015_160908_cell_210.png,Uninfected,127,127,RGB,0,0,0,0.0006954965,False,16129,Q2,0.99930453,0.9-1.0
/kaggle/input/cell-images-for-detecting-malaria/cell_images/Parasitized/C49P10thinF_IMG_20150724_102330_cell_234.png,Parasitized,145,133,RGB,1,1,1,0.9674385,False,19285,Q3,0.9674385,0.9-1.0
/kaggle/input/cell-images-for-detecting-malaria/cell_images/Parasitized/C180P141NThinF_IMG_20151201_170021_cell_6.png,Parasitized,181,163,RGB,1,1,0,0.13066968,True,29503,Q4 (largest),0.8693303,0.8-0.9
/kaggle/input/cell-images-for-detecting-malaria/cell_images/Parasitized/C68P29N_ThinF_IMG_20150819_134326_cell_159.png,Parasitized,139,139,RGB,1,1,1,0.8261578,False,19321,Q3,0.8261578,0.8-0.9
/kaggle/input/cell-images-for-detecting-malaria/cell_images/Parasitized/C59P20thinF_IMG_20150803_112733_cell_174.png,Parasitized,124,133,RGB,1,1,1,0.9974667,False,16492,Q2,0.9974667,0.9-1.0
/kaggle/input/cell-images-for-detecting-malaria/cell_images/Parasitized/C132P93ThinF_IMG_20151004_152808_cell_31.png,Parasitized,118,133,RGB,1,1,1,0.99948096,False,15694,Q2,0.99948096,0.9-1.0
/kaggle/input/cell-images-for-detecting-malaria/cell_images/Parasitized/C180P141NThinF_IMG_20151201_165453_cell_25.png,Parasitized,127,127,RGB,1,1,1,0.99990547,False,16129,Q2,0.99990547,0.9-1.0
/kaggle/input/cell-images-for-detecting-malaria/cell_images/Parasitized/C99P60ThinF_IMG_20150918_141620_cell_10.png,Parasitized,100,94,RGB,1,1,1,0.99999285,False,9400,Q1 (smallest),0.99999285,0.9-1.0
/kaggle/input/cell-images-for-detecting-malaria/cell_images/Parasitized/C184P145ThinF_IMG_20151203_103326_cell_154.png,Parasitized,136,130,RGB,1,1,1,0.9919741,False,17680,Q3,0.9919741,0.9-1.0
/kaggle/input/cell-images-for-detecting-malaria/cell_images/Uninfected/C37BP2_thinF_IMG_20150620_133238a_cell_64.png,Uninfected,160,136,RGB,0,0,0,0.0011169454,False,21760,Q4 (largest),0.99888307,0.9-1.0
/kaggle/input/cell-images-for-detecting-malaria/cell_images/Uninfected/C74P35_ThinF_IMG_20150815_114401_cell_136.png,Uninfected,124,169,RGB,0,0,0,0.0028418233,False,20956,Q4 (largest),0.99715817,0.9-1.0
/kaggle/input/cell-images-for-detecting-malaria/cell_images/Uninfected/C12NThinF_IMG_20150614_124301_cell_260.png,Uninfected,136,133,RGB,0,0,0,0.00016487934,False,18088,Q3,0.99983513,0.9-1.0
/kaggle/input/cell-images-for-detecting-malaria/cell_images/Uninfected/C147P108ThinF_IMG_20151115_103432_cell_72.png,Uninfected,133,127,RGB,0,0,0,0.006374265,False,16891,Q2,0.99362576,0.9-1.0
/kaggle/input/cell-images-for-detecting-malaria/cell_images/Uninfected/C224ThinF_IMG_20151112_112834_cell_106.png,Uninfected,133,115,RGB,0,0,0,0.00024804627,False,15295,Q2,0.9997519,0.9-1.0
/kaggle/input/cell-images-for-detecting-malaria/cell_images/Parasitized/C45P6ThinF_IMG_20151130_155110_cell_197.png,Parasitized,130,121,RGB,1,1,1,0.97696495,False,15730,Q2,0.97696495,0.9-1.0
/kaggle/input/cell-images-for-detecting-malaria/cell_images/Uninfected/C213ThinF_IMG_20151106_112252_cell_33.png,Uninfected,127,130,RGB,0,0,0,0.0007986025,False,16510,Q2,0.9992014,0.9-1.0
/kaggle/input/cell-images-for-detecting-malaria/cell_images/Uninfected/C48P9thinF_IMG_20150721_161412_cell_42.png,Uninfected,139,172,RGB,0,0,1,0.73314196,True,23908,Q4 (largest),0.73314196,0.7-0.8
/kaggle/input/cell-images-for-detecting-malaria/cell_images/Uninfected/C53P14thinF_IMG_20150726_114606_cell_63.png,Uninfected,127,127,RGB,0,0,0,0.0014404778,False,16129,Q2,0.99855953,0.9-1.0
/kaggle/input/cell-images-for-detecting-malaria/cell_images/Parasitized/C177P138NThinF_IMG_20151201_143704_cell_176.png,Parasitized,124,115,RGB,1,1,1,0.9999144,False,14260,Q1 (smallest),0.9999144,0.9-1.0
/kaggle/input/cell-images-for-detecting-malaria/cell_images/Uninfected/C38P3thinF_original_IMG_20150621_112023_cell_130.png,Uninfected,115,154,RGB,0,0,1,0.55593985,True,17710,Q3,0.55593985,0.5-0.6
/kaggle/input/cell-images-for-detecting-malaria/cell_images/Parasitized/C176P137NThinF_IMG_20151201_121808_cell_126.png,Parasitized,112,133,RGB,1,1,1,0.983346,False,14896,Q2,0.983346,0.9-1.0
/kaggle/input/cell-images-for-detecting-malaria/cell_images/Parasitized/C132P93ThinF_IMG_20151004_153030_cell_20.png,Parasitized,133,121,RGB,1,1,1,0.99990153,False,16093,Q2,0.99990153,0.9-1.0
/kaggle/input/cell-images-for-detecting-malaria/cell_images/Parasitized/C151P112ThinF_IMG_20151115_121725_cell_225.png,Parasitized,136,148,RGB,1,1,0,0.054239944,True,20128,Q3,0.9457601,0.9-1.0
/kaggle/input/cell-images-for-detecting-malaria/cell_images/Uninfected/C100P61ThinF_IMG_20150918_150041_cell_108.png,Uninfected,148,202,RGB,0,0,1,0.52715814,True,29896,Q4 (largest),0.52715814,0.5-0.6
/kaggle/input/cell-images-for-detecting-malaria/cell_images/Uninfected/C137P98ThinF_IMG_20151005_160122_cell_29.png,Uninfected,112,103,RGB,0,0,1,0.999949,True,11536,Q1 (smallest),0.999949,0.9-1.0
/kaggle/input/cell-images-for-detecting-malaria/cell_images/Parasitized/C100P61ThinF_IMG_20150918_145042_cell_165.png,Parasitized,124,97,RGB,1,1,1,0.9213951,False,12028,Q1 (smallest),0.9213951,0.9-1.0
/kaggle/input/cell-images-for-detecting-malaria/cell_images/Uninfected/C113P74ThinF_IMG_20150930_134614_cell_138.png,Uninfected,127,133,RGB,0,0,0,0.10627321,False,16891,Q2,0.89372677,0.8-0.9
/kaggle/input/cell-images-for-detecting-malaria/cell_images/Uninfected/C42P5thin_original_IMG_20150623_134751_cell_164.png,Uninfected,139,133,RGB,0,0,0,0.0034126167,False,18487,Q3,0.9965874,0.9-1.0
/kaggle/input/cell-images-for-detecting-malaria/cell_images/Uninfected/C117P78ThinF_IMG_20150930_214941_cell_25.png,Uninfected,109,82,RGB,0,0,0,0.03009614,False,8938,Q1 (smallest),0.9699039,0.9-1.0
/kaggle/input/cell-images-for-detecting-malaria/cell_images/Uninfected/C48P9thinF_IMG_20150721_161412_cell_52.png,Uninfected,187,196,RGB,0,0,1,0.89777774,True,36652,Q4 (largest),0.89777774,0.8-0.9
/kaggle/input/cell-images-for-detecting-malaria/cell_images/Parasitized/C67P28N_ThinF_IMG_20150819_121456_cell_250.png,Parasitized,160,196,RGB,1,1,1,0.613623,False,31360,Q4 (largest),0.613623,0.6-0.7
/kaggle/input/cell-images-for-detecting-malaria/cell_images/Uninfected/C183P144NThinF_IMG_20151201_222119_cell_82.png,Uninfected,112,103,RGB,0,0,0,0.0005740933,False,11536,Q1 (smallest),0.9994259,0.9-1.0
/kaggle/input/cell-images-for-detecting-malaria/cell_images/Parasitized/C84P45ThinF_IMG_20150818_101056_cell_100.png,Parasitized,91,130,RGB,1,1,1,0.9990076,False,11830,Q1 (smallest),0.9990076,0.9-1.0
/kaggle/input/cell-images-for-detecting-malaria/cell_images/Uninfected/C170P131ThinF_IMG_20151119_120019_cell_11.png,Uninfected,148,142,RGB,0,0,0,0.0013185913,False,21016,Q4 (largest),0.9986814,0.9-1.0
/kaggle/input/cell-images-for-detecting-malaria/cell_images/Parasitized/C129P90ThinF_IMG_20151004_133421_cell_110.png,Parasitized,142,145,RGB,1,1,1,0.99461687,False,20590,Q4 (largest),0.99461687,0.9-1.0
/kaggle/input/cell-images-for-detecting-malaria/cell_images/Parasitized/C137P98ThinF_IMG_20151005_161306_cell_1.png,Parasitized,115,136,RGB,1,1,1,1.0,False,15640,Q2,1.0,0.9-1.0
/kaggle/input/cell-images-for-detecting-malaria/cell_images/Parasitized/C184P145ThinF_IMG_20151203_102405_cell_153.png,Parasitized,145,139,RGB,1,1,1,0.99992263,False,20155,Q3,0.99992263,0.9-1.0
/kaggle/input/cell-images-for-detecting-malaria/cell_images/Parasitized/C141P102ThinF_IMG_20151005_215711_cell_122.png,Parasitized,121,175,RGB,1,1,1,0.9916775,False,21175,Q4 (largest),0.9916775,0.9-1.0
/kaggle/input/cell-images-for-detecting-malaria/cell_images/Uninfected/C1_thinF_IMG_20150604_104722_cell_81.png,Uninfected,157,136,RGB,0,0,0,0.0051093255,False,21352,Q4 (largest),0.9948907,0.9-1.0
/kaggle/input/cell-images-for-detecting-malaria/cell_images/Parasitized/C180P141NThinF_IMG_20151201_165453_cell_49.png,Parasitized,139,157,RGB,1,1,1,0.99992573,False,21823,Q4 (largest),0.99992573,0.9-1.0
/kaggle/input/cell-images-for-detecting-malaria/cell_images/Uninfected/C178P139NThinF_IMG_20151201_153846_cell_101.png,Uninfected,121,139,RGB,0,0,0,0.16048665,False,16819,Q2,0.83951336,0.8-0.9
/kaggle/input/cell-images-for-detecting-malaria/cell_images/Parasitized/C63P24N_ThinF_IMG_20150818_143757_cell_177.png,Parasitized,154,163,RGB,1,1,1,0.99585575,False,25102,Q4 (largest),0.99585575,0.9-1.0
/kaggle/input/cell-images-for-detecting-malaria/cell_images/Parasitized/C39P4thinF_original_IMG_20150622_110352_cell_97.png,Parasitized,145,139,RGB,1,1,1,0.8331859,False,20155,Q3,0.8331859,0.8-0.9
/kaggle/input/cell-images-for-detecting-malaria/cell_images/Uninfected/C237ThinF_IMG_20151127_105345_cell_100.png,Uninfected,199,115,RGB,0,0,0,0.008434961,False,22885,Q4 (largest),0.99156505,0.9-1.0
/kaggle/input/cell-images-for-detecting-malaria/cell_images/Parasitized/C99P60ThinF_IMG_20150918_141129_cell_130.png,Parasitized,148,133,RGB,1,1,1,0.99999714,False,19684,Q3,0.99999714,0.9-1.0
/kaggle/input/cell-images-for-detecting-malaria/cell_images/Uninfected/C164P125ThinF_IMG_20151116_115112_cell_143.png,Uninfected,145,115,RGB,0,0,0,0.0073913587,False,16675,Q2,0.99260867,0.9-1.0
/kaggle/input/cell-images-for-detecting-malaria/cell_images/Parasitized/C180P141NThinF_IMG_20151201_163702_cell_177.png,Parasitized,217,178,RGB,1,1,1,0.85294515,False,38626,Q4 (largest),0.85294515,0.8-0.9
/kaggle/input/cell-images-for-detecting-malaria/cell_images/Uninfected/C159P120ThinF_IMG_20151115_190812_cell_104.png,Uninfected,127,115,RGB,0,0,0,0.0076857964,False,14605,Q1 (smallest),0.9923142,0.9-1.0
/kaggle/input/cell-images-for-detecting-malaria/cell_images/Uninfected/C57P18thinF_IMG_20150729_110134_cell_5.png,Uninfected,142,133,RGB,0,0,0,0.0026551813,False,18886,Q3,0.9973448,0.9-1.0
/kaggle/input/cell-images-for-detecting-malaria/cell_images/Uninfected/C65P26N_ThinF_IMG_20150818_154050_cell_18.png,Uninfected,145,157,RGB,0,0,0,0.0034381922,False,22765,Q4 (largest),0.9965618,0.9-1.0
/kaggle/input/cell-images-for-detecting-malaria/cell_images/Uninfected/C130P91ThinF_IMG_20151004_141428_cell_72.png,Uninfected,133,145,RGB,0,0,0,0.002128111,False,19285,Q3,0.9978719,0.9-1.0
/kaggle/input/cell-images-for-detecting-malaria/cell_images/Parasitized/C39P4thinF_original_IMG_20150622_110435_cell_111.png,Parasitized,145,154,RGB,1,1,1,0.94289744,False,22330,Q4 (largest),0.94289744,0.9-1.0
/kaggle/input/cell-images-for-detecting-malaria/cell_images/Uninfected/C187P148NThinF_IMG_20151203_154200_cell_99.png,Uninfected,142,139,RGB,0,0,0,0.058006965,False,19738,Q3,0.94199306,0.9-1.0
/kaggle/input/cell-images-for-detecting-malaria/cell_images/Parasitized/C137P98ThinF_IMG_20151005_155444_cell_91.png,Parasitized,166,118,RGB,1,1,1,0.9998647,False,19588,Q3,0.9998647,0.9-1.0
/kaggle/input/cell-images-for-detecting-malaria/cell_images/Uninfected/C168P129ThinF_IMG_20151118_154126_cell_97.png,Uninfected,130,112,RGB,0,0,0,0.0074474947,False,14560,Q1 (smallest),0.9925525,0.9-1.0
/kaggle/input/cell-images-for-detecting-malaria/cell_images/Uninfected/C1_thinF_IMG_20150604_105100_cell_130.png,Uninfected,133,130,RGB,0,0,0,0.0052337567,False,17290,Q2,0.99476624,0.9-1.0
/kaggle/input/cell-images-for-detecting-malaria/cell_images/Uninfected/C234ThinF_IMG_20151112_162843_cell_257.png,Uninfected,124,124,RGB,0,0,0,0.0006870813,False,15376,Q2,0.99931294,0.9-1.0
/kaggle/input/cell-images-for-detecting-malaria/cell_images/Parasitized/C117P78ThinF_IMG_20150930_221048_cell_100.png,Parasitized,139,124,RGB,1,1,1,0.9936932,False,17236,Q2,0.9936932,0.9-1.0
/kaggle/input/cell-images-for-detecting-malaria/cell_images/Parasitized/C89P50ThinF_IMG_20150820_162153_cell_194.png,Parasitized,166,145,RGB,1,1,1,0.981412,False,24070,Q4 (largest),0.981412,0.9-1.0
/kaggle/input/cell-images-for-detecting-malaria/cell_images/Parasitized/C80P41ThinF_IMG_20150817_111943_cell_21.png,Parasitized,133,145,RGB,1,1,0,0.13564502,True,19285,Q3,0.86435497,0.8-0.9
/kaggle/input/cell-images-for-detecting-malaria/cell_images/Uninfected/C218ThinF_IMG_20151106_144228_cell_94.png,Uninfected,115,124,RGB,0,0,0,0.004565889,False,14260,Q1 (smallest),0.9954341,0.9-1.0
/kaggle/input/cell-images-for-detecting-malaria/cell_images/Parasitized/C101P62ThinF_IMG_20150918_151507_cell_54.png,Parasitized,118,145,RGB,1,1,1,0.9992062,False,17110,Q2,0.9992062,0.9-1.0
/kaggle/input/cell-images-for-detecting-malaria/cell_images/Parasitized/C168P129ThinF_IMG_20151118_160845_cell_151.png,Parasitized,127,130,RGB,1,1,1,0.9745062,False,16510,Q2,0.9745062,0.9-1.0
/kaggle/input/cell-images-for-detecting-malaria/cell_images/Uninfected/C240ThinF_IMG_20151127_115223_cell_185.png,Uninfected,103,94,RGB,0,0,0,0.0040741893,False,9682,Q1 (smallest),0.9959258,0.9-1.0
/kaggle/input/cell-images-for-detecting-malaria/cell_images/Uninfected/C135P96ThinF_IMG_20151005_124031_cell_78.png,Uninfected,133,142,RGB,0,0,0,0.0067233043,False,18886,Q3,0.9932767,0.9-1.0
/kaggle/input/cell-images-for-detecting-malaria/cell_images/Parasitized/C103P64ThinF_IMG_20150918_164553_cell_169.png,Parasitized,166,151,RGB,1,1,1,0.9995059,False,25066,Q4 (largest),0.9995059,0.9-1.0
/kaggle/input/cell-images-for-detecting-malaria/cell_images/Parasitized/C136P97ThinF_IMG_20151005_141321_cell_96.png,Parasitized,121,130,RGB,1,1,1,0.9938202,False,15730,Q2,0.9938202,0.9-1.0
/kaggle/input/cell-images-for-detecting-malaria/cell_images/Parasitized/C141P102ThinF_IMG_20151005_214836_cell_149.png,Parasitized,130,133,RGB,1,1,1,0.99968725,False,17290,Q2,0.99968725,0.9-1.0
/kaggle/input/cell-images-for-detecting-malaria/cell_images/Uninfected/C71P32_ThinF_IMG_20150813_163120_cell_187.png,Uninfected,136,145,RGB,0,0,0,0.056071404,False,19720,Q3,0.9439286,0.9-1.0
/kaggle/input/cell-images-for-detecting-malaria/cell_images/Parasitized/C183P144NThinF_IMG_20151201_223208_cell_111.png,Parasitized,121,133,RGB,1,1,1,0.8909823,False,16093,Q2,0.8909823,0.8-0.9
/kaggle/input/cell-images-for-detecting-malaria/cell_images/Uninfected/C146P107ThinF_IMG_20151018_134554_cell_186.png,Uninfected,145,160,RGB,0,0,0,0.07335396,False,23200,Q4 (largest),0.92664605,0.9-1.0
/kaggle/input/cell-images-for-detecting-malaria/cell_images/Uninfected/C233ThinF_IMG_20151112_161119_cell_277.png,Uninfected,136,148,RGB,0,0,0,0.0016860361,False,20128,Q3,0.99831396,0.9-1.0
/kaggle/input/cell-images-for-detecting-malaria/cell_images/Parasitized/C145P106ThinF_IMG_20151016_155121_cell_191.png,Parasitized,121,124,RGB,1,1,0,0.1651894,True,15004,Q2,0.8348106,0.8-0.9
/kaggle/input/cell-images-for-detecting-malaria/cell_images/Uninfected/C109P70ThinF_IMG_20150930_102812_cell_45.png,Uninfected,136,145,RGB,0,0,0,0.0006349824,False,19720,Q3,0.99936503,0.9-1.0
/kaggle/input/cell-images-for-detecting-malaria/cell_images/Uninfected/C178P139NThinF_IMG_20151201_154025_cell_101.png,Uninfected,94,100,RGB,0,0,0,0.05539409,False,9400,Q1 (smallest),0.9446059,0.9-1.0
/kaggle/input/cell-images-for-detecting-malaria/cell_images/Parasitized/C39P4thinF_original_IMG_20150622_111942_cell_15.png,Parasitized,145,148,RGB,1,1,1,0.9082977,False,21460,Q4 (largest),0.9082977,0.9-1.0
/kaggle/input/cell-images-for-detecting-malaria/cell_images/Parasitized/C80P41ThinF_IMG_20150817_111246_cell_123.png,Parasitized,109,112,RGB,1,1,1,0.9965664,False,12208,Q1 (smallest),0.9965664,0.9-1.0
/kaggle/input/cell-images-for-detecting-malaria/cell_images/Uninfected/C47P8thin_Original_Motic_IMG_20150714_093512_cell_6.png,Uninfected,136,130,RGB,0,0,0,0.005122667,False,17680,Q3,0.99487734,0.9-1.0
/kaggle/input/cell-images-for-detecting-malaria/cell_images/Parasitized/C92P53ThinF_IMG_20150821_151722_cell_222.png,Parasitized,136,127,RGB,1,1,1,0.9922031,False,17272,Q2,0.9922031,0.9-1.0
/kaggle/input/cell-images-for-detecting-malaria/cell_images/Parasitized/C170P131ThinF_IMG_20151119_120150_cell_222.png,Parasitized,109,115,RGB,1,1,1,0.99014777,False,12535,Q1 (smallest),0.99014777,0.9-1.0
/kaggle/input/cell-images-for-detecting-malaria/cell_images/Uninfected/C48P9thinF_IMG_20150721_161055_cell_28.png,Uninfected,139,136,RGB,0,0,0,0.008576212,False,18904,Q3,0.9914238,0.9-1.0
/kaggle/input/cell-images-for-detecting-malaria/cell_images/Uninfected/C51AP12thinF_IMG_20150724_160140_cell_38.png,Uninfected,130,118,RGB,0,0,0,0.038314417,False,15340,Q2,0.9616856,0.9-1.0
/kaggle/input/cell-images-for-detecting-malaria/cell_images/Parasitized/C188P149ThinF_IMG_20151203_134419_cell_200.png,Parasitized,133,121,RGB,1,1,1,0.99992895,False,16093,Q2,0.99992895,0.9-1.0
/kaggle/input/cell-images-for-detecting-malaria/cell_images/Parasitized/C181P142ThinF_IMG_20151127_155722_cell_175.png,Parasitized,103,94,RGB,1,1,1,0.99921536,False,9682,Q1 (smallest),0.99921536,0.9-1.0
/kaggle/input/cell-images-for-detecting-malaria/cell_images/Parasitized/C51AP12thinF_IMG_20150724_153313_cell_97.png,Parasitized,139,136,RGB,1,1,1,0.99489397,False,18904,Q3,0.99489397,0.9-1.0
/kaggle/input/cell-images-for-detecting-malaria/cell_images/Uninfected/C134P95ThinF_IMG_20151005_121425_cell_5.png,Uninfected,145,142,RGB,0,0,0,0.0015236463,False,20590,Q4 (largest),0.9984763,0.9-1.0
/kaggle/input/cell-images-for-detecting-malaria/cell_images/Uninfected/C95P56ThinF_IMG_20150821_171701_cell_79.png,Uninfected,130,133,RGB,0,0,0,0.21230479,False,17290,Q2,0.7876952,0.7-0.8
/kaggle/input/cell-images-for-detecting-malaria/cell_images/Uninfected/C209ThinF_IMG_20151029_160857_cell_105.png,Uninfected,115,124,RGB,0,0,0,0.00022574456,False,14260,Q1 (smallest),0.9997743,0.9-1.0
/kaggle/input/cell-images-for-detecting-malaria/cell_images/Parasitized/C132P93ThinF_IMG_20151004_151701_cell_167.png,Parasitized,109,112,RGB,1,1,1,0.6798412,False,12208,Q1 (smallest),0.6798412,0.6-0.7
/kaggle/input/cell-images-for-detecting-malaria/cell_images/Parasitized/C46P7ThinF_IMG_20151130_205756_cell_125.png,Parasitized,148,121,RGB,1,1,1,0.99650216,False,17908,Q3,0.99650216,0.9-1.0
/kaggle/input/cell-images-for-detecting-malaria/cell_images/Parasitized/C176P137NThinF_IMG_20151201_114035_cell_139.png,Parasitized,145,97,RGB,1,1,1,0.96955866,False,14065,Q1 (smallest),0.96955866,0.9-1.0
/kaggle/input/cell-images-for-detecting-malaria/cell_images/Uninfected/C128P89ThinF_IMG_20151004_130408_cell_64.png,Uninfected,145,118,RGB,0,0,0,0.0022140131,False,17110,Q2,0.997786,0.9-1.0
/kaggle/input/cell-images-for-detecting-malaria/cell_images/Parasitized/C51AP12thinF_IMG_20150724_153313_cell_96.png,Parasitized,145,136,RGB,1,1,1,0.99805236,False,19720,Q3,0.99805236,0.9-1.0
/kaggle/input/cell-images-for-detecting-malaria/cell_images/Parasitized/C68P29N_ThinF_IMG_20150819_133447_cell_120.png,Parasitized,139,139,RGB,1,1,1,0.98920363,False,19321,Q3,0.98920363,0.9-1.0
/kaggle/input/cell-images-for-detecting-malaria/cell_images/Uninfected/C222ThinF_IMG_20151115_150057_cell_109.png,Uninfected,133,121,RGB,0,0,0,0.011282811,False,16093,Q2,0.9887172,0.9-1.0
/kaggle/input/cell-images-for-detecting-malaria/cell_images/Parasitized/C128P89ThinF_IMG_20151004_130810_cell_156.png,Parasitized,133,133,RGB,1,1,0,0.4688131,True,17689,Q3,0.53118694,0.5-0.6
/kaggle/input/cell-images-for-detecting-malaria/cell_images/Parasitized/C97P58ThinF_IMG_20150917_150838_cell_150.png,Parasitized,139,151,RGB,1,1,1,0.9984675,False,20989,Q4 (largest),0.9984675,0.9-1.0
/kaggle/input/cell-images-for-detecting-malaria/cell_images/Parasitized/C144P105ThinF_IMG_20151015_160908_cell_280.png,Parasitized,142,139,RGB,1,1,1,0.95316863,False,19738,Q3,0.95316863,0.9-1.0
/kaggle/input/cell-images-for-detecting-malaria/cell_images/Parasitized/C39P4thinF_original_IMG_20150622_105335_cell_16.png,Parasitized,112,91,RGB,1,1,1,0.9996713,False,10192,Q1 (smallest),0.9996713,0.9-1.0
/kaggle/input/cell-images-for-detecting-malaria/cell_images/Uninfected/C38P3thinF_original_IMG_20150621_112023_cell_9.png,Uninfected,127,112,RGB,0,0,0,0.04009801,False,14224,Q1 (smallest),0.959902,0.9-1.0
/kaggle/input/cell-images-for-detecting-malaria/cell_images/Parasitized/C136P97ThinF_IMG_20151005_141946_cell_116.png,Parasitized,136,136,RGB,1,1,1,0.9268175,False,18496,Q3,0.9268175,0.9-1.0
/kaggle/input/cell-images-for-detecting-malaria/cell_images/Parasitized/C68P29N_ThinF_IMG_20150819_134326_cell_121.png,Parasitized,166,226,RGB,1,1,1,0.99472165,False,37516,Q4 (largest),0.99472165,0.9-1.0
/kaggle/input/cell-images-for-detecting-malaria/cell_images/Uninfected/C96P57ThinF_IMG_20150824_105531_cell_55.png,Uninfected,160,139,RGB,0,0,0,0.010005033,False,22240,Q4 (largest),0.98999494,0.9-1.0
/kaggle/input/cell-images-for-detecting-malaria/cell_images/Parasitized/C68P29N_ThinF_IMG_20150819_134504_cell_164.png,Parasitized,154,145,RGB,1,1,1,0.99638426,False,22330,Q4 (largest),0.99638426,0.9-1.0
/kaggle/input/cell-images-for-detecting-malaria/cell_images/Uninfected/C75P36_ThinF_IMG_20150815_163707_cell_44.png,Uninfected,124,121,RGB,0,0,1,0.554083,True,15004,Q2,0.554083,0.5-0.6
/kaggle/input/cell-images-for-detecting-malaria/cell_images/Uninfected/C73P34_ThinF_IMG_20150815_111653_cell_56.png,Uninfected,136,124,RGB,0,0,0,0.0023784814,False,16864,Q2,0.99762154,0.9-1.0
/kaggle/input/cell-images-for-detecting-malaria/cell_images/Parasitized/C99P60ThinF_IMG_20150918_141001_cell_161.png,Parasitized,142,145,RGB,1,1,1,0.9956682,False,20590,Q4 (largest),0.9956682,0.9-1.0
/kaggle/input/cell-images-for-detecting-malaria/cell_images/Parasitized/C46P7ThinF_IMG_20151130_210743_cell_159.png,Parasitized,100,121,RGB,1,1,1,0.99914336,False,12100,Q1 (smallest),0.99914336,0.9-1.0
/kaggle/input/cell-images-for-detecting-malaria/cell_images/Parasitized/C68P29N_ThinF_IMG_20150819_133350_cell_153.png,Parasitized,130,130,RGB,1,1,1,0.9794555,False,16900,Q2,0.9794555,0.9-1.0
/kaggle/input/cell-images-for-detecting-malaria/cell_images/Parasitized/C182P143NThinF_IMG_20151201_172759_cell_4.png,Parasitized,100,109,RGB,1,1,1,0.9992113,False,10900,Q1 (smallest),0.9992113,0.9-1.0
/kaggle/input/cell-images-for-detecting-malaria/cell_images/Uninfected/C153P114ThinF_IMG_20151115_135832_cell_193.png,Uninfected,130,130,RGB,0,0,0,0.0028130058,False,16900,Q2,0.997187,0.9-1.0
/kaggle/input/cell-images-for-detecting-malaria/cell_images/Uninfected/C6NThinF_IMG_20150609_122547_cell_82.png,Uninfected,166,208,RGB,0,0,0,0.17380917,False,34528,Q4 (largest),0.8261908,0.8-0.9
/kaggle/input/cell-images-for-detecting-malaria/cell_images/Parasitized/C128P89ThinF_IMG_20151004_130810_cell_151.png,Parasitized,139,148,RGB,1,1,1,0.991951,False,20572,Q4 (largest),0.991951,0.9-1.0
/kaggle/input/cell-images-for-detecting-malaria/cell_images/Uninfected/C66P27N_ThinF_IMG_20150818_163419_cell_172.png,Uninfected,109,121,RGB,0,0,0,0.002084586,False,13189,Q1 (smallest),0.9979154,0.9-1.0
/kaggle/input/cell-images-for-detecting-malaria/cell_images/Uninfected/C63P24N_ThinF_IMG_20150818_143757_cell_106.png,Uninfected,163,193,RGB,0,0,0,0.0427103,False,31459,Q4 (largest),0.9572897,0.9-1.0
/kaggle/input/cell-images-for-detecting-malaria/cell_images/Uninfected/C1_thinF_IMG_20150604_105100_cell_232.png,Uninfected,121,154,RGB,0,0,0,0.12442857,False,18634,Q3,0.8755714,0.8-0.9
/kaggle/input/cell-images-for-detecting-malaria/cell_images/Parasitized/C184P145ThinF_IMG_20151203_102543_cell_154.png,Parasitized,121,133,RGB,1,1,1,0.99885595,False,16093,Q2,0.99885595,0.9-1.0
/kaggle/input/cell-images-for-detecting-malaria/cell_images/Uninfected/C39P4thinF_original_IMG_20150622_110115_cell_41.png,Uninfected,136,136,RGB,0,0,0,0.018675076,False,18496,Q3,0.9813249,0.9-1.0
/kaggle/input/cell-images-for-detecting-malaria/cell_images/Parasitized/C145P106ThinF_IMG_20151016_154756_cell_115.png,Parasitized,106,145,RGB,1,1,1,0.99355763,False,15370,Q2,0.99355763,0.9-1.0
/kaggle/input/cell-images-for-detecting-malaria/cell_images/Uninfected/C212ThinF_IMG_20151106_105941_cell_30.png,Uninfected,118,127,RGB,0,0,0,0.017066471,False,14986,Q2,0.9829335,0.9-1.0
/kaggle/input/cell-images-for-detecting-malaria/cell_images/Uninfected/C49P10thinF_IMG_20150724_103233_cell_105.png,Uninfected,115,127,RGB,0,0,0,0.07668902,False,14605,Q1 (smallest),0.923311,0.9-1.0
/kaggle/input/cell-images-for-detecting-malaria/cell_images/Parasitized/C39P4thinF_original_IMG_20150622_111326_cell_21.png,Parasitized,142,127,RGB,1,1,1,0.9998301,False,18034,Q3,0.9998301,0.9-1.0
/kaggle/input/cell-images-for-detecting-malaria/cell_images/Parasitized/C180P141NThinF_IMG_20151201_165453_cell_58.png,Parasitized,106,175,RGB,1,1,1,0.9926813,False,18550,Q3,0.9926813,0.9-1.0
/kaggle/input/cell-images-for-detecting-malaria/cell_images/Parasitized/C76P37ThinF_IMG_20150815_171454_cell_245.png,Parasitized,115,100,RGB,1,1,1,0.9995716,False,11500,Q1 (smallest),0.9995716,0.9-1.0
/kaggle/input/cell-images-for-detecting-malaria/cell_images/Parasitized/C177P138NThinF_IMG_20151201_142942_cell_173.png,Parasitized,124,163,RGB,1,1,1,0.9358104,False,20212,Q4 (largest),0.9358104,0.9-1.0
/kaggle/input/cell-images-for-detecting-malaria/cell_images/Parasitized/C68P29N_ThinF_IMG_20150819_134830_cell_64.png,Parasitized,127,142,RGB,1,1,1,0.99697554,False,18034,Q3,0.99697554,0.9-1.0
/kaggle/input/cell-images-for-detecting-malaria/cell_images/Uninfected/C80P41ThinF_IMG_20150817_110957_cell_87.png,Uninfected,115,118,RGB,0,0,0,0.00962379,False,13570,Q1 (smallest),0.99037623,0.9-1.0
/kaggle/input/cell-images-for-detecting-malaria/cell_images/Uninfected/C91P52ThinF_IMG_20150821_123116_cell_84.png,Uninfected,157,139,RGB,0,0,0,0.0032248853,False,21823,Q4 (largest),0.9967751,0.9-1.0
/kaggle/input/cell-images-for-detecting-malaria/cell_images/Uninfected/C118P79ThinF_IMG_20151002_110834_cell_23.png,Uninfected,133,127,RGB,0,0,0,0.005802166,False,16891,Q2,0.99419785,0.9-1.0
/kaggle/input/cell-images-for-detecting-malaria/cell_images/Parasitized/C68P29N_ThinF_IMG_20150819_133447_cell_156.png,Parasitized,136,130,RGB,1,1,1,1.0,False,17680,Q3,1.0,0.9-1.0
/kaggle/input/cell-images-for-detecting-malaria/cell_images/Parasitized/C84P45ThinF_IMG_20150818_101412_cell_103.png,Parasitized,127,127,RGB,1,1,1,0.9998543,False,16129,Q2,0.9998543,0.9-1.0
/kaggle/input/cell-images-for-detecting-malaria/cell_images/Parasitized/C82P43ThinF_IMG_20150817_124010_cell_208.png,Parasitized,136,148,RGB,1,1,1,0.9960162,False,20128,Q3,0.9960162,0.9-1.0
/kaggle/input/cell-images-for-detecting-malaria/cell_images/Parasitized/C186P147NThinF_IMG_20151203_150132_cell_188.png,Parasitized,175,160,RGB,1,1,1,0.9928757,False,28000,Q4 (largest),0.9928757,0.9-1.0
/kaggle/input/cell-images-for-detecting-malaria/cell_images/Parasitized/C130P91ThinF_IMG_20151004_142951_cell_151.png,Parasitized,148,145,RGB,1,1,1,0.99680173,False,21460,Q4 (largest),0.99680173,0.9-1.0
/kaggle/input/cell-images-for-detecting-malaria/cell_images/Parasitized/C176P137NThinF_IMG_20151201_122444_cell_125.png,Parasitized,127,139,RGB,1,1,1,0.9993289,False,17653,Q3,0.9993289,0.9-1.0
/kaggle/input/cell-images-for-detecting-malaria/cell_images/Parasitized/C184P145ThinF_IMG_20151203_103114_cell_147.png,Parasitized,142,157,RGB,1,1,1,0.99643016,False,22294,Q4 (largest),0.99643016,0.9-1.0
/kaggle/input/cell-images-for-detecting-malaria/cell_images/Uninfected/C1_thinF_IMG_20150604_104722_cell_115.png,Uninfected,133,115,RGB,0,0,0,0.052954324,False,15295,Q2,0.9470457,0.9-1.0
/kaggle/input/cell-images-for-detecting-malaria/cell_images/Parasitized/C129P90ThinF_IMG_20151004_133703_cell_90.png,Parasitized,136,112,RGB,1,1,1,0.9999652,False,15232,Q2,0.9999652,0.9-1.0
/kaggle/input/cell-images-for-detecting-malaria/cell_images/Uninfected/C123P84ThinF_IMG_20151002_152144_cell_73.png,Uninfected,151,139,RGB,0,0,0,0.0043247766,False,20989,Q4 (largest),0.9956752,0.9-1.0
/kaggle/input/cell-images-for-detecting-malaria/cell_images/Uninfected/C125P86ThinF_IMG_20151004_102619_cell_58.png,Uninfected,130,127,RGB,0,0,0,0.0067772316,False,16510,Q2,0.9932228,0.9-1.0
/kaggle/input/cell-images-for-detecting-malaria/cell_images/Parasitized/C82P43ThinF_IMG_20150817_124418_cell_152.png,Parasitized,145,139,RGB,1,1,1,0.99773717,False,20155,Q3,0.99773717,0.9-1.0
/kaggle/input/cell-images-for-detecting-malaria/cell_images/Parasitized/C158P119ThinF_IMG_20151115_181859_cell_200.png,Parasitized,127,97,RGB,1,1,1,0.99911064,False,12319,Q1 (smallest),0.99911064,0.9-1.0
/kaggle/input/cell-images-for-detecting-malaria/cell_images/Parasitized/C67P28N_ThinF_IMG_20150819_132441_cell_171.png,Parasitized,139,124,RGB,1,1,1,0.9989409,False,17236,Q2,0.9989409,0.9-1.0
/kaggle/input/cell-images-for-detecting-malaria/cell_images/Uninfected/C79P40ThinF_IMG_20150817_104316_cell_150.png,Uninfected,124,121,RGB,0,0,0,0.011453216,False,15004,Q2,0.9885468,0.9-1.0
/kaggle/input/cell-images-for-detecting-malaria/cell_images/Uninfected/C173P134NThinF_IMG_20151130_120046_cell_2.png,Uninfected,136,127,RGB,0,0,0,0.01748387,False,17272,Q2,0.9825161,0.9-1.0
/kaggle/input/cell-images-for-detecting-malaria/cell_images/Uninfected/C158P119ThinF_IMG_20151115_181859_cell_108.png,Uninfected,118,145,RGB,0,0,0,0.028093316,False,17110,Q2,0.97190666,0.9-1.0
/kaggle/input/cell-images-for-detecting-malaria/cell_images/Parasitized/C99P60ThinF_IMG_20150918_141351_cell_95.png,Parasitized,121,94,RGB,1,1,1,0.99939,False,11374,Q1 (smallest),0.99939,0.9-1.0
/kaggle/input/cell-images-for-detecting-malaria/cell_images/Uninfected/C134P95ThinF_IMG_20151005_121834_cell_108.png,Uninfected,151,130,RGB,0,0,0,0.0023514703,False,19630,Q3,0.99764854,0.9-1.0
/kaggle/input/cell-images-for-detecting-malaria/cell_images/Uninfected/C108P69ThinF_IMG_20150924_223834_cell_22.png,Uninfected,154,148,RGB,0,0,0,0.0041280715,False,22792,Q4 (largest),0.9958719,0.9-1.0
/kaggle/input/cell-images-for-detecting-malaria/cell_images/Uninfected/C103P64ThinF_IMG_20150918_164250_cell_19.png,Uninfected,148,139,RGB,0,0,0,0.02888977,False,20572,Q4 (largest),0.9711102,0.9-1.0
/kaggle/input/cell-images-for-detecting-malaria/cell_images/Parasitized/C97P58ThinF_IMG_20150917_151903_cell_4.png,Parasitized,115,118,RGB,1,1,1,0.99999976,False,13570,Q1 (smallest),0.99999976,0.9-1.0
/kaggle/input/cell-images-for-detecting-malaria/cell_images/Parasitized/C97P58ThinF_IMG_20150917_151903_cell_23.png,Parasitized,127,145,RGB,1,1,1,0.5798984,False,18415,Q3,0.5798984,0.5-0.6
/kaggle/input/cell-images-for-detecting-malaria/cell_images/Parasitized/C172P133ThinF_IMG_20151119_155156_cell_259.png,Parasitized,100,103,RGB,1,1,1,0.9670875,False,10300,Q1 (smallest),0.9670875,0.9-1.0
/kaggle/input/cell-images-for-detecting-malaria/cell_images/Parasitized/C180P141NThinF_IMG_20151201_165659_cell_46.png,Parasitized,124,121,RGB,1,1,0,0.09790326,True,15004,Q2,0.90209675,0.9-1.0
/kaggle/input/cell-images-for-detecting-malaria/cell_images/Parasitized/C189P150ThinF_IMG_20151203_140902_cell_113.png,Parasitized,112,106,RGB,1,1,1,0.683505,False,11872,Q1 (smallest),0.683505,0.6-0.7
/kaggle/input/cell-images-for-detecting-malaria/cell_images/Uninfected/C182P143NThinF_IMG_20151201_172216_cell_56.png,Uninfected,145,136,RGB,0,0,0,0.02623766,False,19720,Q3,0.97376233,0.9-1.0
/kaggle/input/cell-images-for-detecting-malaria/cell_images/Uninfected/C207ThinF_IMG_20151029_143952_cell_69.png,Uninfected,151,172,RGB,0,0,1,0.7216917,True,25972,Q4 (largest),0.7216917,0.7-0.8
/kaggle/input/cell-images-for-detecting-malaria/cell_images/Parasitized/C184P145ThinF_IMG_20151203_103114_cell_163.png,Parasitized,127,139,RGB,1,1,1,0.99889815,False,17653,Q3,0.99889815,0.9-1.0
/kaggle/input/cell-images-for-detecting-malaria/cell_images/Uninfected/C121P82ThinF_IMG_20151002_135054_cell_87.png,Uninfected,151,160,RGB,0,0,0,0.01344317,False,24160,Q4 (largest),0.9865568,0.9-1.0
/kaggle/input/cell-images-for-detecting-malaria/cell_images/Parasitized/C68P29N_ThinF_IMG_20150819_134504_cell_107.png,Parasitized,196,193,RGB,1,1,1,0.9969643,False,37828,Q4 (largest),0.9969643,0.9-1.0
/kaggle/input/cell-images-for-detecting-malaria/cell_images/Parasitized/C97P58ThinF_IMG_20150917_152032_cell_170.png,Parasitized,100,136,RGB,1,1,1,0.99381584,False,13600,Q1 (smallest),0.99381584,0.9-1.0
/kaggle/input/cell-images-for-detecting-malaria/cell_images/Uninfected/C73P34_ThinF_IMG_20150815_111653_cell_20.png,Uninfected,121,112,RGB,0,0,0,0.008610551,False,13552,Q1 (smallest),0.99138945,0.9-1.0
/kaggle/input/cell-images-for-detecting-malaria/cell_images/Parasitized/C46P7ThinF_IMG_20151130_205558_cell_152.png,Parasitized,121,127,RGB,1,1,1,0.98259753,False,15367,Q2,0.98259753,0.9-1.0
/kaggle/input/cell-images-for-detecting-malaria/cell_images/Uninfected/C135P96ThinF_IMG_20151005_124204_cell_40.png,Uninfected,136,130,RGB,0,0,0,0.0024827786,False,17680,Q3,0.9975172,0.9-1.0
/kaggle/input/cell-images-for-detecting-malaria/cell_images/Parasitized/C60P21thinF_IMG_20150803_144510_cell_148.png,Parasitized,127,109,RGB,1,1,1,0.99992776,False,13843,Q1 (smallest),0.99992776,0.9-1.0
/kaggle/input/cell-images-for-detecting-malaria/cell_images/Uninfected/C212ThinF_IMG_20151106_105941_cell_12.png,Uninfected,130,130,RGB,0,0,0,0.00034951523,False,16900,Q2,0.9996505,0.9-1.0
/kaggle/input/cell-images-for-detecting-malaria/cell_images/Uninfected/C69P30N_ThinF_IMG_20150819_135613_cell_117.png,Uninfected,181,217,RGB,0,0,0,0.17491043,False,39277,Q4 (largest),0.8250896,0.8-0.9
/kaggle/input/cell-images-for-detecting-malaria/cell_images/Uninfected/C121P82ThinF_IMG_20151002_134659_cell_52.png,Uninfected,148,154,RGB,0,0,0,0.0036164825,False,22792,Q4 (largest),0.9963835,0.9-1.0
/kaggle/input/cell-images-for-detecting-malaria/cell_images/Parasitized/C48P9thinF_IMG_20150721_160944_cell_216.png,Parasitized,166,157,RGB,1,1,1,0.90366924,False,26062,Q4 (largest),0.90366924,0.9-1.0
/kaggle/input/cell-images-for-detecting-malaria/cell_images/Uninfected/C97P58ThinF_IMG_20150917_152032_cell_44.png,Uninfected,124,118,RGB,0,0,0,0.001960885,False,14632,Q1 (smallest),0.9980391,0.9-1.0
/kaggle/input/cell-images-for-detecting-malaria/cell_images/Parasitized/C116P77ThinF_IMG_20150930_171448_cell_125.png,Parasitized,106,106,RGB,1,1,1,0.9973022,False,11236,Q1 (smallest),0.9973022,0.9-1.0
/kaggle/input/cell-images-for-detecting-malaria/cell_images/Parasitized/C59P20thinF_IMG_20150803_113809_cell_46.png,Parasitized,94,82,RGB,1,1,1,0.99928844,False,7708,Q1 (smallest),0.99928844,0.9-1.0
/kaggle/input/cell-images-for-detecting-malaria/cell_images/Uninfected/C89P50ThinF_IMG_20150820_163728_cell_110.png,Uninfected,145,103,RGB,0,0,0,0.4745756,False,14935,Q2,0.52542436,0.5-0.6
/kaggle/input/cell-images-for-detecting-malaria/cell_images/Uninfected/C135P96ThinF_IMG_20151005_123715_cell_139.png,Uninfected,142,127,RGB,0,0,0,0.0014239061,False,18034,Q3,0.9985761,0.9-1.0
/kaggle/input/cell-images-for-detecting-malaria/cell_images/Uninfected/C241NThinF_IMG_20151207_124358_cell_137.png,Uninfected,163,169,RGB,0,0,0,0.019770391,False,27547,Q4 (largest),0.9802296,0.9-1.0
/kaggle/input/cell-images-for-detecting-malaria/cell_images/Parasitized/C128P89ThinF_IMG_20151004_131632_cell_168.png,Parasitized,148,151,RGB,1,1,1,0.9969626,False,22348,Q4 (largest),0.9969626,0.9-1.0
/kaggle/input/cell-images-for-detecting-malaria/cell_images/Parasitized/C68P29N_ThinF_IMG_20150819_134504_cell_128.png,Parasitized,151,169,RGB,1,1,1,0.99516404,False,25519,Q4 (largest),0.99516404,0.9-1.0
/kaggle/input/cell-images-for-detecting-malaria/cell_images/Uninfected/C120P81ThinF_IMG_20151002_130150_cell_58.png,Uninfected,115,175,RGB,0,0,0,0.0023037274,False,20125,Q3,0.9976963,0.9-1.0
/kaggle/input/cell-images-for-detecting-malaria/cell_images/Parasitized/C80P41ThinF_IMG_20150817_112329_cell_30.png,Parasitized,130,127,RGB,1,1,1,0.99271315,False,16510,Q2,0.99271315,0.9-1.0
/kaggle/input/cell-images-for-detecting-malaria/cell_images/Parasitized/C68P29N_ThinF_IMG_20150819_133236_cell_202.png,Parasitized,136,139,RGB,1,1,1,0.99998057,False,18904,Q3,0.99998057,0.9-1.0
/kaggle/input/cell-images-for-detecting-malaria/cell_images/Uninfected/C114P75ThinF_IMG_20150930_150057_cell_135.png,Uninfected,136,130,RGB,0,0,0,0.0028243999,False,17680,Q3,0.9971756,0.9-1.0
/kaggle/input/cell-images-for-detecting-malaria/cell_images/Uninfected/C90P51ThinF_IMG_20150821_115056_cell_113.png,Uninfected,130,148,RGB,0,0,0,0.07088057,False,19240,Q3,0.9291194,0.9-1.0
/kaggle/input/cell-images-for-detecting-malaria/cell_images/Parasitized/C179P140ThinF_IMG_20151127_153521_cell_163.png,Parasitized,121,136,RGB,1,1,1,0.9914117,False,16456,Q2,0.9914117,0.9-1.0
/kaggle/input/cell-images-for-detecting-malaria/cell_images/Parasitized/C117P78ThinF_IMG_20150930_221048_cell_98.png,Parasitized,169,169,RGB,1,1,1,0.9993549,False,28561,Q4 (largest),0.9993549,0.9-1.0
/kaggle/input/cell-images-for-detecting-malaria/cell_images/Parasitized/C182P143NThinF_IMG_20151201_172759_cell_30.png,Parasitized,112,106,RGB,1,1,1,0.99289846,False,11872,Q1 (smallest),0.99289846,0.9-1.0
/kaggle/input/cell-images-for-detecting-malaria/cell_images/Uninfected/C130P91ThinF_IMG_20151004_135449_cell_11.png,Uninfected,127,139,RGB,0,0,0,0.040950365,False,17653,Q3,0.95904964,0.9-1.0
/kaggle/input/cell-images-for-detecting-malaria/cell_images/Parasitized/C116P77ThinF_IMG_20150930_171558_cell_143.png,Parasitized,145,148,RGB,1,1,1,0.9829602,False,21460,Q4 (largest),0.9829602,0.9-1.0
/kaggle/input/cell-images-for-detecting-malaria/cell_images/Parasitized/C116P77ThinF_IMG_20150930_171739_cell_83.png,Parasitized,112,127,RGB,1,1,0,0.44364533,True,14224,Q1 (smallest),0.55635464,0.5-0.6
/kaggle/input/cell-images-for-detecting-malaria/cell_images/Parasitized/C129P90ThinF_IMG_20151004_134520_cell_104.png,Parasitized,130,145,RGB,1,1,1,0.9986558,False,18850,Q3,0.9986558,0.9-1.0
/kaggle/input/cell-images-for-detecting-malaria/cell_images/Parasitized/C99P60ThinF_IMG_20150918_142334_cell_30.png,Parasitized,160,142,RGB,1,1,1,0.9999895,False,22720,Q4 (largest),0.9999895,0.9-1.0
/kaggle/input/cell-images-for-detecting-malaria/cell_images/Parasitized/C39P4thinF_original_IMG_20150622_105335_cell_5.png,Parasitized,118,97,RGB,1,1,1,0.77380115,False,11446,Q1 (smallest),0.77380115,0.7-0.8
/kaggle/input/cell-images-for-detecting-malaria/cell_images/Parasitized/C181P142ThinF_IMG_20151127_160650_cell_176.png,Parasitized,172,127,RGB,1,1,1,0.88180935,False,21844,Q4 (largest),0.88180935,0.8-0.9
/kaggle/input/cell-images-for-detecting-malaria/cell_images/Uninfected/C50P11thinF_IMG_20150724_114951_cell_135.png,Uninfected,124,133,RGB,0,0,0,0.16515787,False,16492,Q2,0.83484215,0.8-0.9
/kaggle/input/cell-images-for-detecting-malaria/cell_images/Parasitized/C91P52ThinF_IMG_20150821_125256_cell_12.png,Parasitized,178,184,RGB,1,1,1,0.96372473,False,32752,Q4 (largest),0.96372473,0.9-1.0
/kaggle/input/cell-images-for-detecting-malaria/cell_images/Parasitized/C186P147NThinF_IMG_20151203_150132_cell_184.png,Parasitized,130,160,RGB,1,1,1,0.7815195,False,20800,Q4 (largest),0.7815195,0.7-0.8
/kaggle/input/cell-images-for-detecting-malaria/cell_images/Uninfected/C228ThinF_IMG_20151112_142452_cell_181.png,Uninfected,175,145,RGB,0,0,0,0.1805453,False,25375,Q4 (largest),0.81945467,0.8-0.9
/kaggle/input/cell-images-for-detecting-malaria/cell_images/Parasitized/C181P142ThinF_IMG_20151127_160650_cell_182.png,Parasitized,139,109,RGB,1,1,1,0.8194743,False,15151,Q2,0.8194743,0.8-0.9
/kaggle/input/cell-images-for-detecting-malaria/cell_images/Parasitized/C48P9thinF_IMG_20150721_160406_cell_220.png,Parasitized,139,136,RGB,1,1,1,0.9985871,False,18904,Q3,0.9985871,0.9-1.0
/kaggle/input/cell-images-for-detecting-malaria/cell_images/Parasitized/C116P77ThinF_IMG_20150930_171448_cell_126.png,Parasitized,97,121,RGB,1,1,1,0.9970354,False,11737,Q1 (smallest),0.9970354,0.9-1.0
/kaggle/input/cell-images-for-detecting-malaria/cell_images/Uninfected/C220ThinF_IMG_20151106_154339_cell_219.png,Uninfected,145,148,RGB,0,0,0,0.0029462872,False,21460,Q4 (largest),0.99705374,0.9-1.0
/kaggle/input/cell-images-for-detecting-malaria/cell_images/Parasitized/C186P147NThinF_IMG_20151203_150322_cell_162.png,Parasitized,133,139,RGB,1,1,1,0.998931,False,18487,Q3,0.998931,0.9-1.0
/kaggle/input/cell-images-for-detecting-malaria/cell_images/Uninfected/C136P97ThinF_IMG_20151005_142437_cell_29.png,Uninfected,145,136,RGB,0,0,0,0.022797272,False,19720,Q3,0.9772027,0.9-1.0
/kaggle/input/cell-images-for-detecting-malaria/cell_images/Parasitized/C112P73ThinF_IMG_20150930_131401_cell_168.png,Parasitized,133,121,RGB,1,1,1,0.99935895,False,16093,Q2,0.99935895,0.9-1.0
/kaggle/input/cell-images-for-detecting-malaria/cell_images/Uninfected/C158P119ThinF_IMG_20151115_181035_cell_57.png,Uninfected,118,115,RGB,0,0,0,0.0015231328,False,13570,Q1 (smallest),0.99847686,0.9-1.0
/kaggle/input/cell-images-for-detecting-malaria/cell_images/Parasitized/C99P60ThinF_IMG_20150918_141314_cell_99.png,Parasitized,145,148,RGB,1,1,0,0.12930307,True,21460,Q4 (largest),0.8706969,0.8-0.9
/kaggle/input/cell-images-for-detecting-malaria/cell_images/Uninfected/C144P105ThinF_IMG_20151015_163432_cell_129.png,Uninfected,145,130,RGB,0,0,0,0.00043676177,False,18850,Q3,0.9995632,0.9-1.0
/kaggle/input/cell-images-for-detecting-malaria/cell_images/Uninfected/C115P76ThinF_IMG_20150930_161825_cell_25.png,Uninfected,178,148,RGB,0,0,0,0.0036813146,False,26344,Q4 (largest),0.9963187,0.9-1.0
/kaggle/input/cell-images-for-detecting-malaria/cell_images/Parasitized/C180P141NThinF_IMG_20151201_163848_cell_141.png,Parasitized,160,136,RGB,1,1,1,0.99715567,False,21760,Q4 (largest),0.99715567,0.9-1.0
/kaggle/input/cell-images-for-detecting-malaria/cell_images/Uninfected/C62P23N_ThinF_IMG_20150818_133211_cell_10.png,Uninfected,121,112,RGB,0,0,1,0.89069164,True,13552,Q1 (smallest),0.89069164,0.8-0.9
/kaggle/input/cell-images-for-detecting-malaria/cell_images/Parasitized/C33P1thinF_IMG_20150619_121435a_cell_173.png,Parasitized,103,103,RGB,1,1,1,0.9997392,False,10609,Q1 (smallest),0.9997392,0.9-1.0
/kaggle/input/cell-images-for-detecting-malaria/cell_images/Parasitized/C99P60ThinF_IMG_20150918_141520_cell_96.png,Parasitized,106,151,RGB,1,1,1,0.7729309,False,16006,Q2,0.7729309,0.7-0.8
/kaggle/input/cell-images-for-detecting-malaria/cell_images/Uninfected/C88P49ThinF_IMG_20150820_151451_cell_89.png,Uninfected,130,139,RGB,0,0,0,0.003232549,False,18070,Q3,0.99676746,0.9-1.0
/kaggle/input/cell-images-for-detecting-malaria/cell_images/Parasitized/C133P94ThinF_IMG_20151004_155144_cell_121.png,Parasitized,127,127,RGB,1,1,1,0.9980798,False,16129,Q2,0.9980798,0.9-1.0
/kaggle/input/cell-images-for-detecting-malaria/cell_images/Uninfected/C56P17thinF_IMG_20150728_153328_cell_90.png,Uninfected,121,142,RGB,0,0,0,0.029122794,False,17182,Q2,0.97087723,0.9-1.0
/kaggle/input/cell-images-for-detecting-malaria/cell_images/Parasitized/C180P141NThinF_IMG_20151201_165453_cell_35.png,Parasitized,151,145,RGB,1,1,1,0.975496,False,21895,Q4 (largest),0.975496,0.9-1.0
/kaggle/input/cell-images-for-detecting-malaria/cell_images/Parasitized/C99P60ThinF_IMG_20150918_141620_cell_1.png,Parasitized,148,136,RGB,1,1,1,0.99398935,False,20128,Q3,0.99398935,0.9-1.0
/kaggle/input/cell-images-for-detecting-malaria/cell_images/Parasitized/C176P137NThinF_IMG_20151201_120612_cell_17.png,Parasitized,142,127,RGB,1,1,1,0.9849968,False,18034,Q3,0.9849968,0.9-1.0
/kaggle/input/cell-images-for-detecting-malaria/cell_images/Uninfected/C54P15thinF_IMG_20150728_112832_cell_24.png,Uninfected,139,127,RGB,0,0,1,0.8565001,True,17653,Q3,0.8565001,0.8-0.9
/kaggle/input/cell-images-for-detecting-malaria/cell_images/Uninfected/C175P136NThinF_IMG_20151127_141325_cell_180.png,Uninfected,142,121,RGB,0,0,0,0.0018584915,False,17182,Q2,0.9981415,0.9-1.0
/kaggle/input/cell-images-for-detecting-malaria/cell_images/Parasitized/C139P100ThinF_IMG_20151005_183601_cell_151.png,Parasitized,172,154,RGB,1,1,1,0.97651494,False,26488,Q4 (largest),0.97651494,0.9-1.0
/kaggle/input/cell-images-for-detecting-malaria/cell_images/Uninfected/C177P138NThinF_IMG_20151201_143546_cell_29.png,Uninfected,106,100,RGB,0,0,0,0.021411832,False,10600,Q1 (smallest),0.97858816,0.9-1.0
/kaggle/input/cell-images-for-detecting-malaria/cell_images/Parasitized/C183P144NThinF_IMG_20151201_224107_cell_133.png,Parasitized,127,124,RGB,1,1,1,0.9998635,False,15748,Q2,0.9998635,0.9-1.0
/kaggle/input/cell-images-for-detecting-malaria/cell_images/Parasitized/C99P60ThinF_IMG_20150918_140900_cell_121.png,Parasitized,127,154,RGB,1,1,1,0.99832267,False,19558,Q3,0.99832267,0.9-1.0
/kaggle/input/cell-images-for-detecting-malaria/cell_images/Parasitized/C118P79ThinF_IMG_20151002_105827_cell_132.png,Parasitized,163,190,RGB,1,1,1,0.84267014,False,30970,Q4 (largest),0.84267014,0.8-0.9
/kaggle/input/cell-images-for-detecting-malaria/cell_images/Parasitized/C80P41ThinF_IMG_20150817_111246_cell_136.png,Parasitized,121,112,RGB,1,1,1,0.99709463,False,13552,Q1 (smallest),0.99709463,0.9-1.0
/kaggle/input/cell-images-for-detecting-malaria/cell_images/Uninfected/C94P55ThinF_IMG_20150821_170403_cell_104.png,Uninfected,115,109,RGB,0,0,0,0.014258533,False,12535,Q1 (smallest),0.9857415,0.9-1.0
/kaggle/input/cell-images-for-detecting-malaria/cell_images/Uninfected/C157P118ThinF_IMG_20151115_164755_cell_169.png,Uninfected,112,94,RGB,0,0,0,0.02674752,False,10528,Q1 (smallest),0.9732525,0.9-1.0
/kaggle/input/cell-images-for-detecting-malaria/cell_images/Uninfected/C66P27N_ThinF_IMG_20150818_164008_cell_144.png,Uninfected,136,136,RGB,0,0,0,0.003838144,False,18496,Q3,0.9961619,0.9-1.0
/kaggle/input/cell-images-for-detecting-malaria/cell_images/Parasitized/C184P145ThinF_IMG_20151203_104030_cell_1.png,Parasitized,178,151,RGB,1,1,1,0.9990121,False,26878,Q4 (largest),0.9990121,0.9-1.0
/kaggle/input/cell-images-for-detecting-malaria/cell_images/Uninfected/C166P127ThinF_IMG_20151117_194932_cell_130.png,Uninfected,91,130,RGB,0,0,0,0.013957108,False,11830,Q1 (smallest),0.9860429,0.9-1.0
/kaggle/input/cell-images-for-detecting-malaria/cell_images/Parasitized/C115P76ThinF_IMG_20150930_162315_cell_257.png,Parasitized,139,145,RGB,1,1,1,0.5792179,False,20155,Q3,0.5792179,0.5-0.6
/kaggle/input/cell-images-for-detecting-malaria/cell_images/Uninfected/C142P103ThinF_IMG_20151005_221900_cell_97.png,Uninfected,145,130,RGB,0,0,0,0.0022664173,False,18850,Q3,0.9977336,0.9-1.0
/kaggle/input/cell-images-for-detecting-malaria/cell_images/Parasitized/C179P140ThinF_IMG_20151127_153852_cell_154.png,Parasitized,109,127,RGB,1,1,1,0.9996259,False,13843,Q1 (smallest),0.9996259,0.9-1.0
/kaggle/input/cell-images-for-detecting-malaria/cell_images/Uninfected/C178P139NThinF_IMG_20151201_151903_cell_68.png,Uninfected,121,130,RGB,0,0,0,0.01535624,False,15730,Q2,0.98464376,0.9-1.0
/kaggle/input/cell-images-for-detecting-malaria/cell_images/Uninfected/C150P111ThinF_IMG_20151115_115950_cell_33.png,Uninfected,121,121,RGB,0,0,0,0.0006221757,False,14641,Q1 (smallest),0.99937785,0.9-1.0
/kaggle/input/cell-images-for-detecting-malaria/cell_images/Parasitized/C133P94ThinF_IMG_20151004_154717_cell_136.png,Parasitized,142,136,RGB,1,1,1,0.9987495,False,19312,Q3,0.9987495,0.9-1.0
/kaggle/input/cell-images-for-detecting-malaria/cell_images/Uninfected/C65P26N_ThinF_IMG_20150818_154624_cell_169.png,Uninfected,133,169,RGB,0,0,0,0.0016888693,False,22477,Q4 (largest),0.9983111,0.9-1.0
/kaggle/input/cell-images-for-detecting-malaria/cell_images/Uninfected/C213ThinF_IMG_20151106_112759_cell_68.png,Uninfected,133,136,RGB,0,0,0,0.002211197,False,18088,Q3,0.9977888,0.9-1.0
/kaggle/input/cell-images-for-detecting-malaria/cell_images/Uninfected/C208ThinF_IMG_20151029_151017_cell_193.png,Uninfected,148,148,RGB,0,0,0,0.0007907012,False,21904,Q4 (largest),0.9992093,0.9-1.0
/kaggle/input/cell-images-for-detecting-malaria/cell_images/Uninfected/C230ThinF_IMG_20151112_150621_cell_141.png,Uninfected,124,121,RGB,0,0,0,0.003227305,False,15004,Q2,0.9967727,0.9-1.0
/kaggle/input/cell-images-for-detecting-malaria/cell_images/Uninfected/C231ThinF_IMG_20151112_152234_cell_194.png,Uninfected,142,124,RGB,0,0,0,0.00027783195,False,17608,Q3,0.9997222,0.9-1.0
/kaggle/input/cell-images-for-detecting-malaria/cell_images/Parasitized/C182P143NThinF_IMG_20151201_172216_cell_167.png,Parasitized,136,124,RGB,1,1,1,0.9973367,False,16864,Q2,0.9973367,0.9-1.0
/kaggle/input/cell-images-for-detecting-malaria/cell_images/Parasitized/C91P52ThinF_IMG_20150821_125423_cell_9.png,Parasitized,175,163,RGB,1,1,1,0.99604374,False,28525,Q4 (largest),0.99604374,0.9-1.0
/kaggle/input/cell-images-for-detecting-malaria/cell_images/Uninfected/C125P86ThinF_IMG_20151004_101158_cell_71.png,Uninfected,148,157,RGB,0,0,0,0.003703507,False,23236,Q4 (largest),0.99629647,0.9-1.0
/kaggle/input/cell-images-for-detecting-malaria/cell_images/Uninfected/C166P127ThinF_IMG_20151117_194147_cell_39.png,Uninfected,100,124,RGB,0,0,0,0.022312755,False,12400,Q1 (smallest),0.97768724,0.9-1.0
/kaggle/input/cell-images-for-detecting-malaria/cell_images/Uninfected/C134P95ThinF_IMG_20151005_121656_cell_95.png,Uninfected,139,124,RGB,0,0,0,0.001585045,False,17236,Q2,0.99841493,0.9-1.0
/kaggle/input/cell-images-for-detecting-malaria/cell_images/Parasitized/C116P77ThinF_IMG_20150930_171558_cell_141.png,Parasitized,124,109,RGB,1,1,1,0.5455764,False,13516,Q1 (smallest),0.5455764,0.5-0.6
/kaggle/input/cell-images-for-detecting-malaria/cell_images/Uninfected/C57P18thinF_IMG_20150729_110457_cell_199.png,Uninfected,124,130,RGB,0,0,0,0.0014547061,False,16120,Q2,0.9985453,0.9-1.0
/kaggle/input/cell-images-for-detecting-malaria/cell_images/Parasitized/C84P45ThinF_IMG_20150818_103817_cell_3.png,Parasitized,139,112,RGB,1,1,1,0.9995275,False,15568,Q2,0.9995275,0.9-1.0
/kaggle/input/cell-images-for-detecting-malaria/cell_images/Uninfected/C165P126ThinF_IMG_20151117_171646_cell_173.png,Uninfected,151,124,RGB,0,0,0,0.0021217724,False,18724,Q3,0.99787825,0.9-1.0
/kaggle/input/cell-images-for-detecting-malaria/cell_images/Uninfected/C7NthinF_IMG_20150611_104510_cell_54.png,Uninfected,121,100,RGB,0,0,0,0.05316626,False,12100,Q1 (smallest),0.9468337,0.9-1.0
/kaggle/input/cell-images-for-detecting-malaria/cell_images/Parasitized/C116P77ThinF_IMG_20150930_171954_cell_101.png,Parasitized,127,115,RGB,1,1,1,0.9987882,False,14605,Q1 (smallest),0.9987882,0.9-1.0
/kaggle/input/cell-images-for-detecting-malaria/cell_images/Uninfected/C140P101ThinF_IMG_20151005_205922_cell_82.png,Uninfected,100,151,RGB,0,0,0,0.0009023555,False,15100,Q2,0.99909765,0.9-1.0
/kaggle/input/cell-images-for-detecting-malaria/cell_images/Uninfected/C173P134NThinF_IMG_20151130_115339_cell_2.png,Uninfected,103,88,RGB,0,0,0,0.0058490704,False,9064,Q1 (smallest),0.99415094,0.9-1.0
/kaggle/input/cell-images-for-detecting-malaria/cell_images/Parasitized/C110P71ThinF_IMG_20150930_105925_cell_221.png,Parasitized,121,172,RGB,1,1,1,0.8665725,False,20812,Q4 (largest),0.8665725,0.8-0.9
/kaggle/input/cell-images-for-detecting-malaria/cell_images/Uninfected/C111P72ThinF_IMG_20150930_113210_cell_45.png,Uninfected,166,139,RGB,0,0,0,0.0028127625,False,23074,Q4 (largest),0.99718726,0.9-1.0
/kaggle/input/cell-images-for-detecting-malaria/cell_images/Uninfected/C94P55ThinF_IMG_20150821_170021_cell_36.png,Uninfected,118,130,RGB,0,0,0,0.0059806393,False,15340,Q2,0.9940194,0.9-1.0
/kaggle/input/cell-images-for-detecting-malaria/cell_images/Uninfected/C233ThinF_IMG_20151112_160059_cell_114.png,Uninfected,127,124,RGB,0,0,0,0.0004491996,False,15748,Q2,0.9995508,0.9-1.0
/kaggle/input/cell-images-for-detecting-malaria/cell_images/Uninfected/C70P31_ThinF_IMG_20150819_142744_cell_80.png,Uninfected,130,115,RGB,0,0,0,0.007451705,False,14950,Q2,0.9925483,0.9-1.0
/kaggle/input/cell-images-for-detecting-malaria/cell_images/Parasitized/C136P97ThinF_IMG_20151005_144727_cell_110.png,Parasitized,148,118,RGB,1,1,1,0.999987,False,17464,Q3,0.999987,0.9-1.0
/kaggle/input/cell-images-for-detecting-malaria/cell_images/Uninfected/C166P127ThinF_IMG_20151117_195030_cell_77.png,Uninfected,112,112,RGB,0,0,0,0.0052723708,False,12544,Q1 (smallest),0.9947276,0.9-1.0
/kaggle/input/cell-images-for-detecting-malaria/cell_images/Uninfected/C181P142ThinF_IMG_20151127_155914_cell_8.png,Uninfected,106,112,RGB,0,0,0,0.0697566,False,11872,Q1 (smallest),0.9302434,0.9-1.0
/kaggle/input/cell-images-for-detecting-malaria/cell_images/Uninfected/C112P73ThinF_IMG_20150930_131254_cell_46.png,Uninfected,139,133,RGB,0,0,0,0.0015070029,False,18487,Q3,0.998493,0.9-1.0
/kaggle/input/cell-images-for-detecting-malaria/cell_images/Parasitized/C132P93ThinF_IMG_20151004_153030_cell_10.png,Parasitized,130,148,RGB,1,1,1,1.0,False,19240,Q3,1.0,0.9-1.0
/kaggle/input/cell-images-for-detecting-malaria/cell_images/Parasitized/C39P4thinF_original_IMG_20150622_111326_cell_23.png,Parasitized,124,103,RGB,1,1,1,0.9914935,False,12772,Q1 (smallest),0.9914935,0.9-1.0
/kaggle/input/cell-images-for-detecting-malaria/cell_images/Parasitized/C116P77ThinF_IMG_20150930_171558_cell_93.png,Parasitized,142,121,RGB,1,1,0,0.46945316,True,17182,Q2,0.53054684,0.5-0.6
/kaggle/input/cell-images-for-detecting-malaria/cell_images/Parasitized/C91P52ThinF_IMG_20150821_125256_cell_19.png,Parasitized,160,160,RGB,1,1,1,0.80961776,False,25600,Q4 (largest),0.80961776,0.8-0.9
/kaggle/input/cell-images-for-detecting-malaria/cell_images/Uninfected/C217ThinF_IMG_20151106_141649_cell_63.png,Uninfected,124,130,RGB,0,0,0,0.0022312582,False,16120,Q2,0.99776876,0.9-1.0
/kaggle/input/cell-images-for-detecting-malaria/cell_images/Uninfected/C179P140ThinF_IMG_20151127_153436_cell_140.png,Uninfected,133,127,RGB,0,0,0,0.0340325,False,16891,Q2,0.9659675,0.9-1.0
/kaggle/input/cell-images-for-detecting-malaria/cell_images/Parasitized/C133P94ThinF_IMG_20151004_154919_cell_121.png,Parasitized,130,127,RGB,1,1,1,0.9813534,False,16510,Q2,0.9813534,0.9-1.0
/kaggle/input/cell-images-for-detecting-malaria/cell_images/Parasitized/C133P94ThinF_IMG_20151004_155012_cell_13.png,Parasitized,121,127,RGB,1,1,1,0.99976367,False,15367,Q2,0.99976367,0.9-1.0
/kaggle/input/cell-images-for-detecting-malaria/cell_images/Uninfected/C207ThinF_IMG_20151029_144152_cell_281.png,Uninfected,118,118,RGB,0,0,0,0.00076054013,False,13924,Q1 (smallest),0.99923944,0.9-1.0
/kaggle/input/cell-images-for-detecting-malaria/cell_images/Parasitized/C128P89ThinF_IMG_20151004_131129_cell_160.png,Parasitized,115,133,RGB,1,1,1,0.9664031,False,15295,Q2,0.9664031,0.9-1.0
/kaggle/input/cell-images-for-detecting-malaria/cell_images/Uninfected/C184P145ThinF_IMG_20151203_103114_cell_27.png,Uninfected,133,139,RGB,0,0,0,0.0044201408,False,18487,Q3,0.99557984,0.9-1.0
/kaggle/input/cell-images-for-detecting-malaria/cell_images/Parasitized/C137P98ThinF_IMG_20151005_163218_cell_77.png,Parasitized,118,115,RGB,1,1,1,0.99785966,False,13570,Q1 (smallest),0.99785966,0.9-1.0
/kaggle/input/cell-images-for-detecting-malaria/cell_images/Parasitized/C181P142ThinF_IMG_20151127_155914_cell_185.png,Parasitized,118,109,RGB,1,1,1,0.99834156,False,12862,Q1 (smallest),0.99834156,0.9-1.0
/kaggle/input/cell-images-for-detecting-malaria/cell_images/Uninfected/C47P8thin_Original_Motic_IMG_20150714_093636_cell_97.png,Uninfected,118,127,RGB,0,0,0,0.03658306,False,14986,Q2,0.96341693,0.9-1.0
/kaggle/input/cell-images-for-detecting-malaria/cell_images/Parasitized/C39P4thinF_original_IMG_20150622_110435_cell_118.png,Parasitized,130,118,RGB,1,1,1,0.99006295,False,15340,Q2,0.99006295,0.9-1.0
/kaggle/input/cell-images-for-detecting-malaria/cell_images/Parasitized/C67P28N_ThinF_IMG_20150819_132441_cell_174.png,Parasitized,124,139,RGB,1,1,1,0.86684084,False,17236,Q2,0.86684084,0.8-0.9
/kaggle/input/cell-images-for-detecting-malaria/cell_images/Uninfected/C84P45ThinF_IMG_20150818_101257_cell_51.png,Uninfected,100,85,RGB,0,0,0,0.005113458,False,8500,Q1 (smallest),0.9948865,0.9-1.0
/kaggle/input/cell-images-for-detecting-malaria/cell_images/Parasitized/C167P128ReThinF_IMG_20151201_105354_cell_247.png,Parasitized,139,130,RGB,1,1,1,0.9968617,False,18070,Q3,0.9968617,0.9-1.0
/kaggle/input/cell-images-for-detecting-malaria/cell_images/Uninfected/C70P31_ThinF_IMG_20150819_141436_cell_80.png,Uninfected,139,130,RGB,0,0,0,0.004819397,False,18070,Q3,0.9951806,0.9-1.0
/kaggle/input/cell-images-for-detecting-malaria/cell_images/Uninfected/C127P88ThinF_IMG_20151004_112004_cell_1.png,Uninfected,133,145,RGB,0,0,0,0.0010738043,False,19285,Q3,0.9989262,0.9-1.0
/kaggle/input/cell-images-for-detecting-malaria/cell_images/Uninfected/C68P29N_ThinF_IMG_20150819_133236_cell_33.png,Uninfected,148,160,RGB,0,0,0,0.0053665885,False,23680,Q4 (largest),0.99463344,0.9-1.0
/kaggle/input/cell-images-for-detecting-malaria/cell_images/Parasitized/C182P143NThinF_IMG_20151201_171836_cell_153.png,Parasitized,103,109,RGB,1,1,1,0.99371237,False,11227,Q1 (smallest),0.99371237,0.9-1.0
/kaggle/input/cell-images-for-detecting-malaria/cell_images/Uninfected/C101P62ThinF_IMG_20150918_151239_cell_14.png,Uninfected,121,145,RGB,0,0,0,0.0077924794,False,17545,Q3,0.9922075,0.9-1.0
/kaggle/input/cell-images-for-detecting-malaria/cell_images/Uninfected/C146P107ThinF_IMG_20151018_135846_cell_82.png,Uninfected,175,127,RGB,0,0,0,0.016973643,False,22225,Q4 (largest),0.9830264,0.9-1.0
/kaggle/input/cell-images-for-detecting-malaria/cell_images/Uninfected/C139P100ThinF_IMG_20151005_183601_cell_4.png,Uninfected,154,148,RGB,0,0,0,0.021238374,False,22792,Q4 (largest),0.9787616,0.9-1.0
/kaggle/input/cell-images-for-detecting-malaria/cell_images/Uninfected/C168P129ThinF_IMG_20151118_154126_cell_43.png,Uninfected,136,175,RGB,0,0,0,0.054281346,False,23800,Q4 (largest),0.94571865,0.9-1.0
/kaggle/input/cell-images-for-detecting-malaria/cell_images/Parasitized/C93P54ThinF_IMG_20150821_163815_cell_220.png,Parasitized,121,112,RGB,1,1,1,0.9393942,False,13552,Q1 (smallest),0.9393942,0.9-1.0
/kaggle/input/cell-images-for-detecting-malaria/cell_images/Parasitized/C182P143NThinF_IMG_20151201_172257_cell_157.png,Parasitized,85,100,RGB,1,1,1,0.9990783,False,8500,Q1 (smallest),0.9990783,0.9-1.0
/kaggle/input/cell-images-for-detecting-malaria/cell_images/Uninfected/C130P91ThinF_IMG_20151004_142109_cell_30.png,Uninfected,160,142,RGB,0,0,0,0.0014813126,False,22720,Q4 (largest),0.9985187,0.9-1.0
/kaggle/input/cell-images-for-detecting-malaria/cell_images/Parasitized/C184P145ThinF_IMG_20151203_104153_cell_135.png,Parasitized,133,127,RGB,1,1,0,0.051092062,True,16891,Q2,0.9489079,0.9-1.0
/kaggle/input/cell-images-for-detecting-malaria/cell_images/Parasitized/C132P93ThinF_IMG_20151004_152257_cell_143.png,Parasitized,148,103,RGB,1,1,1,0.9999949,False,15244,Q2,0.9999949,0.9-1.0
/kaggle/input/cell-images-for-detecting-malaria/cell_images/Uninfected/C139P100ThinF_IMG_20151005_183521_cell_31.png,Uninfected,133,112,RGB,0,0,0,0.001040726,False,14896,Q2,0.9989593,0.9-1.0
/kaggle/input/cell-images-for-detecting-malaria/cell_images/Parasitized/C126P87ThinF_IMG_20151004_104728_cell_127.png,Parasitized,130,130,RGB,1,1,1,0.9507005,False,16900,Q2,0.9507005,0.9-1.0
/kaggle/input/cell-images-for-detecting-malaria/cell_images/Parasitized/C99P60ThinF_IMG_20150918_141129_cell_141.png,Parasitized,115,127,RGB,1,1,1,0.9817631,False,14605,Q1 (smallest),0.9817631,0.9-1.0
/kaggle/input/cell-images-for-detecting-malaria/cell_images/Uninfected/C227ThinF_IMG_20151112_135818_cell_176.png,Uninfected,130,151,RGB,0,0,0,0.01606151,False,19630,Q3,0.9839385,0.9-1.0
/kaggle/input/cell-images-for-detecting-malaria/cell_images/Uninfected/C182P143NThinF_IMG_20151201_172257_cell_87.png,Uninfected,97,100,RGB,0,0,0,0.06728546,False,9700,Q1 (smallest),0.9327145,0.9-1.0
/kaggle/input/cell-images-for-detecting-malaria/cell_images/Parasitized/C176P137NThinF_IMG_20151201_120845_cell_127.png,Parasitized,139,127,RGB,1,1,1,0.9978265,False,17653,Q3,0.9978265,0.9-1.0
/kaggle/input/cell-images-for-detecting-malaria/cell_images/Parasitized/C113P74ThinF_IMG_20150930_134751_cell_175.png,Parasitized,106,115,RGB,1,1,1,0.99936527,False,12190,Q1 (smallest),0.99936527,0.9-1.0
/kaggle/input/cell-images-for-detecting-malaria/cell_images/Uninfected/C181P142ThinF_IMG_20151127_160514_cell_73.png,Uninfected,112,106,RGB,0,0,0,0.071634516,False,11872,Q1 (smallest),0.92836547,0.9-1.0
/kaggle/input/cell-images-for-detecting-malaria/cell_images/Uninfected/C145P106ThinF_IMG_20151016_154844_cell_117.png,Uninfected,121,100,RGB,0,0,0,0.0058150147,False,12100,Q1 (smallest),0.994185,0.9-1.0
/kaggle/input/cell-images-for-detecting-malaria/cell_images/Uninfected/C89P50ThinF_IMG_20150820_162504_cell_67.png,Uninfected,136,142,RGB,0,0,0,0.12352194,False,19312,Q3,0.8764781,0.8-0.9
/kaggle/input/cell-images-for-detecting-malaria/cell_images/Parasitized/C137P98ThinF_IMG_20151005_161306_cell_3.png,Parasitized,127,136,RGB,1,1,1,0.9945025,False,17272,Q2,0.9945025,0.9-1.0
/kaggle/input/cell-images-for-detecting-malaria/cell_images/Uninfected/C148P109ThinF_IMG_20151115_112445_cell_129.png,Uninfected,166,145,RGB,0,0,0,0.0209682,False,24070,Q4 (largest),0.9790318,0.9-1.0
/kaggle/input/cell-images-for-detecting-malaria/cell_images/Uninfected/C158P119ThinF_IMG_20151115_181558_cell_191.png,Uninfected,121,145,RGB,0,0,0,0.048458863,False,17545,Q3,0.9515411,0.9-1.0
/kaggle/input/cell-images-for-detecting-malaria/cell_images/Parasitized/C81P42ThinF_IMG_20150817_121113_cell_176.png,Parasitized,127,124,RGB,1,1,1,0.99933666,False,15748,Q2,0.99933666,0.9-1.0
/kaggle/input/cell-images-for-detecting-malaria/cell_images/Uninfected/C133P94ThinF_IMG_20151004_155144_cell_101.png,Uninfected,100,103,RGB,0,0,0,0.032299135,False,10300,Q1 (smallest),0.96770084,0.9-1.0
/kaggle/input/cell-images-for-detecting-malaria/cell_images/Parasitized/C137P98ThinF_IMG_20151005_163218_cell_89.png,Parasitized,124,139,RGB,1,1,1,0.98087054,False,17236,Q2,0.98087054,0.9-1.0
/kaggle/input/cell-images-for-detecting-malaria/cell_images/Uninfected/C56P17thinF_IMG_20150728_155921_cell_46.png,Uninfected,121,127,RGB,0,0,0,0.05125222,False,15367,Q2,0.94874775,0.9-1.0
/kaggle/input/cell-images-for-detecting-malaria/cell_images/Uninfected/C149P110ThinF_IMG_20151115_114629_cell_28.png,Uninfected,103,103,RGB,0,0,0,0.0070228996,False,10609,Q1 (smallest),0.9929771,0.9-1.0
/kaggle/input/cell-images-for-detecting-malaria/cell_images/Parasitized/C174P135NThinF_IMG_20151127_135512_cell_181.png,Parasitized,109,130,RGB,1,1,1,0.97385025,False,14170,Q1 (smallest),0.97385025,0.9-1.0
/kaggle/input/cell-images-for-detecting-malaria/cell_images/Parasitized/C180P141NThinF_IMG_20151201_164714_cell_192.png,Parasitized,154,139,RGB,1,1,1,0.9999598,False,21406,Q4 (largest),0.9999598,0.9-1.0
/kaggle/input/cell-images-for-detecting-malaria/cell_images/Uninfected/C119P80ThinF_IMG_20151002_123608_cell_1.png,Uninfected,106,118,RGB,0,0,0,0.48832664,False,12508,Q1 (smallest),0.51167333,0.5-0.6
/kaggle/input/cell-images-for-detecting-malaria/cell_images/Uninfected/C104P65ThinF_IMG_20150918_171751_cell_49.png,Uninfected,139,145,RGB,0,0,0,0.0014023794,False,20155,Q3,0.9985976,0.9-1.0
/kaggle/input/cell-images-for-detecting-malaria/cell_images/Uninfected/C48P9thinF_IMG_20150721_161243_cell_126.png,Uninfected,190,163,RGB,0,0,0,0.09378585,False,30970,Q4 (largest),0.9062141,0.9-1.0
/kaggle/input/cell-images-for-detecting-malaria/cell_images/Uninfected/C172P133ThinF_IMG_20151119_155307_cell_130.png,Uninfected,106,118,RGB,0,0,0,0.010522525,False,12508,Q1 (smallest),0.98947746,0.9-1.0
/kaggle/input/cell-images-for-detecting-malaria/cell_images/Parasitized/C129P90ThinF_IMG_20151004_133703_cell_93.png,Parasitized,127,124,RGB,1,1,1,0.9957777,False,15748,Q2,0.9957777,0.9-1.0
/kaggle/input/cell-images-for-detecting-malaria/cell_images/Uninfected/C214ThinF_IMG_20151106_114526_cell_157.png,Uninfected,142,145,RGB,0,0,0,0.0037300722,False,20590,Q4 (largest),0.99626994,0.9-1.0
/kaggle/input/cell-images-for-detecting-malaria/cell_images/Parasitized/C99P60ThinF_IMG_20150918_140900_cell_106.png,Parasitized,196,166,RGB,1,1,1,0.99995184,False,32536,Q4 (largest),0.99995184,0.9-1.0
/kaggle/input/cell-images-for-detecting-malaria/cell_images/Parasitized/C39P4thinF_original_IMG_20150622_113842_cell_21.png,Parasitized,124,124,RGB,1,1,1,0.99729365,False,15376,Q2,0.99729365,0.9-1.0
/kaggle/input/cell-images-for-detecting-malaria/cell_images/Parasitized/C39P4thinF_original_IMG_20150622_110352_cell_114.png,Parasitized,133,124,RGB,1,1,1,0.83067566,False,16492,Q2,0.83067566,0.8-0.9
/kaggle/input/cell-images-for-detecting-malaria/cell_images/Uninfected/C2NThinF_IMG_20150604_114730_cell_178.png,Uninfected,160,121,RGB,0,0,0,0.009298369,False,19360,Q3,0.9907016,0.9-1.0
/kaggle/input/cell-images-for-detecting-malaria/cell_images/Uninfected/C61P22N_ThinF_IMG_20150818_112811_cell_108.png,Uninfected,127,139,RGB,0,0,0,0.009239768,False,17653,Q3,0.9907602,0.9-1.0
/kaggle/input/cell-images-for-detecting-malaria/cell_images/Parasitized/C91P52ThinF_IMG_20150821_124739_cell_177.png,Parasitized,163,115,RGB,1,1,1,0.9863781,False,18745,Q3,0.9863781,0.9-1.0
/kaggle/input/cell-images-for-detecting-malaria/cell_images/Parasitized/C132P93ThinF_IMG_20151004_151941_cell_19.png,Parasitized,121,124,RGB,1,1,1,0.96475303,False,15004,Q2,0.96475303,0.9-1.0
/kaggle/input/cell-images-for-detecting-malaria/cell_images/Parasitized/C99P60ThinF_IMG_20150918_141520_cell_144.png,Parasitized,142,124,RGB,1,1,1,0.98282444,False,17608,Q3,0.98282444,0.9-1.0
/kaggle/input/cell-images-for-detecting-malaria/cell_images/Uninfected/C241NThinF_IMG_20151207_124608_cell_40.png,Uninfected,139,151,RGB,0,0,0,0.0027941335,False,20989,Q4 (largest),0.99720585,0.9-1.0
/kaggle/input/cell-images-for-detecting-malaria/cell_images/Parasitized/C118P79ThinF_IMG_20151002_105018_cell_142.png,Parasitized,160,148,RGB,1,1,1,0.99861634,False,23680,Q4 (largest),0.99861634,0.9-1.0
/kaggle/input/cell-images-for-detecting-malaria/cell_images/Parasitized/C84P45ThinF_IMG_20150818_101056_cell_108.png,Parasitized,124,112,RGB,1,1,1,0.98678833,False,13888,Q1 (smallest),0.98678833,0.9-1.0
/kaggle/input/cell-images-for-detecting-malaria/cell_images/Uninfected/C46P7ThinF_IMG_20151130_210938_cell_48.png,Uninfected,124,118,RGB,0,0,0,0.05071575,False,14632,Q1 (smallest),0.94928426,0.9-1.0
/kaggle/input/cell-images-for-detecting-malaria/cell_images/Parasitized/C181P142ThinF_IMG_20151127_160616_cell_172.png,Parasitized,133,124,RGB,1,1,1,0.99956435,False,16492,Q2,0.99956435,0.9-1.0
/kaggle/input/cell-images-for-detecting-malaria/cell_images/Parasitized/C80P41ThinF_IMG_20150817_111802_cell_4.png,Parasitized,121,130,RGB,1,1,1,0.9998816,False,15730,Q2,0.9998816,0.9-1.0
/kaggle/input/cell-images-for-detecting-malaria/cell_images/Uninfected/C238NThinF_IMG_20151207_114345_cell_164.png,Uninfected,151,148,RGB,0,0,0,0.09754824,False,22348,Q4 (largest),0.90245175,0.9-1.0
/kaggle/input/cell-images-for-detecting-malaria/cell_images/Parasitized/C93P54ThinF_IMG_20150821_163815_cell_215.png,Parasitized,133,130,RGB,1,1,1,0.8530937,False,17290,Q2,0.8530937,0.8-0.9
/kaggle/input/cell-images-for-detecting-malaria/cell_images/Parasitized/C189P150ThinF_IMG_20151203_142113_cell_85.png,Parasitized,124,109,RGB,1,1,1,0.9518395,False,13516,Q1 (smallest),0.9518395,0.9-1.0
/kaggle/input/cell-images-for-detecting-malaria/cell_images/Parasitized/C118P79ThinF_IMG_20151002_105346_cell_150.png,Parasitized,154,157,RGB,1,1,1,0.9998995,False,24178,Q4 (largest),0.9998995,0.9-1.0
/kaggle/input/cell-images-for-detecting-malaria/cell_images/Parasitized/C133P94ThinF_IMG_20151004_155912_cell_12.png,Parasitized,115,136,RGB,1,1,1,0.99977267,False,15640,Q2,0.99977267,0.9-1.0
/kaggle/input/cell-images-for-detecting-malaria/cell_images/Parasitized/C82P43ThinF_IMG_20150817_123824_cell_181.png,Parasitized,130,145,RGB,1,1,1,0.9998038,False,18850,Q3,0.9998038,0.9-1.0
/kaggle/input/cell-images-for-detecting-malaria/cell_images/Uninfected/C95P56ThinF_IMG_20150821_171751_cell_63.png,Uninfected,139,142,RGB,0,0,0,0.013524557,False,19738,Q3,0.98647547,0.9-1.0
/kaggle/input/cell-images-for-detecting-malaria/cell_images/Uninfected/C101P62ThinF_IMG_20150918_151006_cell_29.png,Uninfected,130,115,RGB,0,0,0,0.003472213,False,14950,Q2,0.9965278,0.9-1.0
/kaggle/input/cell-images-for-detecting-malaria/cell_images/Parasitized/C93P54ThinF_IMG_20150821_162901_cell_194.png,Parasitized,139,133,RGB,1,1,1,0.99270356,False,18487,Q3,0.99270356,0.9-1.0
/kaggle/input/cell-images-for-detecting-malaria/cell_images/Uninfected/C186P147NThinF_IMG_20151203_150859_cell_61.png,Uninfected,211,115,RGB,0,0,0,0.014998235,False,24265,Q4 (largest),0.98500174,0.9-1.0
/kaggle/input/cell-images-for-detecting-malaria/cell_images/Uninfected/C165P126ThinF_IMG_20151117_172356_cell_37.png,Uninfected,190,118,RGB,0,0,0,0.0069156503,False,22420,Q4 (largest),0.9930844,0.9-1.0
/kaggle/input/cell-images-for-detecting-malaria/cell_images/Uninfected/C166P127ThinF_IMG_20151117_193235_cell_152.png,Uninfected,130,130,RGB,0,0,0,0.002590113,False,16900,Q2,0.9974099,0.9-1.0
/kaggle/input/cell-images-for-detecting-malaria/cell_images/Parasitized/C80P41ThinF_IMG_20150817_110957_cell_134.png,Parasitized,151,145,RGB,1,1,1,0.9968447,False,21895,Q4 (largest),0.9968447,0.9-1.0
/kaggle/input/cell-images-for-detecting-malaria/cell_images/Uninfected/C240ThinF_IMG_20151127_115545_cell_97.png,Uninfected,124,130,RGB,0,0,0,0.00058469287,False,16120,Q2,0.9994153,0.9-1.0
/kaggle/input/cell-images-for-detecting-malaria/cell_images/Parasitized/C187P148NThinF_IMG_20151203_154249_cell_138.png,Parasitized,118,121,RGB,1,1,1,0.6297091,False,14278,Q1 (smallest),0.6297091,0.6-0.7
/kaggle/input/cell-images-for-detecting-malaria/cell_images/Uninfected/C234ThinF_IMG_20151112_162909_cell_216.png,Uninfected,130,130,RGB,0,0,0,0.00048630705,False,16900,Q2,0.9995137,0.9-1.0
/kaggle/input/cell-images-for-detecting-malaria/cell_images/Uninfected/C159P120ThinF_IMG_20151115_191301_cell_168.png,Uninfected,130,133,RGB,0,0,0,0.011449848,False,17290,Q2,0.9885501,0.9-1.0
/kaggle/input/cell-images-for-detecting-malaria/cell_images/Parasitized/C116P77ThinF_IMG_20150930_172112_cell_87.png,Parasitized,139,139,RGB,1,1,1,0.985255,False,19321,Q3,0.985255,0.9-1.0
/kaggle/input/cell-images-for-detecting-malaria/cell_images/Uninfected/C177P138NThinF_IMG_20151201_142846_cell_66.png,Uninfected,109,109,RGB,0,0,0,0.031035392,False,11881,Q1 (smallest),0.96896464,0.9-1.0
/kaggle/input/cell-images-for-detecting-malaria/cell_images/Parasitized/C186P147NThinF_IMG_20151203_150557_cell_183.png,Parasitized,139,136,RGB,1,1,1,0.99839705,False,18904,Q3,0.99839705,0.9-1.0
/kaggle/input/cell-images-for-detecting-malaria/cell_images/Parasitized/C188P149ThinF_IMG_20151203_134319_cell_182.png,Parasitized,118,133,RGB,1,1,1,0.9921125,False,15694,Q2,0.9921125,0.9-1.0
/kaggle/input/cell-images-for-detecting-malaria/cell_images/Parasitized/C152P113ThinF_IMG_20151115_124557_cell_172.png,Parasitized,115,124,RGB,1,1,1,0.99665064,False,14260,Q1 (smallest),0.99665064,0.9-1.0
/kaggle/input/cell-images-for-detecting-malaria/cell_images/Uninfected/C53P14thinF_IMG_20150726_120026_cell_49.png,Uninfected,151,139,RGB,0,0,0,0.0029318794,False,20989,Q4 (largest),0.9970681,0.9-1.0
/kaggle/input/cell-images-for-detecting-malaria/cell_images/Parasitized/C123P84ThinF_IMG_20151002_150931_cell_202.png,Parasitized,127,130,RGB,1,1,1,0.9999683,False,16510,Q2,0.9999683,0.9-1.0
/kaggle/input/cell-images-for-detecting-malaria/cell_images/Parasitized/C67P28N_ThinF_IMG_20150819_115955_cell_172.png,Parasitized,139,124,RGB,1,1,1,0.99903315,False,17236,Q2,0.99903315,0.9-1.0
/kaggle/input/cell-images-for-detecting-malaria/cell_images/Uninfected/C224ThinF_IMG_20151112_112735_cell_214.png,Uninfected,115,124,RGB,0,0,0,0.00042129026,False,14260,Q1 (smallest),0.9995787,0.9-1.0
/kaggle/input/cell-images-for-detecting-malaria/cell_images/Parasitized/C98P59ThinF_IMG_20150917_153030_cell_163.png,Parasitized,187,151,RGB,1,1,1,0.9998841,False,28237,Q4 (largest),0.9998841,0.9-1.0
/kaggle/input/cell-images-for-detecting-malaria/cell_images/Parasitized/C180P141NThinF_IMG_20151201_163702_cell_205.png,Parasitized,175,127,RGB,1,1,1,0.99238145,False,22225,Q4 (largest),0.99238145,0.9-1.0
/kaggle/input/cell-images-for-detecting-malaria/cell_images/Parasitized/C33P1thinF_IMG_20150619_121229a_cell_178.png,Parasitized,121,121,RGB,1,1,1,0.8721252,False,14641,Q1 (smallest),0.8721252,0.8-0.9
/kaggle/input/cell-images-for-detecting-malaria/cell_images/Uninfected/C38P3thinF_original_IMG_20150621_112246_cell_70.png,Uninfected,154,106,RGB,0,0,0,0.009107269,False,16324,Q2,0.9908927,0.9-1.0
/kaggle/input/cell-images-for-detecting-malaria/cell_images/Uninfected/C45P6ThinF_IMG_20151130_160135_cell_199.png,Uninfected,142,136,RGB,0,0,0,0.14969939,False,19312,Q3,0.8503006,0.8-0.9
/kaggle/input/cell-images-for-detecting-malaria/cell_images/Uninfected/C55P16thinF_IMG_20150728_123154_cell_176.png,Uninfected,154,109,RGB,0,0,0,0.0058018113,False,16786,Q2,0.9941982,0.9-1.0
/kaggle/input/cell-images-for-detecting-malaria/cell_images/Parasitized/C180P141NThinF_IMG_20151201_165423_cell_172.png,Parasitized,169,169,RGB,1,1,1,0.9550448,False,28561,Q4 (largest),0.9550448,0.9-1.0
/kaggle/input/cell-images-for-detecting-malaria/cell_images/Uninfected/C65P26N_ThinF_IMG_20150818_154050_cell_37.png,Uninfected,139,139,RGB,0,0,0,0.0021094629,False,19321,Q3,0.99789053,0.9-1.0
/kaggle/input/cell-images-for-detecting-malaria/cell_images/Parasitized/C60P21thinF_IMG_20150804_105034_cell_105.png,Parasitized,160,148,RGB,1,1,1,0.9906419,False,23680,Q4 (largest),0.9906419,0.9-1.0
/kaggle/input/cell-images-for-detecting-malaria/cell_images/Uninfected/C204ThinF_IMG_20151029_110627_cell_4.png,Uninfected,145,151,RGB,0,0,0,0.0037242007,False,21895,Q4 (largest),0.9962758,0.9-1.0
/kaggle/input/cell-images-for-detecting-malaria/cell_images/Uninfected/C142P103ThinF_IMG_20151005_221900_cell_67.png,Uninfected,97,112,RGB,0,0,0,0.02500074,False,10864,Q1 (smallest),0.97499925,0.9-1.0
/kaggle/input/cell-images-for-detecting-malaria/cell_images/Parasitized/C116P77ThinF_IMG_20150930_171809_cell_63.png,Parasitized,73,94,RGB,1,1,0,0.47369614,True,6862,Q1 (smallest),0.5263039,0.5-0.6
/kaggle/input/cell-images-for-detecting-malaria/cell_images/Parasitized/C182P143NThinF_IMG_20151201_172759_cell_27.png,Parasitized,127,109,RGB,1,1,1,0.99996805,False,13843,Q1 (smallest),0.99996805,0.9-1.0
/kaggle/input/cell-images-for-detecting-malaria/cell_images/Parasitized/C132P93ThinF_IMG_20151004_152257_cell_133.png,Parasitized,115,121,RGB,1,1,1,0.9995065,False,13915,Q1 (smallest),0.9995065,0.9-1.0
/kaggle/input/cell-images-for-detecting-malaria/cell_images/Uninfected/C39P4thinF_original_IMG_20150622_105803_cell_16.png,Uninfected,109,112,RGB,0,0,0,0.081496105,False,12208,Q1 (smallest),0.9185039,0.9-1.0
/kaggle/input/cell-images-for-detecting-malaria/cell_images/Uninfected/C76P37ThinF_IMG_20150815_171454_cell_2.png,Uninfected,121,121,RGB,0,0,0,0.0017126821,False,14641,Q1 (smallest),0.9982873,0.9-1.0
/kaggle/input/cell-images-for-detecting-malaria/cell_images/Parasitized/C117P78ThinF_IMG_20150930_215322_cell_85.png,Parasitized,136,139,RGB,1,1,1,0.9999838,False,18904,Q3,0.9999838,0.9-1.0
/kaggle/input/cell-images-for-detecting-malaria/cell_images/Parasitized/C80P41ThinF_IMG_20150817_110348_cell_129.png,Parasitized,169,124,RGB,1,1,1,0.9917453,False,20956,Q4 (largest),0.9917453,0.9-1.0
/kaggle/input/cell-images-for-detecting-malaria/cell_images/Uninfected/C230ThinF_IMG_20151112_150621_cell_213.png,Uninfected,106,130,RGB,0,0,0,0.00025758758,False,13780,Q1 (smallest),0.9997424,0.9-1.0
/kaggle/input/cell-images-for-detecting-malaria/cell_images/Parasitized/C68P29N_ThinF_IMG_20150819_134112_cell_134.png,Parasitized,151,142,RGB,1,1,1,0.9999982,False,21442,Q4 (largest),0.9999982,0.9-1.0
/kaggle/input/cell-images-for-detecting-malaria/cell_images/Uninfected/C219ThinF_IMG_20151106_150027_cell_85.png,Uninfected,142,130,RGB,0,0,0,0.0012392859,False,18460,Q3,0.9987607,0.9-1.0
/kaggle/input/cell-images-for-detecting-malaria/cell_images/Parasitized/C82P43ThinF_IMG_20150817_125326_cell_3.png,Parasitized,133,145,RGB,1,1,1,0.9967809,False,19285,Q3,0.9967809,0.9-1.0
/kaggle/input/cell-images-for-detecting-malaria/cell_images/Uninfected/C138P99ThinF_IMG_20151005_173241_cell_8.png,Uninfected,148,148,RGB,0,0,0,0.0019608217,False,21904,Q4 (largest),0.9980392,0.9-1.0
/kaggle/input/cell-images-for-detecting-malaria/cell_images/Uninfected/C95P56ThinF_IMG_20150821_171603_cell_1.png,Uninfected,127,136,RGB,0,0,0,0.0010052526,False,17272,Q2,0.99899477,0.9-1.0
/kaggle/input/cell-images-for-detecting-malaria/cell_images/Uninfected/C164P125ThinF_IMG_20151116_113550_cell_103.png,Uninfected,115,118,RGB,0,0,0,0.056986816,False,13570,Q1 (smallest),0.9430132,0.9-1.0
/kaggle/input/cell-images-for-detecting-malaria/cell_images/Uninfected/C205ThinF_IMG_20151106_152003_cell_133.png,Uninfected,139,133,RGB,0,0,0,0.00014216795,False,18487,Q3,0.99985784,0.9-1.0
/kaggle/input/cell-images-for-detecting-malaria/cell_images/Parasitized/C182P143NThinF_IMG_20151201_172607_cell_40.png,Parasitized,139,115,RGB,1,1,1,0.9985092,False,15985,Q2,0.9985092,0.9-1.0
/kaggle/input/cell-images-for-detecting-malaria/cell_images/Uninfected/C119P80ThinF_IMG_20151002_123911_cell_54.png,Uninfected,124,130,RGB,0,0,0,0.0039281836,False,16120,Q2,0.9960718,0.9-1.0
/kaggle/input/cell-images-for-detecting-malaria/cell_images/Parasitized/C188P149ThinF_IMG_20151203_134449_cell_204.png,Parasitized,100,112,RGB,1,1,0,0.12465166,True,11200,Q1 (smallest),0.8753483,0.8-0.9
/kaggle/input/cell-images-for-detecting-malaria/cell_images/Parasitized/C70P31_ThinF_IMG_20150813_130510_cell_85.png,Parasitized,97,112,RGB,1,1,1,0.9986236,False,10864,Q1 (smallest),0.9986236,0.9-1.0
/kaggle/input/cell-images-for-detecting-malaria/cell_images/Uninfected/C175P136NThinF_IMG_20151127_141428_cell_134.png,Uninfected,145,157,RGB,0,0,0,0.028280614,False,22765,Q4 (largest),0.9717194,0.9-1.0
/kaggle/input/cell-images-for-detecting-malaria/cell_images/Uninfected/C114P75ThinF_IMG_20150930_150833_cell_26.png,Uninfected,118,124,RGB,0,0,0,0.0040640943,False,14632,Q1 (smallest),0.9959359,0.9-1.0
/kaggle/input/cell-images-for-detecting-malaria/cell_images/Parasitized/C188P149ThinF_IMG_20151203_135433_cell_178.png,Parasitized,130,139,RGB,1,1,1,0.9977825,False,18070,Q3,0.9977825,0.9-1.0
/kaggle/input/cell-images-for-detecting-malaria/cell_images/Uninfected/C98P59ThinF_IMG_20150917_153600_cell_116.png,Uninfected,148,184,RGB,0,0,1,0.6947154,True,27232,Q4 (largest),0.6947154,0.6-0.7
/kaggle/input/cell-images-for-detecting-malaria/cell_images/Uninfected/C145P106ThinF_IMG_20151016_155121_cell_85.png,Uninfected,124,124,RGB,0,0,0,0.03595323,False,15376,Q2,0.9640468,0.9-1.0
/kaggle/input/cell-images-for-detecting-malaria/cell_images/Uninfected/C229ThinF_IMG_20151112_144534_cell_110.png,Uninfected,139,130,RGB,0,0,0,0.008494367,False,18070,Q3,0.9915056,0.9-1.0
/kaggle/input/cell-images-for-detecting-malaria/cell_images/Uninfected/C173P134NThinF_IMG_20151130_120046_cell_20.png,Uninfected,118,118,RGB,0,0,0,0.0047959383,False,13924,Q1 (smallest),0.9952041,0.9-1.0
/kaggle/input/cell-images-for-detecting-malaria/cell_images/Parasitized/C39P4thinF_original_IMG_20150622_110352_cell_83.png,Parasitized,172,136,RGB,1,1,1,0.99163336,False,23392,Q4 (largest),0.99163336,0.9-1.0
/kaggle/input/cell-images-for-detecting-malaria/cell_images/Parasitized/C84P45ThinF_IMG_20150818_101146_cell_96.png,Parasitized,112,127,RGB,1,1,1,0.995925,False,14224,Q1 (smallest),0.995925,0.9-1.0
/kaggle/input/cell-images-for-detecting-malaria/cell_images/Parasitized/C84P45ThinF_IMG_20150818_101257_cell_85.png,Parasitized,133,127,RGB,1,1,1,0.99601763,False,16891,Q2,0.99601763,0.9-1.0
/kaggle/input/cell-images-for-detecting-malaria/cell_images/Parasitized/C117P78ThinF_IMG_20150930_220616_cell_95.png,Parasitized,121,133,RGB,1,1,1,0.7380283,False,16093,Q2,0.7380283,0.7-0.8
/kaggle/input/cell-images-for-detecting-malaria/cell_images/Parasitized/C92P53ThinF_IMG_20150821_151646_cell_204.png,Parasitized,151,145,RGB,1,1,1,0.9363178,False,21895,Q4 (largest),0.9363178,0.9-1.0
/kaggle/input/cell-images-for-detecting-malaria/cell_images/Parasitized/C91P52ThinF_IMG_20150821_124311_cell_8.png,Parasitized,139,145,RGB,1,1,1,0.98420876,False,20155,Q3,0.98420876,0.9-1.0
/kaggle/input/cell-images-for-detecting-malaria/cell_images/Parasitized/C140P101ThinF_IMG_20151005_205406_cell_166.png,Parasitized,136,145,RGB,1,1,1,0.9249529,False,19720,Q3,0.9249529,0.9-1.0
/kaggle/input/cell-images-for-detecting-malaria/cell_images/Uninfected/C142P103ThinF_IMG_20151005_221115_cell_128.png,Uninfected,121,109,RGB,0,0,1,0.898875,True,13189,Q1 (smallest),0.898875,0.8-0.9
/kaggle/input/cell-images-for-detecting-malaria/cell_images/Uninfected/C133P94ThinF_IMG_20151004_155331_cell_27.png,Uninfected,121,109,RGB,0,0,0,0.008166821,False,13189,Q1 (smallest),0.99183315,0.9-1.0
/kaggle/input/cell-images-for-detecting-malaria/cell_images/Uninfected/C49P10thinF_IMG_20150724_102951_cell_66.png,Uninfected,142,160,RGB,0,0,0,0.097265914,False,22720,Q4 (largest),0.9027341,0.9-1.0
/kaggle/input/cell-images-for-detecting-malaria/cell_images/Parasitized/C159P120ThinF_IMG_20151115_190002_cell_226.png,Parasitized,133,121,RGB,1,1,1,0.99017686,False,16093,Q2,0.99017686,0.9-1.0
/kaggle/input/cell-images-for-detecting-malaria/cell_images/Parasitized/C48P9thinF_IMG_20150721_161243_cell_151.png,Parasitized,145,127,RGB,1,1,1,0.9925921,False,18415,Q3,0.9925921,0.9-1.0
/kaggle/input/cell-images-for-detecting-malaria/cell_images/Parasitized/C182P143NThinF_IMG_20151201_172257_cell_144.png,Parasitized,106,112,RGB,1,1,1,0.999982,False,11872,Q1 (smallest),0.999982,0.9-1.0
/kaggle/input/cell-images-for-detecting-malaria/cell_images/Uninfected/C57P18thinF_IMG_20150729_110305_cell_155.png,Uninfected,133,145,RGB,0,0,0,0.0030128532,False,19285,Q3,0.99698716,0.9-1.0
/kaggle/input/cell-images-for-detecting-malaria/cell_images/Parasitized/C145P106ThinF_IMG_20151016_154641_cell_143.png,Parasitized,115,124,RGB,1,1,1,0.9810198,False,14260,Q1 (smallest),0.9810198,0.9-1.0
/kaggle/input/cell-images-for-detecting-malaria/cell_images/Parasitized/C129P90ThinF_IMG_20151004_133921_cell_115.png,Parasitized,145,148,RGB,1,1,1,0.98801595,False,21460,Q4 (largest),0.98801595,0.9-1.0
/kaggle/input/cell-images-for-detecting-malaria/cell_images/Parasitized/C182P143NThinF_IMG_20151201_172607_cell_48.png,Parasitized,115,121,RGB,1,1,1,0.9984908,False,13915,Q1 (smallest),0.9984908,0.9-1.0
/kaggle/input/cell-images-for-detecting-malaria/cell_images/Uninfected/C134P95ThinF_IMG_20151005_121554_cell_21.png,Uninfected,124,118,RGB,0,0,0,0.005155383,False,14632,Q1 (smallest),0.9948446,0.9-1.0
/kaggle/input/cell-images-for-detecting-malaria/cell_images/Parasitized/C129P90ThinF_IMG_20151004_134700_cell_23.png,Parasitized,115,130,RGB,1,1,1,0.99514043,False,14950,Q2,0.99514043,0.9-1.0
/kaggle/input/cell-images-for-detecting-malaria/cell_images/Parasitized/C59P20thinF_IMG_20150803_113809_cell_17.png,Parasitized,109,121,RGB,1,1,1,0.9999957,False,13189,Q1 (smallest),0.9999957,0.9-1.0
/kaggle/input/cell-images-for-detecting-malaria/cell_images/Parasitized/C184P145ThinF_IMG_20151203_104334_cell_31.png,Parasitized,124,133,RGB,1,1,1,0.99933594,False,16492,Q2,0.99933594,0.9-1.0
/kaggle/input/cell-images-for-detecting-malaria/cell_images/Parasitized/C63P24N_ThinF_IMG_20150818_143319_cell_165.png,Parasitized,127,154,RGB,1,1,1,0.9994798,False,19558,Q3,0.9994798,0.9-1.0
/kaggle/input/cell-images-for-detecting-malaria/cell_images/Parasitized/C156P117ThinF_IMG_20151115_154435_cell_295.png,Parasitized,130,130,RGB,1,1,1,0.99520785,False,16900,Q2,0.99520785,0.9-1.0
/kaggle/input/cell-images-for-detecting-malaria/cell_images/Parasitized/C101P62ThinF_IMG_20150923_170246_cell_79.png,Parasitized,169,166,RGB,1,1,1,0.9999583,False,28054,Q4 (largest),0.9999583,0.9-1.0
/kaggle/input/cell-images-for-detecting-malaria/cell_images/Parasitized/C48P9thinF_IMG_20150721_160944_cell_236.png,Parasitized,139,193,RGB,1,1,1,0.958831,False,26827,Q4 (largest),0.958831,0.9-1.0
/kaggle/input/cell-images-for-detecting-malaria/cell_images/Uninfected/C103P64ThinF_IMG_20150918_164331_cell_35.png,Uninfected,157,145,RGB,0,0,0,0.0027311665,False,22765,Q4 (largest),0.99726886,0.9-1.0
/kaggle/input/cell-images-for-detecting-malaria/cell_images/Parasitized/C99P60ThinF_IMG_20150918_142128_cell_112.png,Parasitized,127,136,RGB,1,1,1,0.90051204,False,17272,Q2,0.90051204,0.9-1.0
/kaggle/input/cell-images-for-detecting-malaria/cell_images/Parasitized/C154P115ThinF_IMG_20151115_141543_cell_218.png,Parasitized,112,118,RGB,1,1,1,0.97632444,False,13216,Q1 (smallest),0.97632444,0.9-1.0
/kaggle/input/cell-images-for-detecting-malaria/cell_images/Parasitized/C120P81ThinF_IMG_20151002_130407_cell_187.png,Parasitized,142,139,RGB,1,1,1,0.9999206,False,19738,Q3,0.9999206,0.9-1.0
/kaggle/input/cell-images-for-detecting-malaria/cell_images/Parasitized/C184P145ThinF_IMG_20151203_102405_cell_178.png,Parasitized,163,139,RGB,1,1,1,0.9968838,False,22657,Q4 (largest),0.9968838,0.9-1.0
/kaggle/input/cell-images-for-detecting-malaria/cell_images/Uninfected/C84P45ThinF_IMG_20150818_101257_cell_47.png,Uninfected,103,115,RGB,0,0,0,0.0014122999,False,11845,Q1 (smallest),0.9985877,0.9-1.0
/kaggle/input/cell-images-for-detecting-malaria/cell_images/Parasitized/C157P118ThinF_IMG_20151115_163759_cell_189.png,Parasitized,127,124,RGB,1,1,1,0.9968644,False,15748,Q2,0.9968644,0.9-1.0
/kaggle/input/cell-images-for-detecting-malaria/cell_images/Parasitized/C101P62ThinF_IMG_20150923_165215_cell_29.png,Parasitized,145,142,RGB,1,1,1,1.0,False,20590,Q4 (largest),1.0,0.9-1.0
/kaggle/input/cell-images-for-detecting-malaria/cell_images/Parasitized/C96P57ThinF_IMG_20150824_111748_cell_217.png,Parasitized,142,142,RGB,1,1,1,0.9510847,False,20164,Q4 (largest),0.9510847,0.9-1.0
/kaggle/input/cell-images-for-detecting-malaria/cell_images/Uninfected/C225ThinF_IMG_20151112_113915_cell_243.png,Uninfected,121,130,RGB,0,0,0,0.007934875,False,15730,Q2,0.99206513,0.9-1.0
/kaggle/input/cell-images-for-detecting-malaria/cell_images/Uninfected/C183P144NThinF_IMG_20151201_223431_cell_63.png,Uninfected,109,130,RGB,0,0,0,0.06586146,False,14170,Q1 (smallest),0.93413854,0.9-1.0
/kaggle/input/cell-images-for-detecting-malaria/cell_images/Parasitized/C75P36_ThinF_IMG_20150815_163059_cell_160.png,Parasitized,127,127,RGB,1,1,1,0.9541527,False,16129,Q2,0.9541527,0.9-1.0
/kaggle/input/cell-images-for-detecting-malaria/cell_images/Uninfected/C222ThinF_IMG_20151115_150057_cell_148.png,Uninfected,136,133,RGB,0,0,0,0.0028282392,False,18088,Q3,0.99717176,0.9-1.0
/kaggle/input/cell-images-for-detecting-malaria/cell_images/Parasitized/C97P58ThinF_IMG_20150917_151512_cell_175.png,Parasitized,136,112,RGB,1,1,1,0.8882044,False,15232,Q2,0.8882044,0.8-0.9
/kaggle/input/cell-images-for-detecting-malaria/cell_images/Uninfected/C231ThinF_IMG_20151112_153041_cell_147.png,Uninfected,139,106,RGB,0,0,0,0.0074743205,False,14734,Q1 (smallest),0.9925257,0.9-1.0
/kaggle/input/cell-images-for-detecting-malaria/cell_images/Uninfected/C42P5thin_original_IMG_20150623_134426_cell_95.png,Uninfected,115,130,RGB,0,0,0,0.0026527161,False,14950,Q2,0.9973473,0.9-1.0
/kaggle/input/cell-images-for-detecting-malaria/cell_images/Uninfected/C87P48ThinF_IMG_20150820_144714_cell_195.png,Uninfected,139,124,RGB,0,0,0,0.009364513,False,17236,Q2,0.9906355,0.9-1.0
/kaggle/input/cell-images-for-detecting-malaria/cell_images/Parasitized/C97P58ThinF_IMG_20150917_152032_cell_178.png,Parasitized,121,112,RGB,1,1,1,0.99212074,False,13552,Q1 (smallest),0.99212074,0.9-1.0
/kaggle/input/cell-images-for-detecting-malaria/cell_images/Uninfected/C217ThinF_IMG_20151106_141326_cell_109.png,Uninfected,130,124,RGB,0,0,0,0.0008849322,False,16120,Q2,0.99911505,0.9-1.0
/kaggle/input/cell-images-for-detecting-malaria/cell_images/Uninfected/C79P40ThinF_IMG_20150817_102823_cell_33.png,Uninfected,124,118,RGB,0,0,0,0.00648351,False,14632,Q1 (smallest),0.9935165,0.9-1.0
/kaggle/input/cell-images-for-detecting-malaria/cell_images/Uninfected/C227ThinF_IMG_20151112_135509_cell_143.png,Uninfected,121,133,RGB,0,0,0,0.011596034,False,16093,Q2,0.988404,0.9-1.0
/kaggle/input/cell-images-for-detecting-malaria/cell_images/Uninfected/C80P41ThinF_IMG_20150817_110348_cell_59.png,Uninfected,118,133,RGB,0,0,0,0.14449397,False,15694,Q2,0.85550606,0.8-0.9
/kaggle/input/cell-images-for-detecting-malaria/cell_images/Parasitized/C182P143NThinF_IMG_20151201_171905_cell_173.png,Parasitized,106,106,RGB,1,1,1,0.99112815,False,11236,Q1 (smallest),0.99112815,0.9-1.0
/kaggle/input/cell-images-for-detecting-malaria/cell_images/Uninfected/C57P18thinF_IMG_20150729_111518_cell_23.png,Uninfected,121,121,RGB,0,0,0,0.00041564213,False,14641,Q1 (smallest),0.9995844,0.9-1.0
/kaggle/input/cell-images-for-detecting-malaria/cell_images/Uninfected/C182P143NThinF_IMG_20151201_171905_cell_32.png,Uninfected,130,121,RGB,0,0,0,0.031052861,False,15730,Q2,0.9689471,0.9-1.0
/kaggle/input/cell-images-for-detecting-malaria/cell_images/Parasitized/C74P35_ThinF_IMG_20150815_113951_cell_127.png,Parasitized,160,145,RGB,1,1,1,0.99345994,False,23200,Q4 (largest),0.99345994,0.9-1.0
/kaggle/input/cell-images-for-detecting-malaria/cell_images/Parasitized/C68P29N_ThinF_IMG_20150819_134504_cell_167.png,Parasitized,181,148,RGB,1,1,1,0.9693664,False,26788,Q4 (largest),0.9693664,0.9-1.0
/kaggle/input/cell-images-for-detecting-malaria/cell_images/Parasitized/C176P137NThinF_IMG_20151201_121808_cell_138.png,Parasitized,127,127,RGB,1,1,1,0.9992826,False,16129,Q2,0.9992826,0.9-1.0
/kaggle/input/cell-images-for-detecting-malaria/cell_images/Parasitized/C132P93ThinF_IMG_20151004_152505_cell_125.png,Parasitized,118,100,RGB,1,1,1,0.9956831,False,11800,Q1 (smallest),0.9956831,0.9-1.0
/kaggle/input/cell-images-for-detecting-malaria/cell_images/Parasitized/C48P9thinF_IMG_20150721_160944_cell_224.png,Parasitized,136,151,RGB,1,1,1,0.9935277,False,20536,Q4 (largest),0.9935277,0.9-1.0
/kaggle/input/cell-images-for-detecting-malaria/cell_images/Parasitized/C184P145ThinF_IMG_20151203_103326_cell_161.png,Parasitized,133,148,RGB,1,1,1,0.9832609,False,19684,Q3,0.9832609,0.9-1.0
/kaggle/input/cell-images-for-detecting-malaria/cell_images/Parasitized/C189P150ThinF_IMG_20151203_141308_cell_71.png,Parasitized,106,106,RGB,1,1,1,0.99999976,False,11236,Q1 (smallest),0.99999976,0.9-1.0
/kaggle/input/cell-images-for-detecting-malaria/cell_images/Parasitized/C68P29N_ThinF_IMG_20150819_134112_cell_147.png,Parasitized,142,154,RGB,1,1,1,0.9999999,False,21868,Q4 (largest),0.9999999,0.9-1.0
/kaggle/input/cell-images-for-detecting-malaria/cell_images/Parasitized/C182P143NThinF_IMG_20151201_172257_cell_159.png,Parasitized,115,109,RGB,1,1,1,0.98890626,False,12535,Q1 (smallest),0.98890626,0.9-1.0
/kaggle/input/cell-images-for-detecting-malaria/cell_images/Uninfected/C77P38ThinF_IMG_20150601_152941_cell_83.png,Uninfected,133,112,RGB,0,0,1,0.5512043,True,14896,Q2,0.5512043,0.5-0.6
/kaggle/input/cell-images-for-detecting-malaria/cell_images/Parasitized/C68P29N_ThinF_IMG_20150819_134504_cell_147.png,Parasitized,151,187,RGB,1,1,1,0.99945325,False,28237,Q4 (largest),0.99945325,0.9-1.0
/kaggle/input/cell-images-for-detecting-malaria/cell_images/Parasitized/C48P9thinF_IMG_20150721_160406_cell_223.png,Parasitized,178,121,RGB,1,1,1,0.95779294,False,21538,Q4 (largest),0.95779294,0.9-1.0
/kaggle/input/cell-images-for-detecting-malaria/cell_images/Parasitized/C33P1thinF_IMG_20150619_120645a_cell_215.png,Parasitized,130,145,RGB,1,1,1,0.68181115,False,18850,Q3,0.68181115,0.6-0.7
/kaggle/input/cell-images-for-detecting-malaria/cell_images/Parasitized/C99P60ThinF_IMG_20150918_141001_cell_120.png,Parasitized,166,142,RGB,1,1,1,0.99015677,False,23572,Q4 (largest),0.99015677,0.9-1.0
/kaggle/input/cell-images-for-detecting-malaria/cell_images/Parasitized/C48P9thinF_IMG_20150721_160944_cell_221.png,Parasitized,181,193,RGB,1,1,1,0.97871256,False,34933,Q4 (largest),0.97871256,0.9-1.0
/kaggle/input/cell-images-for-detecting-malaria/cell_images/Uninfected/C127P88ThinF_IMG_20151004_112301_cell_122.png,Uninfected,145,139,RGB,0,0,0,0.002602132,False,20155,Q3,0.99739784,0.9-1.0
/kaggle/input/cell-images-for-detecting-malaria/cell_images/Uninfected/C142P103ThinF_IMG_20151005_221115_cell_38.png,Uninfected,148,145,RGB,0,0,0,0.0029836858,False,21460,Q4 (largest),0.9970163,0.9-1.0
/kaggle/input/cell-images-for-detecting-malaria/cell_images/Uninfected/C158P119ThinF_IMG_20151115_181136_cell_163.png,Uninfected,133,124,RGB,0,0,0,0.008820505,False,16492,Q2,0.99117947,0.9-1.0
/kaggle/input/cell-images-for-detecting-malaria/cell_images/Parasitized/C116P77ThinF_IMG_20150930_171954_cell_100.png,Parasitized,88,136,RGB,1,1,1,0.9954393,False,11968,Q1 (smallest),0.9954393,0.9-1.0
/kaggle/input/cell-images-for-detecting-malaria/cell_images/Parasitized/C59P20thinF_IMG_20150803_113051_cell_189.png,Parasitized,127,115,RGB,1,1,1,0.98583114,False,14605,Q1 (smallest),0.98583114,0.9-1.0
/kaggle/input/cell-images-for-detecting-malaria/cell_images/Uninfected/C51AP12thinF_IMG_20150724_162636_cell_75.png,Uninfected,136,124,RGB,0,0,0,0.031770878,False,16864,Q2,0.9682291,0.9-1.0
/kaggle/input/cell-images-for-detecting-malaria/cell_images/Uninfected/C167P128ReThinF_IMG_20151201_105102_cell_207.png,Uninfected,94,133,RGB,0,0,0,0.021666473,False,12502,Q1 (smallest),0.97833353,0.9-1.0
/kaggle/input/cell-images-for-detecting-malaria/cell_images/Uninfected/C84P45ThinF_IMG_20150818_102654_cell_42.png,Uninfected,127,124,RGB,0,0,0,0.008764154,False,15748,Q2,0.99123585,0.9-1.0
/kaggle/input/cell-images-for-detecting-malaria/cell_images/Parasitized/C136P97ThinF_IMG_20151005_140646_cell_110.png,Parasitized,127,112,RGB,1,1,1,0.9971859,False,14224,Q1 (smallest),0.9971859,0.9-1.0
/kaggle/input/cell-images-for-detecting-malaria/cell_images/Uninfected/C172P133ThinF_IMG_20151119_155156_cell_23.png,Uninfected,172,157,RGB,0,0,0,0.052645575,False,27004,Q4 (largest),0.94735444,0.9-1.0
/kaggle/input/cell-images-for-detecting-malaria/cell_images/Parasitized/C70P31_ThinF_IMG_20150819_141403_cell_95.png,Parasitized,112,100,RGB,1,1,1,0.9999311,False,11200,Q1 (smallest),0.9999311,0.9-1.0
/kaggle/input/cell-images-for-detecting-malaria/cell_images/Uninfected/C140P101ThinF_IMG_20151005_210309_cell_161.png,Uninfected,118,190,RGB,0,0,0,0.0019148114,False,22420,Q4 (largest),0.9980852,0.9-1.0
/kaggle/input/cell-images-for-detecting-malaria/cell_images/Uninfected/C60P21thinF_IMG_20150804_105955_cell_31.png,Uninfected,148,148,RGB,0,0,0,0.011336974,False,21904,Q4 (largest),0.988663,0.9-1.0
/kaggle/input/cell-images-for-detecting-malaria/cell_images/Parasitized/C80P41ThinF_IMG_20150817_111943_cell_17.png,Parasitized,133,133,RGB,1,1,1,0.9994147,False,17689,Q3,0.9994147,0.9-1.0
/kaggle/input/cell-images-for-detecting-malaria/cell_images/Uninfected/C160P121ThinF_IMG_20151116_093109_cell_92.png,Uninfected,124,118,RGB,0,0,0,0.1257645,False,14632,Q1 (smallest),0.8742355,0.8-0.9
/kaggle/input/cell-images-for-detecting-malaria/cell_images/Uninfected/C180P141NThinF_IMG_20151201_163751_cell_82.png,Uninfected,145,163,RGB,0,0,0,0.01939259,False,23635,Q4 (largest),0.9806074,0.9-1.0
/kaggle/input/cell-images-for-detecting-malaria/cell_images/Parasitized/C68P29N_ThinF_IMG_20150819_134112_cell_105.png,Parasitized,130,127,RGB,1,1,1,0.99998224,False,16510,Q2,0.99998224,0.9-1.0
/kaggle/input/cell-images-for-detecting-malaria/cell_images/Uninfected/C232ThinF_IMG_20151112_154719_cell_233.png,Uninfected,121,115,RGB,0,0,0,0.20228472,False,13915,Q1 (smallest),0.7977153,0.7-0.8
/kaggle/input/cell-images-for-detecting-malaria/cell_images/Parasitized/C180P141NThinF_IMG_20151201_170021_cell_36.png,Parasitized,127,106,RGB,1,1,1,0.98573625,False,13462,Q1 (smallest),0.98573625,0.9-1.0
/kaggle/input/cell-images-for-detecting-malaria/cell_images/Uninfected/C75P36_ThinF_IMG_20150815_162935_cell_99.png,Uninfected,118,124,RGB,0,0,0,0.0030419119,False,14632,Q1 (smallest),0.9969581,0.9-1.0
/kaggle/input/cell-images-for-detecting-malaria/cell_images/Uninfected/C88P49ThinF_IMG_20150820_150724_cell_190.png,Uninfected,151,118,RGB,0,0,0,0.0011187216,False,17818,Q3,0.9988813,0.9-1.0
/kaggle/input/cell-images-for-detecting-malaria/cell_images/Parasitized/C132P93ThinF_IMG_20151004_152353_cell_180.png,Parasitized,142,136,RGB,1,1,1,0.9916986,False,19312,Q3,0.9916986,0.9-1.0
/kaggle/input/cell-images-for-detecting-malaria/cell_images/Parasitized/C84P45ThinF_IMG_20150818_104156_cell_120.png,Parasitized,109,112,RGB,1,1,1,0.99570316,False,12208,Q1 (smallest),0.99570316,0.9-1.0
/kaggle/input/cell-images-for-detecting-malaria/cell_images/Parasitized/C39P4thinF_original_IMG_20150622_113632_cell_18.png,Parasitized,124,121,RGB,1,1,1,0.9997416,False,15004,Q2,0.9997416,0.9-1.0
/kaggle/input/cell-images-for-detecting-malaria/cell_images/Uninfected/C83P44ThinF_IMG_20150817_133609_cell_82.png,Uninfected,148,151,RGB,0,0,0,0.0026483738,False,22348,Q4 (largest),0.99735165,0.9-1.0
/kaggle/input/cell-images-for-detecting-malaria/cell_images/Parasitized/C119P80ThinF_IMG_20151002_123911_cell_134.png,Parasitized,130,97,RGB,1,1,1,1.0,False,12610,Q1 (smallest),1.0,0.9-1.0
/kaggle/input/cell-images-for-detecting-malaria/cell_images/Uninfected/C87P48ThinF_IMG_20150820_132642_cell_83.png,Uninfected,175,154,RGB,0,0,0,0.031887174,False,26950,Q4 (largest),0.9681128,0.9-1.0
/kaggle/input/cell-images-for-detecting-malaria/cell_images/Parasitized/C70P31_ThinF_IMG_20150813_131609_cell_102.png,Parasitized,103,130,RGB,1,1,1,0.9752362,False,13390,Q1 (smallest),0.9752362,0.9-1.0
/kaggle/input/cell-images-for-detecting-malaria/cell_images/Parasitized/C78P39ThinF_IMG_20150606_103413_cell_169.png,Parasitized,145,127,RGB,1,1,1,0.90938544,False,18415,Q3,0.90938544,0.9-1.0
/kaggle/input/cell-images-for-detecting-malaria/cell_images/Parasitized/C140P101ThinF_IMG_20151005_205406_cell_161.png,Parasitized,142,136,RGB,1,1,1,0.9891312,False,19312,Q3,0.9891312,0.9-1.0
/kaggle/input/cell-images-for-detecting-malaria/cell_images/Parasitized/C51AP12thinF_IMG_20150724_154243_cell_122.png,Parasitized,163,202,RGB,1,1,1,0.999995,False,32926,Q4 (largest),0.999995,0.9-1.0
/kaggle/input/cell-images-for-detecting-malaria/cell_images/Parasitized/C176P137NThinF_IMG_20151201_114235_cell_9.png,Parasitized,163,151,RGB,1,1,1,0.99997795,False,24613,Q4 (largest),0.99997795,0.9-1.0
/kaggle/input/cell-images-for-detecting-malaria/cell_images/Uninfected/C46P7ThinF_IMG_20151130_210123_cell_112.png,Uninfected,106,130,RGB,0,0,0,0.035360634,False,13780,Q1 (smallest),0.96463937,0.9-1.0
/kaggle/input/cell-images-for-detecting-malaria/cell_images/Parasitized/C189P150ThinF_IMG_20151203_140809_cell_123.png,Parasitized,100,115,RGB,1,1,1,0.98214805,False,11500,Q1 (smallest),0.98214805,0.9-1.0
/kaggle/input/cell-images-for-detecting-malaria/cell_images/Uninfected/C144P105ThinF_IMG_20151015_163142_cell_246.png,Uninfected,136,121,RGB,0,0,0,0.0036583599,False,16456,Q2,0.99634165,0.9-1.0
/kaggle/input/cell-images-for-detecting-malaria/cell_images/Parasitized/C99P60ThinF_IMG_20150918_141129_cell_148.png,Parasitized,175,175,RGB,1,1,1,0.99973255,False,30625,Q4 (largest),0.99973255,0.9-1.0
/kaggle/input/cell-images-for-detecting-malaria/cell_images/Parasitized/C91P52ThinF_IMG_20150821_125154_cell_213.png,Parasitized,142,136,RGB,1,1,1,0.9599148,False,19312,Q3,0.9599148,0.9-1.0
/kaggle/input/cell-images-for-detecting-malaria/cell_images/Parasitized/C68P29N_ThinF_IMG_20150819_134504_cell_140.png,Parasitized,139,145,RGB,1,1,1,0.9999999,False,20155,Q3,0.9999999,0.9-1.0
/kaggle/input/cell-images-for-detecting-malaria/cell_images/Parasitized/C136P97ThinF_IMG_20151005_143743_cell_116.png,Parasitized,82,106,RGB,1,1,1,0.99687093,False,8692,Q1 (smallest),0.99687093,0.9-1.0
/kaggle/input/cell-images-for-detecting-malaria/cell_images/Uninfected/C183P144NThinF_IMG_20151201_224107_cell_81.png,Uninfected,118,109,RGB,0,0,0,0.03473492,False,12862,Q1 (smallest),0.9652651,0.9-1.0
/kaggle/input/cell-images-for-detecting-malaria/cell_images/Uninfected/C136P97ThinF_IMG_20151005_140538_cell_6.png,Uninfected,115,139,RGB,0,0,0,0.0049189404,False,15985,Q2,0.99508107,0.9-1.0
/kaggle/input/cell-images-for-detecting-malaria/cell_images/Uninfected/C94P55ThinF_IMG_20150821_165118_cell_26.png,Uninfected,133,136,RGB,0,0,0,0.0012348779,False,18088,Q3,0.9987651,0.9-1.0
/kaggle/input/cell-images-for-detecting-malaria/cell_images/Parasitized/C68P29N_ThinF_IMG_20150819_134712_cell_78.png,Parasitized,166,148,RGB,1,1,1,0.9983069,False,24568,Q4 (largest),0.9983069,0.9-1.0
/kaggle/input/cell-images-for-detecting-malaria/cell_images/Parasitized/C136P97ThinF_IMG_20151005_144449_cell_32.png,Parasitized,154,175,RGB,1,1,1,0.9466159,False,26950,Q4 (largest),0.9466159,0.9-1.0
/kaggle/input/cell-images-for-detecting-malaria/cell_images/Parasitized/C126P87ThinF_IMG_20151004_104441_cell_118.png,Parasitized,115,124,RGB,1,1,1,0.61855954,False,14260,Q1 (smallest),0.61855954,0.6-0.7
/kaggle/input/cell-images-for-detecting-malaria/cell_images/Uninfected/C83P44ThinF_IMG_20150817_133609_cell_13.png,Uninfected,139,148,RGB,0,0,0,0.00429164,False,20572,Q4 (largest),0.99570835,0.9-1.0
/kaggle/input/cell-images-for-detecting-malaria/cell_images/Parasitized/C48P9thinF_IMG_20150721_161055_cell_203.png,Parasitized,139,124,RGB,1,1,1,0.9994659,False,17236,Q2,0.9994659,0.9-1.0
/kaggle/input/cell-images-for-detecting-malaria/cell_images/Uninfected/C176P137NThinF_IMG_20151201_122811_cell_114.png,Uninfected,133,127,RGB,0,0,0,0.007713094,False,16891,Q2,0.9922869,0.9-1.0
/kaggle/input/cell-images-for-detecting-malaria/cell_images/Parasitized/C184P145ThinF_IMG_20151203_104153_cell_188.png,Parasitized,157,133,RGB,1,1,1,0.9999999,False,20881,Q4 (largest),0.9999999,0.9-1.0
/kaggle/input/cell-images-for-detecting-malaria/cell_images/Uninfected/C98P59ThinF_IMG_20150917_153801_cell_83.png,Uninfected,178,142,RGB,0,0,0,0.0128181055,False,25276,Q4 (largest),0.9871819,0.9-1.0
/kaggle/input/cell-images-for-detecting-malaria/cell_images/Uninfected/C48P9thinF_IMG_20150721_161243_cell_107.png,Uninfected,151,106,RGB,0,0,0,0.32681695,False,16006,Q2,0.6731831,0.6-0.7
/kaggle/input/cell-images-for-detecting-malaria/cell_images/Uninfected/C209ThinF_IMG_20151029_160721_cell_237.png,Uninfected,118,115,RGB,0,0,0,0.00014175224,False,13570,Q1 (smallest),0.99985826,0.9-1.0
/kaggle/input/cell-images-for-detecting-malaria/cell_images/Parasitized/C180P141NThinF_IMG_20151201_165659_cell_3.png,Parasitized,127,127,RGB,1,1,1,0.9828401,False,16129,Q2,0.9828401,0.9-1.0
/kaggle/input/cell-images-for-detecting-malaria/cell_images/Parasitized/C175P136NThinF_IMG_20151127_142009_cell_234.png,Parasitized,154,145,RGB,1,1,1,0.99839395,False,22330,Q4 (largest),0.99839395,0.9-1.0
/kaggle/input/cell-images-for-detecting-malaria/cell_images/Uninfected/C60P21thinF_IMG_20150804_105034_cell_38.png,Uninfected,127,127,RGB,0,0,0,0.0032943473,False,16129,Q2,0.99670565,0.9-1.0
/kaggle/input/cell-images-for-detecting-malaria/cell_images/Uninfected/C69P30N_ThinF_IMG_20150819_135705_cell_47.png,Uninfected,193,145,RGB,0,0,0,0.021274008,False,27985,Q4 (largest),0.97872597,0.9-1.0
/kaggle/input/cell-images-for-detecting-malaria/cell_images/Parasitized/C91P52ThinF_IMG_20150821_125423_cell_19.png,Parasitized,208,382,RGB,1,1,1,0.79433477,False,79456,Q4 (largest),0.79433477,0.7-0.8
/kaggle/input/cell-images-for-detecting-malaria/cell_images/Uninfected/C89P50ThinF_IMG_20150820_162153_cell_55.png,Uninfected,103,112,RGB,0,0,0,0.12080352,False,11536,Q1 (smallest),0.87919647,0.8-0.9
/kaggle/input/cell-images-for-detecting-malaria/cell_images/Parasitized/C118P79ThinF_IMG_20151002_105346_cell_154.png,Parasitized,145,154,RGB,1,1,1,0.9997509,False,22330,Q4 (largest),0.9997509,0.9-1.0
/kaggle/input/cell-images-for-detecting-malaria/cell_images/Uninfected/C153P114ThinF_IMG_20151115_135639_cell_84.png,Uninfected,127,103,RGB,0,0,0,0.006797998,False,13081,Q1 (smallest),0.99320203,0.9-1.0
/kaggle/input/cell-images-for-detecting-malaria/cell_images/Uninfected/C53P14thinF_IMG_20150726_120026_cell_15.png,Uninfected,136,139,RGB,0,0,0,0.002630713,False,18904,Q3,0.9973693,0.9-1.0
/kaggle/input/cell-images-for-detecting-malaria/cell_images/Uninfected/C39P4thinF_original_IMG_20150622_105253_cell_76.png,Uninfected,133,121,RGB,0,0,0,0.008430016,False,16093,Q2,0.99157,0.9-1.0
/kaggle/input/cell-images-for-detecting-malaria/cell_images/Uninfected/C13NThinF_IMG_20150614_131318_cell_125.png,Uninfected,127,133,RGB,0,0,0,0.014134475,False,16891,Q2,0.98586553,0.9-1.0
/kaggle/input/cell-images-for-detecting-malaria/cell_images/Uninfected/C237ThinF_IMG_20151127_105345_cell_259.png,Uninfected,145,136,RGB,0,0,0,0.004167845,False,19720,Q3,0.99583215,0.9-1.0
/kaggle/input/cell-images-for-detecting-malaria/cell_images/Uninfected/C120P81ThinF_IMG_20151002_131120_cell_64.png,Uninfected,124,157,RGB,0,0,0,0.0006014328,False,19468,Q3,0.9993986,0.9-1.0
/kaggle/input/cell-images-for-detecting-malaria/cell_images/Uninfected/C163P124ThinF_IMG_20151116_110921_cell_49.png,Uninfected,133,124,RGB,0,0,0,0.0028553838,False,16492,Q2,0.99714464,0.9-1.0
/kaggle/input/cell-images-for-detecting-malaria/cell_images/Parasitized/C46P7ThinF_IMG_20151130_210938_cell_167.png,Parasitized,106,97,RGB,1,1,1,0.9984255,False,10282,Q1 (smallest),0.9984255,0.9-1.0
/kaggle/input/cell-images-for-detecting-malaria/cell_images/Parasitized/C119P80ThinF_IMG_20151002_123911_cell_144.png,Parasitized,118,121,RGB,1,1,1,0.87699556,False,14278,Q1 (smallest),0.87699556,0.8-0.9
/kaggle/input/cell-images-for-detecting-malaria/cell_images/Parasitized/C182P143NThinF_IMG_20151201_171905_cell_163.png,Parasitized,94,91,RGB,1,1,1,0.9962618,False,8554,Q1 (smallest),0.9962618,0.9-1.0
/kaggle/input/cell-images-for-detecting-malaria/cell_images/Parasitized/C184P145ThinF_IMG_20151203_102405_cell_157.png,Parasitized,157,145,RGB,1,1,1,0.9999995,False,22765,Q4 (largest),0.9999995,0.9-1.0
/kaggle/input/cell-images-for-detecting-malaria/cell_images/Uninfected/C51AP12thinF_IMG_20150724_154330_cell_40.png,Uninfected,169,142,RGB,0,0,0,0.023808273,False,23998,Q4 (largest),0.9761917,0.9-1.0
/kaggle/input/cell-images-for-detecting-malaria/cell_images/Uninfected/C60P21thinF_IMG_20150804_113602_cell_81.png,Uninfected,124,148,RGB,0,0,0,0.0049884175,False,18352,Q3,0.99501157,0.9-1.0
/kaggle/input/cell-images-for-detecting-malaria/cell_images/Parasitized/C59P20thinF_IMG_20150803_112733_cell_179.png,Parasitized,136,130,RGB,1,1,1,0.98957276,False,17680,Q3,0.98957276,0.9-1.0
/kaggle/input/cell-images-for-detecting-malaria/cell_images/Parasitized/C116P77ThinF_IMG_20150930_171558_cell_113.png,Parasitized,154,136,RGB,1,1,1,0.99998283,False,20944,Q4 (largest),0.99998283,0.9-1.0
/kaggle/input/cell-images-for-detecting-malaria/cell_images/Uninfected/C126P87ThinF_IMG_20151004_104813_cell_69.png,Uninfected,109,103,RGB,0,0,0,0.0006590491,False,11227,Q1 (smallest),0.99934095,0.9-1.0
/kaggle/input/cell-images-for-detecting-malaria/cell_images/Uninfected/C180P141NThinF_IMG_20151201_163751_cell_95.png,Uninfected,178,160,RGB,0,0,0,0.009299815,False,28480,Q4 (largest),0.9907002,0.9-1.0
/kaggle/input/cell-images-for-detecting-malaria/cell_images/Uninfected/C97P58ThinF_IMG_20150917_151320_cell_142.png,Uninfected,136,130,RGB,0,0,0,0.003288122,False,17680,Q3,0.99671185,0.9-1.0
/kaggle/input/cell-images-for-detecting-malaria/cell_images/Parasitized/C59P20thinF_IMG_20150803_112802_cell_152.png,Parasitized,127,142,RGB,1,1,1,0.9878364,False,18034,Q3,0.9878364,0.9-1.0
/kaggle/input/cell-images-for-detecting-malaria/cell_images/Parasitized/C59P20thinF_IMG_20150803_112858_cell_154.png,Parasitized,124,106,RGB,1,1,1,0.998896,False,13144,Q1 (smallest),0.998896,0.9-1.0
/kaggle/input/cell-images-for-detecting-malaria/cell_images/Uninfected/C96P57ThinF_IMG_20150824_112442_cell_22.png,Uninfected,178,193,RGB,0,0,0,0.016981855,False,34354,Q4 (largest),0.98301816,0.9-1.0
/kaggle/input/cell-images-for-detecting-malaria/cell_images/Parasitized/C136P97ThinF_IMG_20151005_143743_cell_126.png,Parasitized,121,139,RGB,1,1,1,0.9954003,False,16819,Q2,0.9954003,0.9-1.0
/kaggle/input/cell-images-for-detecting-malaria/cell_images/Uninfected/C161P122ThinF_IMG_20151116_101059_cell_104.png,Uninfected,121,118,RGB,0,0,0,0.004534235,False,14278,Q1 (smallest),0.99546576,0.9-1.0
/kaggle/input/cell-images-for-detecting-malaria/cell_images/Parasitized/C80P41ThinF_IMG_20150817_110957_cell_144.png,Parasitized,136,145,RGB,1,1,1,0.59826994,False,19720,Q3,0.59826994,0.5-0.6
/kaggle/input/cell-images-for-detecting-malaria/cell_images/Parasitized/C99P60ThinF_IMG_20150918_141620_cell_4.png,Parasitized,112,103,RGB,1,1,1,0.99999857,False,11536,Q1 (smallest),0.99999857,0.9-1.0
/kaggle/input/cell-images-for-detecting-malaria/cell_images/Uninfected/C225ThinF_IMG_20151112_113836_cell_271.png,Uninfected,112,184,RGB,0,0,0,0.0030982294,False,20608,Q4 (largest),0.99690175,0.9-1.0
/kaggle/input/cell-images-for-detecting-malaria/cell_images/Uninfected/C74P35_ThinF_IMG_20150815_114819_cell_126.png,Uninfected,154,142,RGB,0,0,0,0.0032224613,False,21868,Q4 (largest),0.99677753,0.9-1.0
/kaggle/input/cell-images-for-detecting-malaria/cell_images/Parasitized/C99P60ThinF_IMG_20150918_141620_cell_54.png,Parasitized,172,169,RGB,1,1,1,0.9971476,False,29068,Q4 (largest),0.9971476,0.9-1.0
/kaggle/input/cell-images-for-detecting-malaria/cell_images/Uninfected/C111P72ThinF_IMG_20150930_112827_cell_164.png,Uninfected,142,148,RGB,0,0,0,0.0036567093,False,21016,Q4 (largest),0.9963433,0.9-1.0
/kaggle/input/cell-images-for-detecting-malaria/cell_images/Uninfected/C104P65ThinF_IMG_20150918_171154_cell_163.png,Uninfected,154,190,RGB,0,0,0,0.0012041975,False,29260,Q4 (largest),0.9987958,0.9-1.0
/kaggle/input/cell-images-for-detecting-malaria/cell_images/Parasitized/C140P101ThinF_IMG_20151005_211735_cell_154.png,Parasitized,121,121,RGB,1,1,1,0.9990761,False,14641,Q1 (smallest),0.9990761,0.9-1.0
/kaggle/input/cell-images-for-detecting-malaria/cell_images/Parasitized/C99P60ThinF_IMG_20150918_141129_cell_156.png,Parasitized,139,139,RGB,1,1,1,0.99993956,False,19321,Q3,0.99993956,0.9-1.0
/kaggle/input/cell-images-for-detecting-malaria/cell_images/Uninfected/C85P46ThinF_IMG_20150820_105301_cell_124.png,Uninfected,157,154,RGB,0,0,0,0.009413038,False,24178,Q4 (largest),0.99058694,0.9-1.0
/kaggle/input/cell-images-for-detecting-malaria/cell_images/Uninfected/C47P8thinOriginalOlympusCX21_IMG_20150717_174222_cell_27.png,Uninfected,118,115,RGB,0,0,0,0.033095498,False,13570,Q1 (smallest),0.9669045,0.9-1.0
/kaggle/input/cell-images-for-detecting-malaria/cell_images/Uninfected/C47P8thin_Original_Motic_IMG_20150714_093636_cell_33.png,Uninfected,124,142,RGB,0,0,0,0.04511975,False,17608,Q3,0.95488024,0.9-1.0
/kaggle/input/cell-images-for-detecting-malaria/cell_images/Parasitized/C132P93ThinF_IMG_20151004_151733_cell_137.png,Parasitized,139,136,RGB,1,1,1,0.99984217,False,18904,Q3,0.99984217,0.9-1.0
/kaggle/input/cell-images-for-detecting-malaria/cell_images/Uninfected/C228ThinF_IMG_20151112_142216_cell_183.png,Uninfected,139,148,RGB,0,0,0,0.005532414,False,20572,Q4 (largest),0.99446756,0.9-1.0
/kaggle/input/cell-images-for-detecting-malaria/cell_images/Uninfected/C175P136NThinF_IMG_20151127_141253_cell_62.png,Uninfected,121,133,RGB,0,0,0,0.0011611567,False,16093,Q2,0.99883884,0.9-1.0
/kaggle/input/cell-images-for-detecting-malaria/cell_images/Uninfected/C230ThinF_IMG_20151112_150730_cell_209.png,Uninfected,106,151,RGB,0,0,0,0.00060396,False,16006,Q2,0.999396,0.9-1.0
/kaggle/input/cell-images-for-detecting-malaria/cell_images/Parasitized/C119P80ThinF_IMG_20151002_123608_cell_148.png,Parasitized,142,166,RGB,1,1,1,0.70355856,False,23572,Q4 (largest),0.70355856,0.7-0.8
/kaggle/input/cell-images-for-detecting-malaria/cell_images/Parasitized/C136P97ThinF_IMG_20151005_142437_cell_124.png,Parasitized,133,133,RGB,1,1,1,0.9958763,False,17689,Q3,0.9958763,0.9-1.0
/kaggle/input/cell-images-for-detecting-malaria/cell_images/Uninfected/C213ThinF_IMG_20151106_112252_cell_57.png,Uninfected,115,118,RGB,0,0,0,0.006865029,False,13570,Q1 (smallest),0.993135,0.9-1.0
/kaggle/input/cell-images-for-detecting-malaria/cell_images/Uninfected/C114P75ThinF_IMG_20150930_150057_cell_48.png,Uninfected,169,145,RGB,0,0,0,0.03378376,False,24505,Q4 (largest),0.96621627,0.9-1.0
/kaggle/input/cell-images-for-detecting-malaria/cell_images/Uninfected/C215ThinF_IMG_20151106_133116_cell_14.png,Uninfected,157,145,RGB,0,0,0,0.00079858874,False,22765,Q4 (largest),0.9992014,0.9-1.0
/kaggle/input/cell-images-for-detecting-malaria/cell_images/Uninfected/C55P16thinF_IMG_20150728_121350_cell_182.png,Uninfected,127,94,RGB,0,0,0,0.2718243,False,11938,Q1 (smallest),0.7281757,0.7-0.8
/kaggle/input/cell-images-for-detecting-malaria/cell_images/Uninfected/C210ThinF_IMG_20151029_162934_cell_177.png,Uninfected,148,130,RGB,0,0,0,0.0005990843,False,19240,Q3,0.9994009,0.9-1.0
/kaggle/input/cell-images-for-detecting-malaria/cell_images/Parasitized/C132P93ThinF_IMG_20151004_151701_cell_175.png,Parasitized,112,139,RGB,1,1,1,0.9996588,False,15568,Q2,0.9996588,0.9-1.0
/kaggle/input/cell-images-for-detecting-malaria/cell_images/Parasitized/C82P43ThinF_IMG_20150817_123652_cell_219.png,Parasitized,145,136,RGB,1,1,1,0.9998549,False,19720,Q3,0.9998549,0.9-1.0
/kaggle/input/cell-images-for-detecting-malaria/cell_images/Uninfected/C202ThinF_IMG_20151015_151254_cell_261.png,Uninfected,127,142,RGB,0,0,0,0.008288058,False,18034,Q3,0.9917119,0.9-1.0
/kaggle/input/cell-images-for-detecting-malaria/cell_images/Uninfected/C228ThinF_IMG_20151112_142900_cell_202.png,Uninfected,136,118,RGB,0,0,0,0.0004649247,False,16048,Q2,0.9995351,0.9-1.0
/kaggle/input/cell-images-for-detecting-malaria/cell_images/Parasitized/C39P4thinF_original_IMG_20150622_111206_cell_86.png,Parasitized,130,130,RGB,1,1,1,0.9295263,False,16900,Q2,0.9295263,0.9-1.0
/kaggle/input/cell-images-for-detecting-malaria/cell_images/Uninfected/C185P146ThinF_IMG_20151203_111121_cell_50.png,Uninfected,106,100,RGB,0,0,0,0.031710096,False,10600,Q1 (smallest),0.9682899,0.9-1.0
/kaggle/input/cell-images-for-detecting-malaria/cell_images/Parasitized/C175P136NThinF_IMG_20151127_141428_cell_219.png,Parasitized,124,127,RGB,1,1,1,0.9919299,False,15748,Q2,0.9919299,0.9-1.0
/kaggle/input/cell-images-for-detecting-malaria/cell_images/Parasitized/C184P145ThinF_IMG_20151203_103637_cell_184.png,Parasitized,115,175,RGB,1,1,1,0.995141,False,20125,Q3,0.995141,0.9-1.0
/kaggle/input/cell-images-for-detecting-malaria/cell_images/Uninfected/C89P50ThinF_IMG_20150820_162504_cell_119.png,Uninfected,154,142,RGB,0,0,1,0.5184978,True,21868,Q4 (largest),0.5184978,0.5-0.6
/kaggle/input/cell-images-for-detecting-malaria/cell_images/Uninfected/C69P30N_ThinF_IMG_20150819_140143_cell_157.png,Uninfected,139,142,RGB,0,0,0,0.0024083275,False,19738,Q3,0.9975917,0.9-1.0
/kaggle/input/cell-images-for-detecting-malaria/cell_images/Parasitized/C180P141NThinF_IMG_20151201_170021_cell_18.png,Parasitized,130,124,RGB,1,1,1,0.99403596,False,16120,Q2,0.99403596,0.9-1.0
/kaggle/input/cell-images-for-detecting-malaria/cell_images/Uninfected/C162P123ThinF_IMG_20151116_102751_cell_128.png,Uninfected,127,109,RGB,0,0,0,0.050168637,False,13843,Q1 (smallest),0.94983137,0.9-1.0
/kaggle/input/cell-images-for-detecting-malaria/cell_images/Uninfected/C224ThinF_IMG_20151112_112334_cell_93.png,Uninfected,154,151,RGB,0,0,0,0.12942617,False,23254,Q4 (largest),0.8705738,0.8-0.9
/kaggle/input/cell-images-for-detecting-malaria/cell_images/Parasitized/C107P68ThinF_IMG_20150924_222415_cell_183.png,Parasitized,151,154,RGB,1,1,1,0.99009645,False,23254,Q4 (largest),0.99009645,0.9-1.0
/kaggle/input/cell-images-for-detecting-malaria/cell_images/Uninfected/C201ThinF_IMG_20150930_143544_cell_118.png,Uninfected,103,148,RGB,0,0,0,0.0007288845,False,15244,Q2,0.9992711,0.9-1.0
/kaggle/input/cell-images-for-detecting-malaria/cell_images/Parasitized/C46P7ThinF_IMG_20151130_210815_cell_5.png,Parasitized,118,109,RGB,1,1,1,0.9974911,False,12862,Q1 (smallest),0.9974911,0.9-1.0
/kaggle/input/cell-images-for-detecting-malaria/cell_images/Uninfected/C153P114ThinF_IMG_20151115_135746_cell_151.png,Uninfected,115,118,RGB,0,0,0,0.00070245686,False,13570,Q1 (smallest),0.99929756,0.9-1.0
/kaggle/input/cell-images-for-detecting-malaria/cell_images/Parasitized/C176P137NThinF_IMG_20151201_121303_cell_120.png,Parasitized,112,145,RGB,1,1,1,0.9930346,False,16240,Q2,0.9930346,0.9-1.0
/kaggle/input/cell-images-for-detecting-malaria/cell_images/Parasitized/C91P52ThinF_IMG_20150821_123116_cell_200.png,Parasitized,214,193,RGB,1,1,1,0.98407394,False,41302,Q4 (largest),0.98407394,0.9-1.0
/kaggle/input/cell-images-for-detecting-malaria/cell_images/Parasitized/C101P62ThinF_IMG_20150918_151507_cell_49.png,Parasitized,142,130,RGB,1,1,1,0.99900675,False,18460,Q3,0.99900675,0.9-1.0
/kaggle/input/cell-images-for-detecting-malaria/cell_images/Uninfected/C228ThinF_IMG_20151112_142900_cell_184.png,Uninfected,142,145,RGB,0,0,0,0.00087660877,False,20590,Q4 (largest),0.9991234,0.9-1.0
/kaggle/input/cell-images-for-detecting-malaria/cell_images/Parasitized/C48P9thinF_IMG_20150721_160944_cell_232.png,Parasitized,124,154,RGB,1,1,0,0.12588476,True,19096,Q3,0.8741152,0.8-0.9
/kaggle/input/cell-images-for-detecting-malaria/cell_images/Uninfected/C152P113ThinF_IMG_20151115_124853_cell_37.png,Uninfected,136,133,RGB,0,0,0,0.010660202,False,18088,Q3,0.98933977,0.9-1.0
/kaggle/input/cell-images-for-detecting-malaria/cell_images/Uninfected/C127P88ThinF_IMG_20151004_112004_cell_130.png,Uninfected,124,124,RGB,0,0,0,0.0019698602,False,15376,Q2,0.9980301,0.9-1.0
/kaggle/input/cell-images-for-detecting-malaria/cell_images/Uninfected/C129P90ThinF_IMG_20151004_133538_cell_66.png,Uninfected,124,130,RGB,0,0,0,0.0011053645,False,16120,Q2,0.99889463,0.9-1.0
/kaggle/input/cell-images-for-detecting-malaria/cell_images/Parasitized/C129P90ThinF_IMG_20151004_133329_cell_101.png,Parasitized,124,124,RGB,1,1,1,0.9997373,False,15376,Q2,0.9997373,0.9-1.0
/kaggle/input/cell-images-for-detecting-malaria/cell_images/Uninfected/C115P76ThinF_IMG_20150930_162038_cell_18.png,Uninfected,133,130,RGB,0,0,0,0.0047835917,False,17290,Q2,0.9952164,0.9-1.0
/kaggle/input/cell-images-for-detecting-malaria/cell_images/Parasitized/C182P143NThinF_IMG_20151201_172607_cell_6.png,Parasitized,115,118,RGB,1,1,1,0.99998724,False,13570,Q1 (smallest),0.99998724,0.9-1.0
/kaggle/input/cell-images-for-detecting-malaria/cell_images/Parasitized/C101P62ThinF_IMG_20150918_151335_cell_61.png,Parasitized,130,124,RGB,1,1,1,0.9999999,False,16120,Q2,0.9999999,0.9-1.0
/kaggle/input/cell-images-for-detecting-malaria/cell_images/Parasitized/C132P93ThinF_IMG_20151004_152045_cell_153.png,Parasitized,136,136,RGB,1,1,1,0.98144734,False,18496,Q3,0.98144734,0.9-1.0
/kaggle/input/cell-images-for-detecting-malaria/cell_images/Uninfected/C106P67ThinF_IMG_20150924_102826_cell_85.png,Uninfected,178,121,RGB,0,0,0,0.109097056,False,21538,Q4 (largest),0.89090294,0.8-0.9
/kaggle/input/cell-images-for-detecting-malaria/cell_images/Uninfected/C63P24N_ThinF_IMG_20150818_144456_cell_117.png,Uninfected,172,112,RGB,0,0,0,0.0022130094,False,19264,Q3,0.997787,0.9-1.0
/kaggle/input/cell-images-for-detecting-malaria/cell_images/Parasitized/C132P93ThinF_IMG_20151004_152353_cell_152.png,Parasitized,124,136,RGB,1,1,1,0.9995959,False,16864,Q2,0.9995959,0.9-1.0
/kaggle/input/cell-images-for-detecting-malaria/cell_images/Uninfected/C72P33_ThinF_IMG_20150815_105033_cell_140.png,Uninfected,145,124,RGB,0,0,0,0.008657504,False,17980,Q3,0.9913425,0.9-1.0
/kaggle/input/cell-images-for-detecting-malaria/cell_images/Uninfected/C76P37ThinF_IMG_20150815_172808_cell_118.png,Uninfected,127,157,RGB,0,0,0,0.0008348671,False,19939,Q3,0.9991651,0.9-1.0
/kaggle/input/cell-images-for-detecting-malaria/cell_images/Uninfected/C223ThinF_IMG_20151112_104118_cell_201.png,Uninfected,121,142,RGB,0,0,0,0.00033351174,False,17182,Q2,0.9996665,0.9-1.0
/kaggle/input/cell-images-for-detecting-malaria/cell_images/Parasitized/C179P140ThinF_IMG_20151127_153852_cell_163.png,Parasitized,133,118,RGB,1,1,1,0.99924296,False,15694,Q2,0.99924296,0.9-1.0
/kaggle/input/cell-images-for-detecting-malaria/cell_images/Parasitized/C180P141NThinF_IMG_20151201_165453_cell_11.png,Parasitized,145,145,RGB,1,1,1,0.9998666,False,21025,Q4 (largest),0.9998666,0.9-1.0
/kaggle/input/cell-images-for-detecting-malaria/cell_images/Uninfected/C1_thinF_IMG_20150604_104919_cell_123.png,Uninfected,130,160,RGB,0,0,0,0.02598547,False,20800,Q4 (largest),0.9740145,0.9-1.0
/kaggle/input/cell-images-for-detecting-malaria/cell_images/Uninfected/C239ThinF_IMG_20151127_113223_cell_38.png,Uninfected,106,112,RGB,0,0,0,0.0015977717,False,11872,Q1 (smallest),0.99840224,0.9-1.0
/kaggle/input/cell-images-for-detecting-malaria/cell_images/Parasitized/C91P52ThinF_IMG_20150821_123314_cell_196.png,Parasitized,139,154,RGB,1,1,1,0.9990299,False,21406,Q4 (largest),0.9990299,0.9-1.0
/kaggle/input/cell-images-for-detecting-malaria/cell_images/Uninfected/C145P106ThinF_IMG_20151016_154921_cell_32.png,Uninfected,133,121,RGB,0,0,0,0.013114321,False,16093,Q2,0.98688567,0.9-1.0
/kaggle/input/cell-images-for-detecting-malaria/cell_images/Parasitized/C127P88ThinF_IMG_20151004_112301_cell_123.png,Parasitized,142,133,RGB,1,1,1,0.9892069,False,18886,Q3,0.9892069,0.9-1.0
/kaggle/input/cell-images-for-detecting-malaria/cell_images/Parasitized/C39P4thinF_original_IMG_20150622_110900_cell_11.png,Parasitized,100,151,RGB,1,1,0,0.33755845,True,15100,Q2,0.66244155,0.6-0.7
/kaggle/input/cell-images-for-detecting-malaria/cell_images/Parasitized/C177P138NThinF_IMG_20151201_142846_cell_158.png,Parasitized,112,109,RGB,1,1,1,0.9978968,False,12208,Q1 (smallest),0.9978968,0.9-1.0
/kaggle/input/cell-images-for-detecting-malaria/cell_images/Uninfected/C103P64ThinF_IMG_20150918_165016_cell_34.png,Uninfected,124,154,RGB,0,0,0,0.0018273463,False,19096,Q3,0.99817264,0.9-1.0
/kaggle/input/cell-images-for-detecting-malaria/cell_images/Parasitized/C39P4thinF_original_IMG_20150622_113842_cell_35.png,Parasitized,142,166,RGB,1,1,1,0.97913647,False,23572,Q4 (largest),0.97913647,0.9-1.0
/kaggle/input/cell-images-for-detecting-malaria/cell_images/Parasitized/C137P98ThinF_IMG_20151005_162437_cell_83.png,Parasitized,133,133,RGB,1,1,1,0.9676221,False,17689,Q3,0.9676221,0.9-1.0
/kaggle/input/cell-images-for-detecting-malaria/cell_images/Uninfected/C105P66ThinF_IMG_20150924_095130_cell_108.png,Uninfected,145,130,RGB,0,0,0,0.0031164656,False,18850,Q3,0.9968835,0.9-1.0
/kaggle/input/cell-images-for-detecting-malaria/cell_images/Parasitized/C139P100ThinF_IMG_20151005_183338_cell_138.png,Parasitized,142,130,RGB,1,1,1,0.9691715,False,18460,Q3,0.9691715,0.9-1.0
/kaggle/input/cell-images-for-detecting-malaria/cell_images/Uninfected/C219ThinF_IMG_20151106_145856_cell_49.png,Uninfected,136,133,RGB,0,0,0,0.00076378597,False,18088,Q3,0.9992362,0.9-1.0
/kaggle/input/cell-images-for-detecting-malaria/cell_images/Parasitized/C111P72ThinF_IMG_20150930_112609_cell_170.png,Parasitized,154,145,RGB,1,1,1,0.99222696,False,22330,Q4 (largest),0.99222696,0.9-1.0
/kaggle/input/cell-images-for-detecting-malaria/cell_images/Parasitized/C99P60ThinF_IMG_20150918_141001_cell_100.png,Parasitized,130,130,RGB,1,1,1,0.8738259,False,16900,Q2,0.8738259,0.8-0.9
/kaggle/input/cell-images-for-detecting-malaria/cell_images/Parasitized/C170P131ThinF_IMG_20151119_120150_cell_223.png,Parasitized,139,109,RGB,1,1,1,0.9998883,False,15151,Q2,0.9998883,0.9-1.0
/kaggle/input/cell-images-for-detecting-malaria/cell_images/Parasitized/C129P90ThinF_IMG_20151004_134306_cell_137.png,Parasitized,151,136,RGB,1,1,1,0.9954348,False,20536,Q4 (largest),0.9954348,0.9-1.0
/kaggle/input/cell-images-for-detecting-malaria/cell_images/Parasitized/C174P135NThinF_IMG_20151127_135342_cell_230.png,Parasitized,124,139,RGB,1,1,1,0.99515045,False,17236,Q2,0.99515045,0.9-1.0
/kaggle/input/cell-images-for-detecting-malaria/cell_images/Uninfected/C241NThinF_IMG_20151207_124608_cell_30.png,Uninfected,142,151,RGB,0,0,0,0.0026681963,False,21442,Q4 (largest),0.9973318,0.9-1.0
/kaggle/input/cell-images-for-detecting-malaria/cell_images/Uninfected/C206ThinF_IMG_20151029_141047_cell_13.png,Uninfected,139,130,RGB,0,0,0,0.0018638142,False,18070,Q3,0.99813616,0.9-1.0
/kaggle/input/cell-images-for-detecting-malaria/cell_images/Parasitized/C82P43ThinF_IMG_20150817_123824_cell_178.png,Parasitized,94,106,RGB,1,1,1,0.99987423,False,9964,Q1 (smallest),0.99987423,0.9-1.0
/kaggle/input/cell-images-for-detecting-malaria/cell_images/Parasitized/C68P29N_ThinF_IMG_20150819_134112_cell_129.png,Parasitized,124,145,RGB,1,1,1,0.9999999,False,17980,Q3,0.9999999,0.9-1.0
/kaggle/input/cell-images-for-detecting-malaria/cell_images/Uninfected/C90P51ThinF_IMG_20150821_120044_cell_69.png,Uninfected,121,124,RGB,0,0,0,0.0021630453,False,15004,Q2,0.99783695,0.9-1.0
/kaggle/input/cell-images-for-detecting-malaria/cell_images/Parasitized/C68P29N_ThinF_IMG_20150819_134830_cell_57.png,Parasitized,142,148,RGB,1,1,1,0.99996567,False,21016,Q4 (largest),0.99996567,0.9-1.0
/kaggle/input/cell-images-for-detecting-malaria/cell_images/Uninfected/C189P150ThinF_IMG_20151203_141110_cell_7.png,Uninfected,109,115,RGB,0,0,0,0.006386923,False,12535,Q1 (smallest),0.99361306,0.9-1.0
/kaggle/input/cell-images-for-detecting-malaria/cell_images/Parasitized/C184P145ThinF_IMG_20151203_104153_cell_169.png,Parasitized,115,115,RGB,1,1,1,0.9933837,False,13225,Q1 (smallest),0.9933837,0.9-1.0
/kaggle/input/cell-images-for-detecting-malaria/cell_images/Uninfected/C64P25N_ThinF_IMG_20150818_152921_cell_33.png,Uninfected,136,130,RGB,0,0,0,0.0012906865,False,17680,Q3,0.9987093,0.9-1.0
/kaggle/input/cell-images-for-detecting-malaria/cell_images/Parasitized/C70P31_ThinF_IMG_20150813_131022_cell_91.png,Parasitized,115,112,RGB,1,1,1,0.999726,False,12880,Q1 (smallest),0.999726,0.9-1.0
/kaggle/input/cell-images-for-detecting-malaria/cell_images/Uninfected/C203ThinF_IMG_20151029_110105_cell_206.png,Uninfected,190,139,RGB,0,0,0,0.034519557,False,26410,Q4 (largest),0.96548045,0.9-1.0
/kaggle/input/cell-images-for-detecting-malaria/cell_images/Uninfected/C37BP2_thinF_IMG_20150620_133238a_cell_41.png,Uninfected,181,157,RGB,0,0,1,0.9729963,True,28417,Q4 (largest),0.9729963,0.9-1.0
/kaggle/input/cell-images-for-detecting-malaria/cell_images/Uninfected/C230ThinF_IMG_20151112_150730_cell_185.png,Uninfected,133,127,RGB,0,0,0,0.00024410547,False,16891,Q2,0.9997559,0.9-1.0
/kaggle/input/cell-images-for-detecting-malaria/cell_images/Parasitized/C146P107ThinF_IMG_20151018_134554_cell_249.png,Parasitized,133,139,RGB,1,1,1,0.94823956,False,18487,Q3,0.94823956,0.9-1.0
/kaggle/input/cell-images-for-detecting-malaria/cell_images/Uninfected/C37BP2_thinF_IMG_20150620_133111a_cell_16.png,Uninfected,142,142,RGB,0,0,0,0.00018819662,False,20164,Q4 (largest),0.9998118,0.9-1.0
/kaggle/input/cell-images-for-detecting-malaria/cell_images/Uninfected/C33P1thinF_IMG_20150619_121411a_cell_102.png,Uninfected,136,178,RGB,0,0,0,0.0012231331,False,24208,Q4 (largest),0.99877685,0.9-1.0
/kaggle/input/cell-images-for-detecting-malaria/cell_images/Parasitized/C100P61ThinF_IMG_20150918_144823_cell_160.png,Parasitized,142,133,RGB,1,1,1,0.98076814,False,18886,Q3,0.98076814,0.9-1.0
/kaggle/input/cell-images-for-detecting-malaria/cell_images/Parasitized/C116P77ThinF_IMG_20150930_171844_cell_99.png,Parasitized,112,115,RGB,1,1,1,0.9812143,False,12880,Q1 (smallest),0.9812143,0.9-1.0
/kaggle/input/cell-images-for-detecting-malaria/cell_images/Parasitized/C84P45ThinF_IMG_20150818_102654_cell_74.png,Parasitized,109,142,RGB,1,1,1,0.99627596,False,15478,Q2,0.99627596,0.9-1.0
/kaggle/input/cell-images-for-detecting-malaria/cell_images/Parasitized/C144P105ThinF_IMG_20151015_163142_cell_318.png,Parasitized,157,127,RGB,1,1,1,0.9744024,False,19939,Q3,0.9744024,0.9-1.0
/kaggle/input/cell-images-for-detecting-malaria/cell_images/Parasitized/C101P62ThinF_IMG_20150923_165215_cell_39.png,Parasitized,136,121,RGB,1,1,1,0.99968356,False,16456,Q2,0.99968356,0.9-1.0
/kaggle/input/cell-images-for-detecting-malaria/cell_images/Uninfected/C48P9thinF_IMG_20150721_160406_cell_181.png,Uninfected,148,118,RGB,0,0,0,0.001395711,False,17464,Q3,0.9986043,0.9-1.0
/kaggle/input/cell-images-for-detecting-malaria/cell_images/Parasitized/C108P69ThinF_IMG_20150924_223834_cell_219.png,Parasitized,142,169,RGB,1,1,1,0.9998573,False,23998,Q4 (largest),0.9998573,0.9-1.0
/kaggle/input/cell-images-for-detecting-malaria/cell_images/Uninfected/C181P142ThinF_IMG_20151127_160539_cell_119.png,Uninfected,127,100,RGB,0,0,0,0.02243904,False,12700,Q1 (smallest),0.97756094,0.9-1.0
/kaggle/input/cell-images-for-detecting-malaria/cell_images/Parasitized/C68P29N_ThinF_IMG_20150819_133236_cell_135.png,Parasitized,85,109,RGB,1,1,1,0.952662,False,9265,Q1 (smallest),0.952662,0.9-1.0
/kaggle/input/cell-images-for-detecting-malaria/cell_images/Parasitized/C66P27N_ThinF_IMG_20150818_164408_cell_151.png,Parasitized,133,148,RGB,1,1,1,0.99851066,False,19684,Q3,0.99851066,0.9-1.0
/kaggle/input/cell-images-for-detecting-malaria/cell_images/Parasitized/C113P74ThinF_IMG_20150930_140646_cell_187.png,Parasitized,130,127,RGB,1,1,1,0.8971393,False,16510,Q2,0.8971393,0.8-0.9
/kaggle/input/cell-images-for-detecting-malaria/cell_images/Uninfected/C153P114ThinF_IMG_20151115_135639_cell_124.png,Uninfected,112,103,RGB,0,0,0,0.027899781,False,11536,Q1 (smallest),0.9721002,0.9-1.0
/kaggle/input/cell-images-for-detecting-malaria/cell_images/Uninfected/C240ThinF_IMG_20151127_115328_cell_200.png,Uninfected,118,127,RGB,0,0,0,0.0037999987,False,14986,Q2,0.9962,0.9-1.0
/kaggle/input/cell-images-for-detecting-malaria/cell_images/Parasitized/C118P79ThinF_IMG_20151002_105735_cell_143.png,Parasitized,136,151,RGB,1,1,1,0.99999845,False,20536,Q4 (largest),0.99999845,0.9-1.0
/kaggle/input/cell-images-for-detecting-malaria/cell_images/Parasitized/C68P29N_ThinF_IMG_20150819_134830_cell_51.png,Parasitized,109,118,RGB,1,1,1,0.99988556,False,12862,Q1 (smallest),0.99988556,0.9-1.0
/kaggle/input/cell-images-for-detecting-malaria/cell_images/Uninfected/C229ThinF_IMG_20151112_144652_cell_198.png,Uninfected,136,133,RGB,0,0,0,0.00052044785,False,18088,Q3,0.99947953,0.9-1.0
/kaggle/input/cell-images-for-detecting-malaria/cell_images/Uninfected/C74P35_ThinF_IMG_20150815_114555_cell_25.png,Uninfected,151,142,RGB,0,0,0,0.0018698054,False,21442,Q4 (largest),0.9981302,0.9-1.0
/kaggle/input/cell-images-for-detecting-malaria/cell_images/Uninfected/C47P8thin_Original_Motic_IMG_20150714_093715_cell_44.png,Uninfected,133,121,RGB,0,0,0,0.06668527,False,16093,Q2,0.93331474,0.9-1.0
/kaggle/input/cell-images-for-detecting-malaria/cell_images/Parasitized/C99P60ThinF_IMG_20150918_142334_cell_47.png,Parasitized,190,163,RGB,1,1,1,0.99980843,False,30970,Q4 (largest),0.99980843,0.9-1.0
/kaggle/input/cell-images-for-detecting-malaria/cell_images/Parasitized/C70P31_ThinF_IMG_20150813_130510_cell_89.png,Parasitized,124,121,RGB,1,1,1,0.9873037,False,15004,Q2,0.9873037,0.9-1.0
/kaggle/input/cell-images-for-detecting-malaria/cell_images/Uninfected/C48P9thinF_IMG_20150721_161412_cell_3.png,Uninfected,127,145,RGB,0,0,0,0.037114896,False,18415,Q3,0.9628851,0.9-1.0
/kaggle/input/cell-images-for-detecting-malaria/cell_images/Uninfected/C229ThinF_IMG_20151112_144147_cell_216.png,Uninfected,109,109,RGB,0,0,0,0.00037510853,False,11881,Q1 (smallest),0.9996249,0.9-1.0
/kaggle/input/cell-images-for-detecting-malaria/cell_images/Uninfected/C117P78ThinF_IMG_20150930_220616_cell_35.png,Uninfected,157,166,RGB,0,0,0,0.0032302835,False,26062,Q4 (largest),0.9967697,0.9-1.0
/kaggle/input/cell-images-for-detecting-malaria/cell_images/Uninfected/C235ThinF_IMG_20151112_164723_cell_286.png,Uninfected,124,115,RGB,0,0,0,0.00038201106,False,14260,Q1 (smallest),0.999618,0.9-1.0
/kaggle/input/cell-images-for-detecting-malaria/cell_images/Parasitized/C112P73ThinF_IMG_20150930_131605_cell_182.png,Parasitized,124,142,RGB,1,1,1,1.0,False,17608,Q3,1.0,0.9-1.0
/kaggle/input/cell-images-for-detecting-malaria/cell_images/Uninfected/C82P43ThinF_IMG_20150817_123652_cell_80.png,Uninfected,154,136,RGB,0,0,0,0.0067562754,False,20944,Q4 (largest),0.99324375,0.9-1.0
/kaggle/input/cell-images-for-detecting-malaria/cell_images/Parasitized/C82P43ThinF_IMG_20150817_125326_cell_1.png,Parasitized,130,115,RGB,1,1,1,0.99781966,False,14950,Q2,0.99781966,0.9-1.0
/kaggle/input/cell-images-for-detecting-malaria/cell_images/Uninfected/C177P138NThinF_IMG_20151201_142942_cell_93.png,Uninfected,94,88,RGB,0,0,0,0.012437137,False,8272,Q1 (smallest),0.98756284,0.9-1.0
/kaggle/input/cell-images-for-detecting-malaria/cell_images/Parasitized/C70P31_ThinF_IMG_20150819_142239_cell_8.png,Parasitized,130,124,RGB,1,1,1,0.9489498,False,16120,Q2,0.9489498,0.9-1.0
/kaggle/input/cell-images-for-detecting-malaria/cell_images/Uninfected/C107P68ThinF_IMG_20150924_222233_cell_81.png,Uninfected,124,124,RGB,0,0,0,0.0021930889,False,15376,Q2,0.9978069,0.9-1.0
/kaggle/input/cell-images-for-detecting-malaria/cell_images/Uninfected/C121P82ThinF_IMG_20151002_132926_cell_29.png,Uninfected,106,139,RGB,0,0,0,0.0016213167,False,14734,Q1 (smallest),0.9983787,0.9-1.0
/kaggle/input/cell-images-for-detecting-malaria/cell_images/Uninfected/C103P64ThinF_IMG_20150918_165125_cell_132.png,Uninfected,154,166,RGB,0,0,0,0.0047524497,False,25564,Q4 (largest),0.99524754,0.9-1.0
/kaggle/input/cell-images-for-detecting-malaria/cell_images/Parasitized/C133P94ThinF_IMG_20151004_153930_cell_103.png,Parasitized,103,112,RGB,1,1,1,0.99994814,False,11536,Q1 (smallest),0.99994814,0.9-1.0
/kaggle/input/cell-images-for-detecting-malaria/cell_images/Uninfected/C114P75ThinF_IMG_20150930_150833_cell_140.png,Uninfected,142,145,RGB,0,0,0,0.0028132065,False,20590,Q4 (largest),0.9971868,0.9-1.0
/kaggle/input/cell-images-for-detecting-malaria/cell_images/Parasitized/C48P9thinF_IMG_20150721_164129_cell_36.png,Parasitized,154,166,RGB,1,1,1,0.997764,False,25564,Q4 (largest),0.997764,0.9-1.0
/kaggle/input/cell-images-for-detecting-malaria/cell_images/Parasitized/C133P94ThinF_IMG_20151004_155518_cell_124.png,Parasitized,118,94,RGB,1,1,1,0.99974793,False,11092,Q1 (smallest),0.99974793,0.9-1.0
/kaggle/input/cell-images-for-detecting-malaria/cell_images/Parasitized/C68P29N_ThinF_IMG_20150819_133236_cell_156.png,Parasitized,130,121,RGB,1,1,1,0.9917714,False,15730,Q2,0.9917714,0.9-1.0
/kaggle/input/cell-images-for-detecting-malaria/cell_images/Uninfected/C218ThinF_IMG_20151106_143940_cell_27.png,Uninfected,127,124,RGB,0,0,0,0.0012178662,False,15748,Q2,0.99878216,0.9-1.0
/kaggle/input/cell-images-for-detecting-malaria/cell_images/Parasitized/C68P29N_ThinF_IMG_20150819_134712_cell_23.png,Parasitized,169,130,RGB,1,1,1,0.99761707,False,21970,Q4 (largest),0.99761707,0.9-1.0
/kaggle/input/cell-images-for-detecting-malaria/cell_images/Uninfected/C80P41ThinF_IMG_20150817_110608_cell_138.png,Uninfected,127,139,RGB,0,0,0,0.0013852319,False,17653,Q3,0.9986148,0.9-1.0
/kaggle/input/cell-images-for-detecting-malaria/cell_images/Parasitized/C46P7ThinF_IMG_20151130_210123_cell_125.png,Parasitized,148,190,RGB,1,1,1,0.9809411,False,28120,Q4 (largest),0.9809411,0.9-1.0
/kaggle/input/cell-images-for-detecting-malaria/cell_images/Parasitized/C132P93ThinF_IMG_20151004_152505_cell_119.png,Parasitized,109,127,RGB,1,1,1,0.99999535,False,13843,Q1 (smallest),0.99999535,0.9-1.0
/kaggle/input/cell-images-for-detecting-malaria/cell_images/Parasitized/C184P145ThinF_IMG_20151203_104030_cell_34.png,Parasitized,142,133,RGB,1,1,1,0.92487746,False,18886,Q3,0.92487746,0.9-1.0
/kaggle/input/cell-images-for-detecting-malaria/cell_images/Parasitized/C184P145ThinF_IMG_20151203_102405_cell_159.png,Parasitized,148,145,RGB,1,1,1,0.9981573,False,21460,Q4 (largest),0.9981573,0.9-1.0
/kaggle/input/cell-images-for-detecting-malaria/cell_images/Uninfected/C238NThinF_IMG_20151207_114653_cell_148.png,Uninfected,124,142,RGB,0,0,1,0.5499111,True,17608,Q3,0.5499111,0.5-0.6
/kaggle/input/cell-images-for-detecting-malaria/cell_images/Parasitized/C132P93ThinF_IMG_20151004_151701_cell_184.png,Parasitized,127,130,RGB,1,1,1,0.9894392,False,16510,Q2,0.9894392,0.9-1.0
/kaggle/input/cell-images-for-detecting-malaria/cell_images/Uninfected/C185P146ThinF_IMG_20151203_110933_cell_111.png,Uninfected,142,118,RGB,0,0,0,0.014126426,False,16756,Q2,0.9858736,0.9-1.0
/kaggle/input/cell-images-for-detecting-malaria/cell_images/Uninfected/C101P62ThinF_IMG_20150918_151006_cell_59.png,Uninfected,118,112,RGB,0,0,0,0.0797231,False,13216,Q1 (smallest),0.9202769,0.9-1.0
/kaggle/input/cell-images-for-detecting-malaria/cell_images/Uninfected/C139P100ThinF_IMG_20151005_183338_cell_37.png,Uninfected,124,118,RGB,0,0,0,0.05189719,False,14632,Q1 (smallest),0.94810283,0.9-1.0
/kaggle/input/cell-images-for-detecting-malaria/cell_images/Uninfected/C76P37ThinF_IMG_20150815_171214_cell_69.png,Uninfected,145,133,RGB,0,0,0,0.003529717,False,19285,Q3,0.9964703,0.9-1.0
/kaggle/input/cell-images-for-detecting-malaria/cell_images/Uninfected/C213ThinF_IMG_20151106_112422_cell_139.png,Uninfected,145,109,RGB,0,0,0,0.0049300673,False,15805,Q2,0.9950699,0.9-1.0
/kaggle/input/cell-images-for-detecting-malaria/cell_images/Parasitized/C140P101ThinF_IMG_20151005_211530_cell_149.png,Parasitized,118,133,RGB,1,1,1,0.9977329,False,15694,Q2,0.9977329,0.9-1.0
/kaggle/input/cell-images-for-detecting-malaria/cell_images/Uninfected/C84P45ThinF_IMG_20150818_101146_cell_59.png,Uninfected,124,139,RGB,0,0,0,0.0022422557,False,17236,Q2,0.99775773,0.9-1.0
/kaggle/input/cell-images-for-detecting-malaria/cell_images/Uninfected/C65P26N_ThinF_IMG_20150818_154624_cell_41.png,Uninfected,127,163,RGB,0,0,0,0.0011234286,False,20701,Q4 (largest),0.9988766,0.9-1.0
/kaggle/input/cell-images-for-detecting-malaria/cell_images/Parasitized/C59P20thinF_IMG_20150803_112802_cell_179.png,Parasitized,136,142,RGB,1,1,1,0.9126162,False,19312,Q3,0.9126162,0.9-1.0
/kaggle/input/cell-images-for-detecting-malaria/cell_images/Parasitized/C116P77ThinF_IMG_20150930_172112_cell_97.png,Parasitized,124,127,RGB,1,1,1,0.9999999,False,15748,Q2,0.9999999,0.9-1.0
/kaggle/input/cell-images-for-detecting-malaria/cell_images/Parasitized/C99P60ThinF_IMG_20150918_141351_cell_109.png,Parasitized,139,145,RGB,1,1,1,0.9999976,False,20155,Q3,0.9999976,0.9-1.0
/kaggle/input/cell-images-for-detecting-malaria/cell_images/Parasitized/C59P20thinF_IMG_20150803_112733_cell_197.png,Parasitized,157,121,RGB,1,1,1,0.99973875,False,18997,Q3,0.99973875,0.9-1.0
/kaggle/input/cell-images-for-detecting-malaria/cell_images/Parasitized/C168P129ThinF_IMG_20151118_154126_cell_157.png,Parasitized,148,133,RGB,1,1,1,0.99113435,False,19684,Q3,0.99113435,0.9-1.0
/kaggle/input/cell-images-for-detecting-malaria/cell_images/Uninfected/C133P94ThinF_IMG_20151004_154512_cell_92.png,Uninfected,109,115,RGB,0,0,0,0.035770725,False,12535,Q1 (smallest),0.9642293,0.9-1.0
/kaggle/input/cell-images-for-detecting-malaria/cell_images/Parasitized/C129P90ThinF_IMG_20151004_133421_cell_115.png,Parasitized,142,133,RGB,1,1,1,0.7703705,False,18886,Q3,0.7703705,0.7-0.8
/kaggle/input/cell-images-for-detecting-malaria/cell_images/Uninfected/C125P86ThinF_IMG_20151004_101929_cell_131.png,Uninfected,133,184,RGB,0,0,0,0.030404449,False,24472,Q4 (largest),0.96959555,0.9-1.0
/kaggle/input/cell-images-for-detecting-malaria/cell_images/Uninfected/C149P110ThinF_IMG_20151115_114555_cell_31.png,Uninfected,112,103,RGB,0,0,0,0.043984883,False,11536,Q1 (smallest),0.9560151,0.9-1.0
/kaggle/input/cell-images-for-detecting-malaria/cell_images/Parasitized/C66P27N_ThinF_IMG_20150818_164408_cell_143.png,Parasitized,142,142,RGB,1,1,1,0.99759054,False,20164,Q4 (largest),0.99759054,0.9-1.0
/kaggle/input/cell-images-for-detecting-malaria/cell_images/Uninfected/C94P55ThinF_IMG_20150821_170021_cell_166.png,Uninfected,115,127,RGB,0,0,0,0.0034562699,False,14605,Q1 (smallest),0.9965437,0.9-1.0
/kaggle/input/cell-images-for-detecting-malaria/cell_images/Uninfected/C124P85ThinF_IMG_20151002_154846_cell_32.png,Uninfected,139,130,RGB,0,0,0,0.006873406,False,18070,Q3,0.9931266,0.9-1.0
/kaggle/input/cell-images-for-detecting-malaria/cell_images/Parasitized/C183P144NThinF_IMG_20151201_223431_cell_109.png,Parasitized,139,136,RGB,1,1,1,0.9977229,False,18904,Q3,0.9977229,0.9-1.0
/kaggle/input/cell-images-for-detecting-malaria/cell_images/Uninfected/C109P70ThinF_IMG_20150930_102944_cell_121.png,Uninfected,133,148,RGB,0,0,0,0.0010407135,False,19684,Q3,0.9989593,0.9-1.0
/kaggle/input/cell-images-for-detecting-malaria/cell_images/Uninfected/C42P5thin_original_IMG_20150623_134426_cell_25.png,Uninfected,154,154,RGB,0,0,0,0.0029802886,False,23716,Q4 (largest),0.9970197,0.9-1.0
/kaggle/input/cell-images-for-detecting-malaria/cell_images/Uninfected/C58P19thinF_IMG_20150802_122648_cell_43.png,Uninfected,118,133,RGB,0,0,0,0.0036086028,False,15694,Q2,0.9963914,0.9-1.0
/kaggle/input/cell-images-for-detecting-malaria/cell_images/Parasitized/C184P145ThinF_IMG_20151203_103637_cell_150.png,Parasitized,103,178,RGB,1,1,1,0.996485,False,18334,Q3,0.996485,0.9-1.0
/kaggle/input/cell-images-for-detecting-malaria/cell_images/Parasitized/C60P21thinF_IMG_20150803_144003_cell_133.png,Parasitized,124,109,RGB,1,1,0,0.029516416,True,13516,Q1 (smallest),0.9704836,0.9-1.0
/kaggle/input/cell-images-for-detecting-malaria/cell_images/Uninfected/C117P78ThinF_IMG_20150930_214941_cell_47.png,Uninfected,160,163,RGB,0,0,0,0.0031690882,False,26080,Q4 (largest),0.99683094,0.9-1.0
/kaggle/input/cell-images-for-detecting-malaria/cell_images/Parasitized/C93P54ThinF_IMG_20150821_164024_cell_211.png,Parasitized,115,109,RGB,1,1,1,0.9998654,False,12535,Q1 (smallest),0.9998654,0.9-1.0
/kaggle/input/cell-images-for-detecting-malaria/cell_images/Uninfected/C150P111ThinF_IMG_20151115_115805_cell_63.png,Uninfected,118,115,RGB,0,0,0,0.0001792772,False,13570,Q1 (smallest),0.9998207,0.9-1.0
/kaggle/input/cell-images-for-detecting-malaria/cell_images/Parasitized/C128P89ThinF_IMG_20151004_130549_cell_149.png,Parasitized,133,139,RGB,1,1,1,0.9996981,False,18487,Q3,0.9996981,0.9-1.0
/kaggle/input/cell-images-for-detecting-malaria/cell_images/Uninfected/C69P30N_ThinF_IMG_20150819_135705_cell_108.png,Uninfected,148,166,RGB,0,0,0,0.0047695423,False,24568,Q4 (largest),0.99523044,0.9-1.0
/kaggle/input/cell-images-for-detecting-malaria/cell_images/Parasitized/C183P144NThinF_IMG_20151201_224107_cell_129.png,Parasitized,148,133,RGB,1,1,1,0.9987765,False,19684,Q3,0.9987765,0.9-1.0
/kaggle/input/cell-images-for-detecting-malaria/cell_images/Parasitized/C45P6ThinF_IMG_20151130_160135_cell_202.png,Parasitized,133,127,RGB,1,1,1,0.9852674,False,16891,Q2,0.9852674,0.9-1.0
/kaggle/input/cell-images-for-detecting-malaria/cell_images/Parasitized/C116P77ThinF_IMG_20150930_171844_cell_85.png,Parasitized,112,115,RGB,1,1,1,0.99997973,False,12880,Q1 (smallest),0.99997973,0.9-1.0
/kaggle/input/cell-images-for-detecting-malaria/cell_images/Uninfected/C110P71ThinF_IMG_20150930_105925_cell_153.png,Uninfected,136,142,RGB,0,0,0,0.0023663843,False,19312,Q3,0.99763364,0.9-1.0
/kaggle/input/cell-images-for-detecting-malaria/cell_images/Parasitized/C132P93ThinF_IMG_20151004_152808_cell_6.png,Parasitized,130,142,RGB,1,1,1,0.91167927,False,18460,Q3,0.91167927,0.9-1.0
/kaggle/input/cell-images-for-detecting-malaria/cell_images/Uninfected/C208ThinF_IMG_20151029_155411_cell_11.png,Uninfected,136,127,RGB,0,0,0,0.09034438,False,17272,Q2,0.90965563,0.9-1.0
/kaggle/input/cell-images-for-detecting-malaria/cell_images/Parasitized/C117P78ThinF_IMG_20150930_222228_cell_85.png,Parasitized,157,172,RGB,1,1,1,0.9860507,False,27004,Q4 (largest),0.9860507,0.9-1.0
/kaggle/input/cell-images-for-detecting-malaria/cell_images/Uninfected/C62P23N_ThinF_IMG_20150818_132918_cell_146.png,Uninfected,121,127,RGB,0,0,0,0.00084868615,False,15367,Q2,0.9991513,0.9-1.0
/kaggle/input/cell-images-for-detecting-malaria/cell_images/Parasitized/C39P4thinF_original_IMG_20150622_110435_cell_97.png,Parasitized,115,94,RGB,1,1,1,0.9802696,False,10810,Q1 (smallest),0.9802696,0.9-1.0
/kaggle/input/cell-images-for-detecting-malaria/cell_images/Parasitized/C175P136NThinF_IMG_20151127_141325_cell_219.png,Parasitized,127,133,RGB,1,1,1,0.95054466,False,16891,Q2,0.95054466,0.9-1.0
/kaggle/input/cell-images-for-detecting-malaria/cell_images/Uninfected/C163P124ThinF_IMG_20151116_110818_cell_34.png,Uninfected,124,145,RGB,0,0,0,0.0077636316,False,17980,Q3,0.9922364,0.9-1.0
/kaggle/input/cell-images-for-detecting-malaria/cell_images/Uninfected/C166P127ThinF_IMG_20151117_194932_cell_101.png,Uninfected,142,145,RGB,0,0,0,0.052396655,False,20590,Q4 (largest),0.94760334,0.9-1.0
/kaggle/input/cell-images-for-detecting-malaria/cell_images/Uninfected/C226ThinF_IMG_20151112_131622_cell_41.png,Uninfected,157,142,RGB,0,0,0,0.10464028,False,22294,Q4 (largest),0.8953597,0.8-0.9
/kaggle/input/cell-images-for-detecting-malaria/cell_images/Uninfected/C102P63ThinF_IMG_20150918_161508_cell_113.png,Uninfected,139,127,RGB,0,0,0,0.27064112,False,17653,Q3,0.7293589,0.7-0.8
/kaggle/input/cell-images-for-detecting-malaria/cell_images/Parasitized/C131P92ThinF_IMG_20151004_150208_cell_140.png,Parasitized,127,136,RGB,1,1,1,0.9984964,False,17272,Q2,0.9984964,0.9-1.0
/kaggle/input/cell-images-for-detecting-malaria/cell_images/Uninfected/C143P104ThinF_IMG_20151005_230100_cell_25.png,Uninfected,118,142,RGB,0,0,0,0.009508002,False,16756,Q2,0.990492,0.9-1.0
/kaggle/input/cell-images-for-detecting-malaria/cell_images/Uninfected/C156P117ThinF_IMG_20151115_154313_cell_236.png,Uninfected,136,124,RGB,0,0,0,0.012545487,False,16864,Q2,0.98745453,0.9-1.0
/kaggle/input/cell-images-for-detecting-malaria/cell_images/Uninfected/C73P34_ThinF_IMG_20150815_111653_cell_36.png,Uninfected,118,124,RGB,0,0,0,0.0028442754,False,14632,Q1 (smallest),0.9971557,0.9-1.0
/kaggle/input/cell-images-for-detecting-malaria/cell_images/Parasitized/C91P52ThinF_IMG_20150821_124937_cell_212.png,Parasitized,151,139,RGB,1,1,1,0.9641278,False,20989,Q4 (largest),0.9641278,0.9-1.0
/kaggle/input/cell-images-for-detecting-malaria/cell_images/Uninfected/C47P8thinOriginalOlympusCX21_IMG_20150717_174750_cell_14.png,Uninfected,106,118,RGB,0,0,0,0.0049362704,False,12508,Q1 (smallest),0.9950637,0.9-1.0
/kaggle/input/cell-images-for-detecting-malaria/cell_images/Parasitized/C98P59ThinF_IMG_20150917_154452_cell_204.png,Parasitized,145,121,RGB,1,1,1,0.99775934,False,17545,Q3,0.99775934,0.9-1.0
/kaggle/input/cell-images-for-detecting-malaria/cell_images/Uninfected/C161P122ThinF_IMG_20151116_101626_cell_78.png,Uninfected,121,112,RGB,0,0,0,0.0009087655,False,13552,Q1 (smallest),0.9990912,0.9-1.0
/kaggle/input/cell-images-for-detecting-malaria/cell_images/Parasitized/C48P9thinF_IMG_20150721_161243_cell_157.png,Parasitized,148,148,RGB,1,1,1,0.9915878,False,21904,Q4 (largest),0.9915878,0.9-1.0
/kaggle/input/cell-images-for-detecting-malaria/cell_images/Parasitized/C100P61ThinF_IMG_20150918_144348_cell_144.png,Parasitized,133,136,RGB,1,1,1,0.99765825,False,18088,Q3,0.99765825,0.9-1.0
/kaggle/input/cell-images-for-detecting-malaria/cell_images/Uninfected/C121P82ThinF_IMG_20151002_133540_cell_21.png,Uninfected,145,127,RGB,0,0,0,0.00089453673,False,18415,Q3,0.99910545,0.9-1.0
/kaggle/input/cell-images-for-detecting-malaria/cell_images/Parasitized/C171P132ThinF_IMG_20151119_153512_cell_190.png,Parasitized,118,127,RGB,1,1,1,0.86495435,False,14986,Q2,0.86495435,0.8-0.9
/kaggle/input/cell-images-for-detecting-malaria/cell_images/Uninfected/C187P148NThinF_IMG_20151203_153036_cell_98.png,Uninfected,73,97,RGB,0,0,0,0.08395837,False,7081,Q1 (smallest),0.9160416,0.9-1.0
/kaggle/input/cell-images-for-detecting-malaria/cell_images/Uninfected/C70P31_ThinF_IMG_20150813_130332_cell_32.png,Uninfected,118,115,RGB,0,0,0,0.003000415,False,13570,Q1 (smallest),0.99699956,0.9-1.0
/kaggle/input/cell-images-for-detecting-malaria/cell_images/Uninfected/C227ThinF_IMG_20151112_135422_cell_31.png,Uninfected,148,148,RGB,0,0,0,0.008120414,False,21904,Q4 (largest),0.9918796,0.9-1.0
/kaggle/input/cell-images-for-detecting-malaria/cell_images/Uninfected/C219ThinF_IMG_20151106_150135_cell_42.png,Uninfected,160,166,RGB,0,0,0,0.0027781664,False,26560,Q4 (largest),0.9972218,0.9-1.0
/kaggle/input/cell-images-for-detecting-malaria/cell_images/Parasitized/C115P76ThinF_IMG_20150930_162315_cell_256.png,Parasitized,112,124,RGB,1,1,1,0.81537956,False,13888,Q1 (smallest),0.81537956,0.8-0.9
/kaggle/input/cell-images-for-detecting-malaria/cell_images/Parasitized/C137P98ThinF_IMG_20151005_161659_cell_14.png,Parasitized,112,112,RGB,1,1,1,0.9998933,False,12544,Q1 (smallest),0.9998933,0.9-1.0
/kaggle/input/cell-images-for-detecting-malaria/cell_images/Parasitized/C78P39ThinF_IMG_20150606_104936_cell_178.png,Parasitized,103,103,RGB,1,1,1,0.9993668,False,10609,Q1 (smallest),0.9993668,0.9-1.0
/kaggle/input/cell-images-for-detecting-malaria/cell_images/Uninfected/C88P49ThinF_IMG_20150820_150724_cell_97.png,Uninfected,124,127,RGB,0,0,0,0.0022136676,False,15748,Q2,0.99778634,0.9-1.0
/kaggle/input/cell-images-for-detecting-malaria/cell_images/Uninfected/C114P75ThinF_IMG_20150930_150733_cell_19.png,Uninfected,121,121,RGB,0,0,0,0.021237558,False,14641,Q1 (smallest),0.97876245,0.9-1.0
/kaggle/input/cell-images-for-detecting-malaria/cell_images/Parasitized/C130P91ThinF_IMG_20151004_142109_cell_133.png,Parasitized,145,139,RGB,1,1,1,0.9903956,False,20155,Q3,0.9903956,0.9-1.0
/kaggle/input/cell-images-for-detecting-malaria/cell_images/Parasitized/C175P136NThinF_IMG_20151127_142326_cell_219.png,Parasitized,136,127,RGB,1,1,1,0.9991239,False,17272,Q2,0.9991239,0.9-1.0
/kaggle/input/cell-images-for-detecting-malaria/cell_images/Parasitized/C158P119ThinF_IMG_20151115_183157_cell_174.png,Parasitized,151,130,RGB,1,1,0,0.30499122,True,19630,Q3,0.69500875,0.6-0.7
/kaggle/input/cell-images-for-detecting-malaria/cell_images/Uninfected/C45P6ThinF_IMG_20151130_160135_cell_115.png,Uninfected,97,121,RGB,0,0,0,0.019402325,False,11737,Q1 (smallest),0.9805977,0.9-1.0
/kaggle/input/cell-images-for-detecting-malaria/cell_images/Parasitized/C39P4thinF_original_IMG_20150622_105253_cell_92.png,Parasitized,139,163,RGB,1,1,1,0.62642014,False,22657,Q4 (largest),0.62642014,0.6-0.7
/kaggle/input/cell-images-for-detecting-malaria/cell_images/Parasitized/C68P29N_ThinF_IMG_20150819_134830_cell_49.png,Parasitized,148,178,RGB,1,1,1,0.99962723,False,26344,Q4 (largest),0.99962723,0.9-1.0
/kaggle/input/cell-images-for-detecting-malaria/cell_images/Uninfected/C12NThinF_IMG_20150614_124212_cell_213.png,Uninfected,130,148,RGB,0,0,0,0.000115052884,False,19240,Q3,0.99988496,0.9-1.0
/kaggle/input/cell-images-for-detecting-malaria/cell_images/Uninfected/C61P22N_ThinF_IMG_20150818_112433_cell_152.png,Uninfected,124,130,RGB,0,0,0,0.039761048,False,16120,Q2,0.96023893,0.9-1.0
/kaggle/input/cell-images-for-detecting-malaria/cell_images/Parasitized/C132P93ThinF_IMG_20151004_152642_cell_39.png,Parasitized,130,133,RGB,1,1,1,0.99956864,False,17290,Q2,0.99956864,0.9-1.0
/kaggle/input/cell-images-for-detecting-malaria/cell_images/Parasitized/C99P60ThinF_IMG_20150918_142128_cell_89.png,Parasitized,151,139,RGB,1,1,1,1.0,False,20989,Q4 (largest),1.0,0.9-1.0
/kaggle/input/cell-images-for-detecting-malaria/cell_images/Parasitized/C48P9thinF_IMG_20150721_160406_cell_227.png,Parasitized,145,127,RGB,1,1,1,0.9921858,False,18415,Q3,0.9921858,0.9-1.0
/kaggle/input/cell-images-for-detecting-malaria/cell_images/Uninfected/C127P88ThinF_IMG_20151004_112004_cell_6.png,Uninfected,151,142,RGB,0,0,0,0.0023069102,False,21442,Q4 (largest),0.99769306,0.9-1.0
/kaggle/input/cell-images-for-detecting-malaria/cell_images/Parasitized/C123P84ThinF_IMG_20151002_151432_cell_166.png,Parasitized,115,139,RGB,1,1,1,0.9918488,False,15985,Q2,0.9918488,0.9-1.0
/kaggle/input/cell-images-for-detecting-malaria/cell_images/Uninfected/C214ThinF_IMG_20151106_114910_cell_176.png,Uninfected,139,133,RGB,0,0,0,0.0007592407,False,18487,Q3,0.99924076,0.9-1.0
/kaggle/input/cell-images-for-detecting-malaria/cell_images/Uninfected/C237ThinF_IMG_20151127_105345_cell_105.png,Uninfected,142,145,RGB,0,0,0,0.0005884447,False,20590,Q4 (largest),0.9994116,0.9-1.0
/kaggle/input/cell-images-for-detecting-malaria/cell_images/Uninfected/C54P15thinF_IMG_20150728_112938_cell_213.png,Uninfected,118,106,RGB,0,0,0,0.023646163,False,12508,Q1 (smallest),0.9763538,0.9-1.0
/kaggle/input/cell-images-for-detecting-malaria/cell_images/Parasitized/C177P138NThinF_IMG_20151201_143704_cell_175.png,Parasitized,127,124,RGB,1,1,1,0.9983479,False,15748,Q2,0.9983479,0.9-1.0
/kaggle/input/cell-images-for-detecting-malaria/cell_images/Uninfected/C94P55ThinF_IMG_20150821_170249_cell_174.png,Uninfected,133,142,RGB,0,0,0,0.0103806155,False,18886,Q3,0.9896194,0.9-1.0
/kaggle/input/cell-images-for-detecting-malaria/cell_images/Uninfected/C220ThinF_IMG_20151106_154016_cell_1.png,Uninfected,130,127,RGB,0,0,0,0.0048684315,False,16510,Q2,0.99513155,0.9-1.0
/kaggle/input/cell-images-for-detecting-malaria/cell_images/Parasitized/C68P29N_ThinF_IMG_20150819_133447_cell_138.png,Parasitized,142,139,RGB,1,1,1,0.96604174,False,19738,Q3,0.96604174,0.9-1.0
/kaggle/input/cell-images-for-detecting-malaria/cell_images/Parasitized/C174P135NThinF_IMG_20151127_135554_cell_205.png,Parasitized,136,133,RGB,1,1,1,0.9425579,False,18088,Q3,0.9425579,0.9-1.0
/kaggle/input/cell-images-for-detecting-malaria/cell_images/Parasitized/C184P145ThinF_IMG_20151203_102405_cell_187.png,Parasitized,136,124,RGB,1,1,1,0.99779034,False,16864,Q2,0.99779034,0.9-1.0
/kaggle/input/cell-images-for-detecting-malaria/cell_images/Uninfected/C53P14thinF_IMG_20150726_114439_cell_25.png,Uninfected,121,124,RGB,0,0,0,0.0029900759,False,15004,Q2,0.99700993,0.9-1.0
/kaggle/input/cell-images-for-detecting-malaria/cell_images/Parasitized/C89P50ThinF_IMG_20150820_162813_cell_213.png,Parasitized,151,142,RGB,1,1,1,0.98507357,False,21442,Q4 (largest),0.98507357,0.9-1.0
/kaggle/input/cell-images-for-detecting-malaria/cell_images/Uninfected/C76P37ThinF_IMG_20150815_165356_cell_78.png,Uninfected,142,139,RGB,0,0,0,0.003290689,False,19738,Q3,0.9967093,0.9-1.0
/kaggle/input/cell-images-for-detecting-malaria/cell_images/Parasitized/C59P20thinF_IMG_20150803_115303_cell_43.png,Parasitized,115,124,RGB,1,1,1,0.9988864,False,14260,Q1 (smallest),0.9988864,0.9-1.0
/kaggle/input/cell-images-for-detecting-malaria/cell_images/Parasitized/C136P97ThinF_IMG_20151005_142627_cell_15.png,Parasitized,151,166,RGB,1,1,0,0.16029066,True,25066,Q4 (largest),0.83970934,0.8-0.9
/kaggle/input/cell-images-for-detecting-malaria/cell_images/Parasitized/C69P30N_ThinF_IMG_20150819_135421_cell_216.png,Parasitized,157,175,RGB,1,1,1,0.993619,False,27475,Q4 (largest),0.993619,0.9-1.0
/kaggle/input/cell-images-for-detecting-malaria/cell_images/Parasitized/C59P20thinF_IMG_20150803_113139_cell_14.png,Parasitized,130,154,RGB,1,1,1,1.0,False,20020,Q3,1.0,0.9-1.0
/kaggle/input/cell-images-for-detecting-malaria/cell_images/Uninfected/C111P72ThinF_IMG_20150930_112827_cell_144.png,Uninfected,145,139,RGB,0,0,0,0.0011176681,False,20155,Q3,0.99888235,0.9-1.0
/kaggle/input/cell-images-for-detecting-malaria/cell_images/Uninfected/C72P33_ThinF_IMG_20150815_105033_cell_39.png,Uninfected,142,133,RGB,0,0,0,0.0018888238,False,18886,Q3,0.9981112,0.9-1.0
/kaggle/input/cell-images-for-detecting-malaria/cell_images/Uninfected/C163P124ThinF_IMG_20151116_111147_cell_130.png,Uninfected,136,127,RGB,0,0,0,0.011462311,False,17272,Q2,0.98853767,0.9-1.0
/kaggle/input/cell-images-for-detecting-malaria/cell_images/Parasitized/C180P141NThinF_IMG_20151201_165528_cell_180.png,Parasitized,118,118,RGB,1,1,1,0.99919266,False,13924,Q1 (smallest),0.99919266,0.9-1.0
/kaggle/input/cell-images-for-detecting-malaria/cell_images/Parasitized/C48P9thinF_IMG_20150721_160406_cell_237.png,Parasitized,136,139,RGB,1,1,1,0.99485034,False,18904,Q3,0.99485034,0.9-1.0
/kaggle/input/cell-images-for-detecting-malaria/cell_images/Uninfected/C105P66ThinF_IMG_20150924_094944_cell_37.png,Uninfected,166,160,RGB,0,0,0,0.0018359027,False,26560,Q4 (largest),0.9981641,0.9-1.0
/kaggle/input/cell-images-for-detecting-malaria/cell_images/Parasitized/C84P45ThinF_IMG_20150818_101412_cell_109.png,Parasitized,97,91,RGB,1,1,1,0.9940129,False,8827,Q1 (smallest),0.9940129,0.9-1.0
/kaggle/input/cell-images-for-detecting-malaria/cell_images/Parasitized/C48P9thinF_IMG_20150721_164129_cell_30.png,Parasitized,196,199,RGB,1,1,1,0.66480035,False,39004,Q4 (largest),0.66480035,0.6-0.7
/kaggle/input/cell-images-for-detecting-malaria/cell_images/Parasitized/C91P52ThinF_IMG_20150821_124311_cell_5.png,Parasitized,223,211,RGB,1,1,1,0.93122756,False,47053,Q4 (largest),0.93122756,0.9-1.0
/kaggle/input/cell-images-for-detecting-malaria/cell_images/Uninfected/C138P99ThinF_IMG_20151005_171116_cell_144.png,Uninfected,136,139,RGB,0,0,0,0.0022610915,False,18904,Q3,0.9977389,0.9-1.0
/kaggle/input/cell-images-for-detecting-malaria/cell_images/Parasitized/C39P4thinF_original_IMG_20150622_114804_cell_15.png,Parasitized,106,130,RGB,1,1,1,0.93809295,False,13780,Q1 (smallest),0.93809295,0.9-1.0
/kaggle/input/cell-images-for-detecting-malaria/cell_images/Uninfected/C79P40ThinF_IMG_20150817_104316_cell_112.png,Uninfected,127,124,RGB,0,0,0,0.038647797,False,15748,Q2,0.9613522,0.9-1.0
/kaggle/input/cell-images-for-detecting-malaria/cell_images/Uninfected/C61P22N_ThinF_IMG_20150818_112704_cell_209.png,Uninfected,133,133,RGB,0,0,0,0.01820812,False,17689,Q3,0.98179185,0.9-1.0
/kaggle/input/cell-images-for-detecting-malaria/cell_images/Parasitized/C189P150ThinF_IMG_20151203_140809_cell_131.png,Parasitized,127,121,RGB,1,1,1,0.93136895,False,15367,Q2,0.93136895,0.9-1.0
/kaggle/input/cell-images-for-detecting-malaria/cell_images/Parasitized/C51AP12thinF_IMG_20150724_154330_cell_120.png,Parasitized,97,76,RGB,1,1,1,0.98594123,False,7372,Q1 (smallest),0.98594123,0.9-1.0
/kaggle/input/cell-images-for-detecting-malaria/cell_images/Uninfected/C236ThinF_IMG_20151127_102428_cell_134.png,Uninfected,127,130,RGB,0,0,0,0.0004530445,False,16510,Q2,0.99954695,0.9-1.0
/kaggle/input/cell-images-for-detecting-malaria/cell_images/Uninfected/C98P59ThinF_IMG_20150917_153938_cell_100.png,Uninfected,127,148,RGB,0,0,0,0.0034158553,False,18796,Q3,0.9965841,0.9-1.0
/kaggle/input/cell-images-for-detecting-malaria/cell_images/Parasitized/C113P74ThinF_IMG_20150930_134949_cell_158.png,Parasitized,115,130,RGB,1,1,1,0.9933716,False,14950,Q2,0.9933716,0.9-1.0
/kaggle/input/cell-images-for-detecting-malaria/cell_images/Parasitized/C82P43ThinF_IMG_20150817_123500_cell_244.png,Parasitized,124,121,RGB,1,1,1,0.9999994,False,15004,Q2,0.9999994,0.9-1.0
/kaggle/input/cell-images-for-detecting-malaria/cell_images/Uninfected/C59P20thinF_IMG_20150803_112858_cell_63.png,Uninfected,166,172,RGB,0,0,0,0.011702889,False,28552,Q4 (largest),0.9882971,0.9-1.0
/kaggle/input/cell-images-for-detecting-malaria/cell_images/Parasitized/C99P60ThinF_IMG_20150918_141314_cell_119.png,Parasitized,121,121,RGB,1,1,1,0.99976355,False,14641,Q1 (smallest),0.99976355,0.9-1.0
/kaggle/input/cell-images-for-detecting-malaria/cell_images/Parasitized/C46P7ThinF_IMG_20151130_210843_cell_133.png,Parasitized,121,115,RGB,1,1,1,0.99910897,False,13915,Q1 (smallest),0.99910897,0.9-1.0
/kaggle/input/cell-images-for-detecting-malaria/cell_images/Uninfected/C174P135NThinF_IMG_20151127_135640_cell_124.png,Uninfected,112,106,RGB,0,0,0,0.013137855,False,11872,Q1 (smallest),0.9868621,0.9-1.0
/kaggle/input/cell-images-for-detecting-malaria/cell_images/Parasitized/C107P68ThinF_IMG_20150924_221632_cell_180.png,Parasitized,142,133,RGB,1,1,1,0.99982405,False,18886,Q3,0.99982405,0.9-1.0
/kaggle/input/cell-images-for-detecting-malaria/cell_images/Parasitized/C183P144NThinF_IMG_20151201_223758_cell_140.png,Parasitized,118,121,RGB,1,1,0,0.27458227,True,14278,Q1 (smallest),0.72541773,0.7-0.8
/kaggle/input/cell-images-for-detecting-malaria/cell_images/Parasitized/C74P35_ThinF_IMG_20150815_114401_cell_155.png,Parasitized,133,127,RGB,1,1,1,0.99978375,False,16891,Q2,0.99978375,0.9-1.0
/kaggle/input/cell-images-for-detecting-malaria/cell_images/Parasitized/C99P60ThinF_IMG_20150918_141129_cell_151.png,Parasitized,67,136,RGB,1,1,0,0.18057549,True,9112,Q1 (smallest),0.8194245,0.8-0.9
/kaggle/input/cell-images-for-detecting-malaria/cell_images/Parasitized/C59P20thinF_IMG_20150803_111244_cell_202.png,Parasitized,112,145,RGB,1,1,1,0.9999733,False,16240,Q2,0.9999733,0.9-1.0
/kaggle/input/cell-images-for-detecting-malaria/cell_images/Uninfected/C37BP2_thinF_IMG_20150620_133205a_cell_38.png,Uninfected,133,130,RGB,0,0,0,0.039454237,False,17290,Q2,0.9605458,0.9-1.0
/kaggle/input/cell-images-for-detecting-malaria/cell_images/Uninfected/C143P104ThinF_IMG_20151005_225623_cell_12.png,Uninfected,133,154,RGB,0,0,1,0.64063734,True,20482,Q4 (largest),0.64063734,0.6-0.7
/kaggle/input/cell-images-for-detecting-malaria/cell_images/Uninfected/C167P128ReThinF_IMG_20151201_110011_cell_64.png,Uninfected,124,127,RGB,0,0,0,0.024599118,False,15748,Q2,0.97540087,0.9-1.0
/kaggle/input/cell-images-for-detecting-malaria/cell_images/Uninfected/C103P64ThinF_IMG_20150918_164553_cell_80.png,Uninfected,139,148,RGB,0,0,0,0.0030785014,False,20572,Q4 (largest),0.9969215,0.9-1.0
/kaggle/input/cell-images-for-detecting-malaria/cell_images/Uninfected/C87P48ThinF_IMG_20150820_144855_cell_39.png,Uninfected,91,79,RGB,0,0,0,0.026658438,False,7189,Q1 (smallest),0.9733416,0.9-1.0
/kaggle/input/cell-images-for-detecting-malaria/cell_images/Parasitized/C158P119ThinF_IMG_20151115_181035_cell_171.png,Parasitized,133,130,RGB,1,1,1,0.99176055,False,17290,Q2,0.99176055,0.9-1.0
/kaggle/input/cell-images-for-detecting-malaria/cell_images/Parasitized/C101P62ThinF_IMG_20150918_151507_cell_77.png,Parasitized,178,151,RGB,1,1,1,0.99999726,False,26878,Q4 (largest),0.99999726,0.9-1.0
/kaggle/input/cell-images-for-detecting-malaria/cell_images/Parasitized/C67P28N_ThinF_IMG_20150819_115955_cell_173.png,Parasitized,130,142,RGB,1,1,1,0.9952312,False,18460,Q3,0.9952312,0.9-1.0
/kaggle/input/cell-images-for-detecting-malaria/cell_images/Parasitized/C129P90ThinF_IMG_20151004_133421_cell_98.png,Parasitized,124,133,RGB,1,1,1,0.8530959,False,16492,Q2,0.8530959,0.8-0.9
/kaggle/input/cell-images-for-detecting-malaria/cell_images/Parasitized/C129P90ThinF_IMG_20151004_133703_cell_97.png,Parasitized,118,124,RGB,1,1,1,0.99917775,False,14632,Q1 (smallest),0.99917775,0.9-1.0
/kaggle/input/cell-images-for-detecting-malaria/cell_images/Uninfected/C130P91ThinF_IMG_20151004_142951_cell_102.png,Uninfected,130,118,RGB,0,0,0,0.001268858,False,15340,Q2,0.99873114,0.9-1.0
/kaggle/input/cell-images-for-detecting-malaria/cell_images/Parasitized/C84P45ThinF_IMG_20150818_102800_cell_14.png,Parasitized,133,124,RGB,1,1,1,0.9999305,False,16492,Q2,0.9999305,0.9-1.0
/kaggle/input/cell-images-for-detecting-malaria/cell_images/Parasitized/C119P80ThinF_IMG_20151002_123911_cell_143.png,Parasitized,130,136,RGB,1,1,1,0.9994423,False,17680,Q3,0.9994423,0.9-1.0
/kaggle/input/cell-images-for-detecting-malaria/cell_images/Uninfected/C188P149ThinF_IMG_20151203_134449_cell_100.png,Uninfected,142,121,RGB,0,0,0,0.00847629,False,17182,Q2,0.9915237,0.9-1.0
/kaggle/input/cell-images-for-detecting-malaria/cell_images/Uninfected/C76P37ThinF_IMG_20150815_173019_cell_172.png,Uninfected,145,151,RGB,0,0,0,0.029985987,False,21895,Q4 (largest),0.97001404,0.9-1.0
/kaggle/input/cell-images-for-detecting-malaria/cell_images/Parasitized/C132P93ThinF_IMG_20151004_152505_cell_118.png,Parasitized,142,151,RGB,1,1,1,0.99563164,False,21442,Q4 (largest),0.99563164,0.9-1.0
/kaggle/input/cell-images-for-detecting-malaria/cell_images/Uninfected/C56P17thinF_IMG_20150728_160438_cell_75.png,Uninfected,115,109,RGB,0,0,0,0.07551666,False,12535,Q1 (smallest),0.92448336,0.9-1.0
/kaggle/input/cell-images-for-detecting-malaria/cell_images/Parasitized/C137P98ThinF_IMG_20151005_162010_cell_79.png,Parasitized,124,151,RGB,1,1,1,0.9999993,False,18724,Q3,0.9999993,0.9-1.0
/kaggle/input/cell-images-for-detecting-malaria/cell_images/Uninfected/C218ThinF_IMG_20151106_144337_cell_104.png,Uninfected,142,130,RGB,0,0,0,0.04253702,False,18460,Q3,0.95746297,0.9-1.0
/kaggle/input/cell-images-for-detecting-malaria/cell_images/Parasitized/C68P29N_ThinF_IMG_20150819_133447_cell_131.png,Parasitized,133,130,RGB,1,1,1,0.9985318,False,17290,Q2,0.9985318,0.9-1.0
/kaggle/input/cell-images-for-detecting-malaria/cell_images/Uninfected/C45P6ThinF_IMG_20151130_154725_cell_154.png,Uninfected,172,157,RGB,0,0,0,0.013735323,False,27004,Q4 (largest),0.9862647,0.9-1.0
/kaggle/input/cell-images-for-detecting-malaria/cell_images/Parasitized/C126P87ThinF_IMG_20151004_105342_cell_116.png,Parasitized,115,148,RGB,1,1,1,0.9990295,False,17020,Q2,0.9990295,0.9-1.0
/kaggle/input/cell-images-for-detecting-malaria/cell_images/Uninfected/C59P20thinF_IMG_20150803_112858_cell_94.png,Uninfected,136,124,RGB,0,0,0,0.005350283,False,16864,Q2,0.9946497,0.9-1.0
/kaggle/input/cell-images-for-detecting-malaria/cell_images/Parasitized/C175P136NThinF_IMG_20151127_141428_cell_214.png,Parasitized,148,160,RGB,1,1,1,0.99997425,False,23680,Q4 (largest),0.99997425,0.9-1.0
/kaggle/input/cell-images-for-detecting-malaria/cell_images/Parasitized/C101P62ThinF_IMG_20150918_155731_cell_82.png,Parasitized,133,136,RGB,1,1,1,0.9999306,False,18088,Q3,0.9999306,0.9-1.0
/kaggle/input/cell-images-for-detecting-malaria/cell_images/Uninfected/C163P124ThinF_IMG_20151116_110818_cell_180.png,Uninfected,148,142,RGB,0,0,0,0.007339553,False,21016,Q4 (largest),0.99266046,0.9-1.0
/kaggle/input/cell-images-for-detecting-malaria/cell_images/Parasitized/C126P87ThinF_IMG_20151004_105844_cell_148.png,Parasitized,121,109,RGB,1,1,1,0.95309484,False,13189,Q1 (smallest),0.95309484,0.9-1.0
/kaggle/input/cell-images-for-detecting-malaria/cell_images/Uninfected/C238NThinF_IMG_20151207_114444_cell_141.png,Uninfected,124,127,RGB,0,0,0,0.036732525,False,15748,Q2,0.96326745,0.9-1.0
/kaggle/input/cell-images-for-detecting-malaria/cell_images/Uninfected/C216ThinF_IMG_20151106_135228_cell_176.png,Uninfected,160,154,RGB,0,0,0,0.033410054,False,24640,Q4 (largest),0.9665899,0.9-1.0
/kaggle/input/cell-images-for-detecting-malaria/cell_images/Parasitized/C59P20thinF_IMG_20150803_113430_cell_14.png,Parasitized,142,148,RGB,1,1,1,0.97554046,False,21016,Q4 (largest),0.97554046,0.9-1.0
/kaggle/input/cell-images-for-detecting-malaria/cell_images/Parasitized/C175P136NThinF_IMG_20151127_141325_cell_230.png,Parasitized,148,139,RGB,1,1,1,0.99236804,False,20572,Q4 (largest),0.99236804,0.9-1.0
/kaggle/input/cell-images-for-detecting-malaria/cell_images/Parasitized/C123P84ThinF_IMG_20151002_152330_cell_202.png,Parasitized,127,148,RGB,1,1,0,0.02123882,True,18796,Q3,0.9787612,0.9-1.0
/kaggle/input/cell-images-for-detecting-malaria/cell_images/Parasitized/C113P74ThinF_IMG_20150930_140646_cell_186.png,Parasitized,133,127,RGB,1,1,1,0.971817,False,16891,Q2,0.971817,0.9-1.0
/kaggle/input/cell-images-for-detecting-malaria/cell_images/Uninfected/C67P28N_ThinF_IMG_20150819_132441_cell_150.png,Uninfected,142,118,RGB,0,0,0,0.026263684,False,16756,Q2,0.9737363,0.9-1.0
/kaggle/input/cell-images-for-detecting-malaria/cell_images/Parasitized/C49P10thinF_IMG_20150724_103054_cell_189.png,Parasitized,118,130,RGB,1,1,0,0.1312374,True,15340,Q2,0.8687626,0.8-0.9
/kaggle/input/cell-images-for-detecting-malaria/cell_images/Parasitized/C176P137NThinF_IMG_20151201_121303_cell_116.png,Parasitized,142,118,RGB,1,1,1,0.9975187,False,16756,Q2,0.9975187,0.9-1.0
/kaggle/input/cell-images-for-detecting-malaria/cell_images/Parasitized/C59P20thinF_IMG_20150803_113809_cell_25.png,Parasitized,148,136,RGB,1,1,1,0.9999578,False,20128,Q3,0.9999578,0.9-1.0
/kaggle/input/cell-images-for-detecting-malaria/cell_images/Parasitized/C130P91ThinF_IMG_20151004_142951_cell_155.png,Parasitized,142,145,RGB,1,1,1,0.9987483,False,20590,Q4 (largest),0.9987483,0.9-1.0
/kaggle/input/cell-images-for-detecting-malaria/cell_images/Parasitized/C118P79ThinF_IMG_20151002_105827_cell_133.png,Parasitized,106,229,RGB,1,1,1,0.99607265,False,24274,Q4 (largest),0.99607265,0.9-1.0
/kaggle/input/cell-images-for-detecting-malaria/cell_images/Uninfected/C224ThinF_IMG_20151112_111955_cell_121.png,Uninfected,133,163,RGB,0,0,0,0.020168345,False,21679,Q4 (largest),0.97983164,0.9-1.0
/kaggle/input/cell-images-for-detecting-malaria/cell_images/Uninfected/C226ThinF_IMG_20151112_131731_cell_34.png,Uninfected,139,133,RGB,0,0,0,0.0017623537,False,18487,Q3,0.99823767,0.9-1.0
/kaggle/input/cell-images-for-detecting-malaria/cell_images/Parasitized/C59P20thinF_IMG_20150803_112733_cell_223.png,Parasitized,118,133,RGB,1,1,1,0.9996751,False,15694,Q2,0.9996751,0.9-1.0
/kaggle/input/cell-images-for-detecting-malaria/cell_images/Parasitized/C116P77ThinF_IMG_20150930_171809_cell_85.png,Parasitized,112,106,RGB,1,1,1,0.99816257,False,11872,Q1 (smallest),0.99816257,0.9-1.0
/kaggle/input/cell-images-for-detecting-malaria/cell_images/Uninfected/C186P147NThinF_IMG_20151203_150408_cell_40.png,Uninfected,112,133,RGB,0,0,0,0.009477329,False,14896,Q2,0.9905227,0.9-1.0
/kaggle/input/cell-images-for-detecting-malaria/cell_images/Uninfected/C47P8thin_Original_Motic_IMG_20150714_093512_cell_88.png,Uninfected,124,118,RGB,0,0,0,0.025213754,False,14632,Q1 (smallest),0.9747862,0.9-1.0
/kaggle/input/cell-images-for-detecting-malaria/cell_images/Parasitized/C39P4thinF_original_IMG_20150622_113632_cell_33.png,Parasitized,112,151,RGB,1,1,1,0.95736146,False,16912,Q2,0.95736146,0.9-1.0
/kaggle/input/cell-images-for-detecting-malaria/cell_images/Parasitized/C103P64ThinF_IMG_20150918_164331_cell_186.png,Parasitized,142,163,RGB,1,1,1,0.97553,False,23146,Q4 (largest),0.97553,0.9-1.0
/kaggle/input/cell-images-for-detecting-malaria/cell_images/Parasitized/C140P101ThinF_IMG_20151005_210026_cell_169.png,Parasitized,145,142,RGB,1,1,1,0.9888654,False,20590,Q4 (largest),0.9888654,0.9-1.0
/kaggle/input/cell-images-for-detecting-malaria/cell_images/Uninfected/C6NThinF_IMG_20150609_122832_cell_95.png,Uninfected,148,139,RGB,0,0,0,0.028896058,False,20572,Q4 (largest),0.97110397,0.9-1.0
/kaggle/input/cell-images-for-detecting-malaria/cell_images/Parasitized/C39P4thinF_original_IMG_20150622_113446_cell_5.png,Parasitized,118,166,RGB,1,1,0,0.25045934,True,19588,Q3,0.7495407,0.7-0.8
/kaggle/input/cell-images-for-detecting-malaria/cell_images/Uninfected/C142P103ThinF_IMG_20151005_221931_cell_90.png,Uninfected,133,130,RGB,0,0,0,0.0026724252,False,17290,Q2,0.99732757,0.9-1.0
/kaggle/input/cell-images-for-detecting-malaria/cell_images/Uninfected/C175P136NThinF_IMG_20151127_142009_cell_96.png,Uninfected,151,151,RGB,0,0,0,0.000766543,False,22801,Q4 (largest),0.9992335,0.9-1.0
/kaggle/input/cell-images-for-detecting-malaria/cell_images/Parasitized/C82P43ThinF_IMG_20150817_124010_cell_209.png,Parasitized,121,115,RGB,1,1,1,0.99295336,False,13915,Q1 (smallest),0.99295336,0.9-1.0
/kaggle/input/cell-images-for-detecting-malaria/cell_images/Parasitized/C131P92ThinF_IMG_20151004_145410_cell_134.png,Parasitized,187,145,RGB,1,1,1,0.93542373,False,27115,Q4 (largest),0.93542373,0.9-1.0
/kaggle/input/cell-images-for-detecting-malaria/cell_images/Uninfected/C158P119ThinF_IMG_20151115_181136_cell_114.png,Uninfected,121,145,RGB,0,0,0,0.0018758829,False,17545,Q3,0.9981241,0.9-1.0
/kaggle/input/cell-images-for-detecting-malaria/cell_images/Parasitized/C144P105ThinF_IMG_20151015_163142_cell_311.png,Parasitized,133,136,RGB,1,1,1,0.88250995,False,18088,Q3,0.88250995,0.8-0.9
/kaggle/input/cell-images-for-detecting-malaria/cell_images/Uninfected/C119P80ThinF_IMG_20151002_123043_cell_90.png,Uninfected,109,133,RGB,0,0,0,0.0015631865,False,14497,Q1 (smallest),0.9984368,0.9-1.0
/kaggle/input/cell-images-for-detecting-malaria/cell_images/Uninfected/C97P58ThinF_IMG_20150917_151551_cell_57.png,Uninfected,133,136,RGB,0,0,0,0.001243358,False,18088,Q3,0.99875665,0.9-1.0
/kaggle/input/cell-images-for-detecting-malaria/cell_images/Parasitized/C176P137NThinF_IMG_20151201_121030_cell_19.png,Parasitized,193,178,RGB,1,1,1,0.95451504,False,34354,Q4 (largest),0.95451504,0.9-1.0
/kaggle/input/cell-images-for-detecting-malaria/cell_images/Parasitized/C128P89ThinF_IMG_20151004_131231_cell_154.png,Parasitized,142,118,RGB,1,1,1,0.94274485,False,16756,Q2,0.94274485,0.9-1.0
/kaggle/input/cell-images-for-detecting-malaria/cell_images/Parasitized/C99P60ThinF_IMG_20150918_140900_cell_146.png,Parasitized,157,151,RGB,1,1,1,0.6360911,False,23707,Q4 (largest),0.6360911,0.6-0.7
/kaggle/input/cell-images-for-detecting-malaria/cell_images/Uninfected/C223ThinF_IMG_20151112_103809_cell_186.png,Uninfected,121,133,RGB,0,0,0,0.016115548,False,16093,Q2,0.98388445,0.9-1.0
/kaggle/input/cell-images-for-detecting-malaria/cell_images/Parasitized/C49P10thinF_IMG_20150724_102843_cell_182.png,Parasitized,130,127,RGB,1,1,1,0.5197192,False,16510,Q2,0.5197192,0.5-0.6
/kaggle/input/cell-images-for-detecting-malaria/cell_images/Parasitized/C118P79ThinF_IMG_20151002_110212_cell_11.png,Parasitized,148,142,RGB,1,1,1,0.99980426,False,21016,Q4 (largest),0.99980426,0.9-1.0
/kaggle/input/cell-images-for-detecting-malaria/cell_images/Uninfected/C207ThinF_IMG_20151029_143952_cell_52.png,Uninfected,139,136,RGB,0,0,0,0.0011056614,False,18904,Q3,0.99889433,0.9-1.0
/kaggle/input/cell-images-for-detecting-malaria/cell_images/Parasitized/C189P150ThinF_IMG_20151203_142224_cell_96.png,Parasitized,118,115,RGB,1,1,1,0.9998299,False,13570,Q1 (smallest),0.9998299,0.9-1.0
/kaggle/input/cell-images-for-detecting-malaria/cell_images/Parasitized/C39P4thinF_original_IMG_20150622_105803_cell_78.png,Parasitized,121,118,RGB,1,1,1,0.999186,False,14278,Q1 (smallest),0.999186,0.9-1.0
/kaggle/input/cell-images-for-detecting-malaria/cell_images/Uninfected/C235ThinF_IMG_20151112_165055_cell_160.png,Uninfected,112,115,RGB,0,0,0,0.0005155079,False,12880,Q1 (smallest),0.9994845,0.9-1.0
/kaggle/input/cell-images-for-detecting-malaria/cell_images/Uninfected/C232ThinF_IMG_20151112_154251_cell_174.png,Uninfected,130,145,RGB,0,0,0,0.0006433382,False,18850,Q3,0.9993567,0.9-1.0
/kaggle/input/cell-images-for-detecting-malaria/cell_images/Parasitized/C130P91ThinF_IMG_20151004_142709_cell_129.png,Parasitized,136,145,RGB,1,1,1,0.9961532,False,19720,Q3,0.9961532,0.9-1.0
/kaggle/input/cell-images-for-detecting-malaria/cell_images/Parasitized/C133P94ThinF_IMG_20151004_154351_cell_123.png,Parasitized,136,124,RGB,1,1,1,0.99911696,False,16864,Q2,0.99911696,0.9-1.0
/kaggle/input/cell-images-for-detecting-malaria/cell_images/Uninfected/C213ThinF_IMG_20151106_112759_cell_148.png,Uninfected,118,127,RGB,0,0,0,0.0006264446,False,14986,Q2,0.99937356,0.9-1.0
/kaggle/input/cell-images-for-detecting-malaria/cell_images/Parasitized/C118P79ThinF_IMG_20151002_104831_cell_158.png,Parasitized,163,133,RGB,1,1,1,0.9998338,False,21679,Q4 (largest),0.9998338,0.9-1.0
/kaggle/input/cell-images-for-detecting-malaria/cell_images/Parasitized/C126P87ThinF_IMG_20151004_105100_cell_127.png,Parasitized,130,121,RGB,1,1,1,0.99999917,False,15730,Q2,0.99999917,0.9-1.0
/kaggle/input/cell-images-for-detecting-malaria/cell_images/Uninfected/C49P10thinF_IMG_20150724_102951_cell_65.png,Uninfected,124,136,RGB,0,0,0,0.04559693,False,16864,Q2,0.95440304,0.9-1.0
/kaggle/input/cell-images-for-detecting-malaria/cell_images/Parasitized/C120P81ThinF_IMG_20151002_130407_cell_193.png,Parasitized,103,187,RGB,1,1,1,0.99545634,False,19261,Q3,0.99545634,0.9-1.0
/kaggle/input/cell-images-for-detecting-malaria/cell_images/Parasitized/C68P29N_ThinF_IMG_20150819_134830_cell_31.png,Parasitized,172,163,RGB,1,1,1,0.9991304,False,28036,Q4 (largest),0.9991304,0.9-1.0
/kaggle/input/cell-images-for-detecting-malaria/cell_images/Uninfected/C209ThinF_IMG_20151029_160927_cell_23.png,Uninfected,118,115,RGB,0,0,0,0.0003754223,False,13570,Q1 (smallest),0.99962455,0.9-1.0
/kaggle/input/cell-images-for-detecting-malaria/cell_images/Parasitized/C180P141NThinF_IMG_20151201_164714_cell_165.png,Parasitized,121,112,RGB,1,1,1,0.90473306,False,13552,Q1 (smallest),0.90473306,0.9-1.0
/kaggle/input/cell-images-for-detecting-malaria/cell_images/Uninfected/C6NThinF_IMG_20150609_122421_cell_103.png,Uninfected,139,115,RGB,0,0,1,0.6139941,True,15985,Q2,0.6139941,0.6-0.7
/kaggle/input/cell-images-for-detecting-malaria/cell_images/Parasitized/C156P117ThinF_IMG_20151115_153831_cell_261.png,Parasitized,127,130,RGB,1,1,1,0.9913305,False,16510,Q2,0.9913305,0.9-1.0
/kaggle/input/cell-images-for-detecting-malaria/cell_images/Uninfected/C145P106ThinF_IMG_20151016_154641_cell_12.png,Uninfected,112,106,RGB,0,0,0,0.060667053,False,11872,Q1 (smallest),0.93933296,0.9-1.0
/kaggle/input/cell-images-for-detecting-malaria/cell_images/Parasitized/C99P60ThinF_IMG_20150918_141351_cell_117.png,Parasitized,160,142,RGB,1,1,1,0.95717305,False,22720,Q4 (largest),0.95717305,0.9-1.0
/kaggle/input/cell-images-for-detecting-malaria/cell_images/Parasitized/C116P77ThinF_IMG_20150930_171635_cell_87.png,Parasitized,109,115,RGB,1,1,1,0.99998546,False,12535,Q1 (smallest),0.99998546,0.9-1.0
/kaggle/input/cell-images-for-detecting-malaria/cell_images/Uninfected/C149P110ThinF_IMG_20151115_114555_cell_195.png,Uninfected,133,130,RGB,0,0,0,0.000560942,False,17290,Q2,0.99943906,0.9-1.0
/kaggle/input/cell-images-for-detecting-malaria/cell_images/Parasitized/C172P133ThinF_IMG_20151119_155343_cell_288.png,Parasitized,139,133,RGB,1,1,1,0.9890542,False,18487,Q3,0.9890542,0.9-1.0
/kaggle/input/cell-images-for-detecting-malaria/cell_images/Parasitized/C101P62ThinF_IMG_20150923_170246_cell_70.png,Parasitized,139,139,RGB,1,1,1,0.9991099,False,19321,Q3,0.9991099,0.9-1.0
/kaggle/input/cell-images-for-detecting-malaria/cell_images/Parasitized/C182P143NThinF_IMG_20151201_172759_cell_8.png,Parasitized,115,112,RGB,1,1,1,0.9988409,False,12880,Q1 (smallest),0.9988409,0.9-1.0
/kaggle/input/cell-images-for-detecting-malaria/cell_images/Parasitized/C99P60ThinF_IMG_20150918_142128_cell_78.png,Parasitized,154,178,RGB,1,1,1,0.9990023,False,27412,Q4 (largest),0.9990023,0.9-1.0
/kaggle/input/cell-images-for-detecting-malaria/cell_images/Uninfected/C70P31_ThinF_IMG_20150813_130510_cell_8.png,Uninfected,103,106,RGB,0,0,0,0.0077439463,False,10918,Q1 (smallest),0.99225605,0.9-1.0
/kaggle/input/cell-images-for-detecting-malaria/cell_images/Parasitized/C99P60ThinF_IMG_20150918_141620_cell_40.png,Parasitized,151,136,RGB,1,1,1,0.9996765,False,20536,Q4 (largest),0.9996765,0.9-1.0
/kaggle/input/cell-images-for-detecting-malaria/cell_images/Uninfected/C67P28N_ThinF_IMG_20150819_121240_cell_228.png,Uninfected,199,115,RGB,0,0,0,0.061892163,False,22885,Q4 (largest),0.93810785,0.9-1.0
/kaggle/input/cell-images-for-detecting-malaria/cell_images/Parasitized/C60P21thinF_IMG_20150804_105639_cell_4.png,Parasitized,175,202,RGB,1,1,1,0.9424441,False,35350,Q4 (largest),0.9424441,0.9-1.0
/kaggle/input/cell-images-for-detecting-malaria/cell_images/Parasitized/C154P115ThinF_IMG_20151115_141407_cell_228.png,Parasitized,139,130,RGB,1,1,1,0.9897888,False,18070,Q3,0.9897888,0.9-1.0
/kaggle/input/cell-images-for-detecting-malaria/cell_images/Uninfected/C157P118ThinF_IMG_20151115_163759_cell_110.png,Uninfected,115,121,RGB,0,0,0,0.0035036234,False,13915,Q1 (smallest),0.9964964,0.9-1.0
/kaggle/input/cell-images-for-detecting-malaria/cell_images/Parasitized/C59P20thinF_IMG_20150803_112802_cell_171.png,Parasitized,136,124,RGB,1,1,1,0.9994143,False,16864,Q2,0.9994143,0.9-1.0
/kaggle/input/cell-images-for-detecting-malaria/cell_images/Uninfected/C238NThinF_IMG_20151207_114653_cell_58.png,Uninfected,124,124,RGB,0,0,0,0.114413336,False,15376,Q2,0.8855867,0.8-0.9
/kaggle/input/cell-images-for-detecting-malaria/cell_images/Uninfected/C201ThinF_IMG_20150930_143502_cell_220.png,Uninfected,142,151,RGB,0,0,0,0.0027015978,False,21442,Q4 (largest),0.9972984,0.9-1.0
/kaggle/input/cell-images-for-detecting-malaria/cell_images/Parasitized/C184P145ThinF_IMG_20151203_103637_cell_143.png,Parasitized,133,139,RGB,1,1,1,0.9936461,False,18487,Q3,0.9936461,0.9-1.0
/kaggle/input/cell-images-for-detecting-malaria/cell_images/Parasitized/C48P9thinF_IMG_20150721_160406_cell_197.png,Parasitized,121,115,RGB,1,1,1,0.99840987,False,13915,Q1 (smallest),0.99840987,0.9-1.0
/kaggle/input/cell-images-for-detecting-malaria/cell_images/Uninfected/C126P87ThinF_IMG_20151004_104813_cell_107.png,Uninfected,109,97,RGB,0,0,0,0.165209,False,10573,Q1 (smallest),0.834791,0.8-0.9
/kaggle/input/cell-images-for-detecting-malaria/cell_images/Uninfected/C239ThinF_IMG_20151127_113008_cell_162.png,Uninfected,124,124,RGB,0,0,0,0.00023697664,False,15376,Q2,0.999763,0.9-1.0
/kaggle/input/cell-images-for-detecting-malaria/cell_images/Parasitized/C81P42ThinF_IMG_20150817_121113_cell_178.png,Parasitized,121,115,RGB,1,1,1,0.993404,False,13915,Q1 (smallest),0.993404,0.9-1.0
/kaggle/input/cell-images-for-detecting-malaria/cell_images/Uninfected/C107P68ThinF_IMG_20150924_221909_cell_66.png,Uninfected,136,130,RGB,0,0,0,0.002098947,False,17680,Q3,0.9979011,0.9-1.0
/kaggle/input/cell-images-for-detecting-malaria/cell_images/Uninfected/C53P14thinF_IMG_20150726_120026_cell_73.png,Uninfected,124,139,RGB,0,0,0,0.0027460586,False,17236,Q2,0.99725395,0.9-1.0
/kaggle/input/cell-images-for-detecting-malaria/cell_images/Uninfected/C73P34_ThinF_IMG_20150815_111653_cell_53.png,Uninfected,127,130,RGB,0,0,0,0.0021005804,False,16510,Q2,0.9978994,0.9-1.0
/kaggle/input/cell-images-for-detecting-malaria/cell_images/Uninfected/C213ThinF_IMG_20151106_112422_cell_217.png,Uninfected,127,130,RGB,0,0,0,0.00039438478,False,16510,Q2,0.9996056,0.9-1.0
/kaggle/input/cell-images-for-detecting-malaria/cell_images/Uninfected/C214ThinF_IMG_20151106_115440_cell_92.png,Uninfected,133,121,RGB,0,0,0,0.006968037,False,16093,Q2,0.993032,0.9-1.0
/kaggle/input/cell-images-for-detecting-malaria/cell_images/Parasitized/C101P62ThinF_IMG_20150918_151507_cell_66.png,Parasitized,166,154,RGB,1,1,1,0.99813145,False,25564,Q4 (largest),0.99813145,0.9-1.0
/kaggle/input/cell-images-for-detecting-malaria/cell_images/Parasitized/C136P97ThinF_IMG_20151005_143743_cell_127.png,Parasitized,97,94,RGB,1,1,1,0.9999858,False,9118,Q1 (smallest),0.9999858,0.9-1.0
/kaggle/input/cell-images-for-detecting-malaria/cell_images/Parasitized/C68P29N_ThinF_IMG_20150819_134625_cell_41.png,Parasitized,109,127,RGB,1,1,1,0.9997742,False,13843,Q1 (smallest),0.9997742,0.9-1.0
/kaggle/input/cell-images-for-detecting-malaria/cell_images/Parasitized/C123P84ThinF_IMG_20151002_152144_cell_183.png,Parasitized,124,112,RGB,1,1,1,0.9985917,False,13888,Q1 (smallest),0.9985917,0.9-1.0
/kaggle/input/cell-images-for-detecting-malaria/cell_images/Uninfected/C137P98ThinF_IMG_20151005_160918_cell_42.png,Uninfected,115,127,RGB,0,0,0,0.0046810783,False,14605,Q1 (smallest),0.99531895,0.9-1.0
/kaggle/input/cell-images-for-detecting-malaria/cell_images/Parasitized/C180P141NThinF_IMG_20151201_163848_cell_181.png,Parasitized,151,148,RGB,1,1,1,0.9857496,False,22348,Q4 (largest),0.9857496,0.9-1.0
/kaggle/input/cell-images-for-detecting-malaria/cell_images/Uninfected/C221ThinF_IMG_20151106_160653_cell_60.png,Uninfected,118,127,RGB,0,0,0,0.012906256,False,14986,Q2,0.98709375,0.9-1.0
/kaggle/input/cell-images-for-detecting-malaria/cell_images/Parasitized/C148P109ThinF_IMG_20151115_112253_cell_222.png,Parasitized,169,181,RGB,1,1,1,0.99749005,False,30589,Q4 (largest),0.99749005,0.9-1.0
/kaggle/input/cell-images-for-detecting-malaria/cell_images/Uninfected/C175P136NThinF_IMG_20151127_142326_cell_83.png,Uninfected,142,145,RGB,0,0,0,0.00077983824,False,20590,Q4 (largest),0.99922013,0.9-1.0
/kaggle/input/cell-images-for-detecting-malaria/cell_images/Parasitized/C89P50ThinF_IMG_20150820_162300_cell_205.png,Parasitized,184,172,RGB,1,1,1,0.98856294,False,31648,Q4 (largest),0.98856294,0.9-1.0
/kaggle/input/cell-images-for-detecting-malaria/cell_images/Uninfected/C39P4thinF_original_IMG_20150622_110352_cell_28.png,Uninfected,94,130,RGB,0,0,0,0.16422969,False,12220,Q1 (smallest),0.8357703,0.8-0.9
/kaggle/input/cell-images-for-detecting-malaria/cell_images/Uninfected/C84P45ThinF_IMG_20150818_102325_cell_5.png,Uninfected,121,118,RGB,0,0,0,0.003855986,False,14278,Q1 (smallest),0.996144,0.9-1.0
/kaggle/input/cell-images-for-detecting-malaria/cell_images/Uninfected/C152P113ThinF_IMG_20151115_124557_cell_129.png,Uninfected,109,112,RGB,0,0,0,0.0035384928,False,12208,Q1 (smallest),0.9964615,0.9-1.0
/kaggle/input/cell-images-for-detecting-malaria/cell_images/Parasitized/C186P147NThinF_IMG_20151203_150408_cell_181.png,Parasitized,148,142,RGB,1,1,1,0.99717677,False,21016,Q4 (largest),0.99717677,0.9-1.0
/kaggle/input/cell-images-for-detecting-malaria/cell_images/Parasitized/C48P9thinF_IMG_20150721_160406_cell_202.png,Parasitized,130,112,RGB,1,1,1,0.81234574,False,14560,Q1 (smallest),0.81234574,0.8-0.9
/kaggle/input/cell-images-for-detecting-malaria/cell_images/Uninfected/C138P99ThinF_IMG_20151005_170905_cell_135.png,Uninfected,151,151,RGB,0,0,0,0.005239244,False,22801,Q4 (largest),0.99476075,0.9-1.0
/kaggle/input/cell-images-for-detecting-malaria/cell_images/Parasitized/C184P145ThinF_IMG_20151203_103824_cell_128.png,Parasitized,145,166,RGB,1,1,1,0.9886594,False,24070,Q4 (largest),0.9886594,0.9-1.0
/kaggle/input/cell-images-for-detecting-malaria/cell_images/Parasitized/C184P145ThinF_IMG_20151203_103326_cell_156.png,Parasitized,139,157,RGB,1,1,1,0.99940205,False,21823,Q4 (largest),0.99940205,0.9-1.0
/kaggle/input/cell-images-for-detecting-malaria/cell_images/Parasitized/C181P142ThinF_IMG_20151127_160514_cell_170.png,Parasitized,124,103,RGB,1,1,0,0.38918504,True,12772,Q1 (smallest),0.6108149,0.6-0.7
/kaggle/input/cell-images-for-detecting-malaria/cell_images/Parasitized/C179P140ThinF_IMG_20151127_153852_cell_155.png,Parasitized,97,106,RGB,1,1,1,0.99971277,False,10282,Q1 (smallest),0.99971277,0.9-1.0
/kaggle/input/cell-images-for-detecting-malaria/cell_images/Uninfected/C161P122ThinF_IMG_20151116_101059_cell_22.png,Uninfected,127,112,RGB,0,0,0,0.0054324307,False,14224,Q1 (smallest),0.9945676,0.9-1.0
/kaggle/input/cell-images-for-detecting-malaria/cell_images/Uninfected/C120P81ThinF_IMG_20151002_130150_cell_79.png,Uninfected,133,130,RGB,0,0,0,0.0033981735,False,17290,Q2,0.9966018,0.9-1.0
/kaggle/input/cell-images-for-detecting-malaria/cell_images/Uninfected/C121P82ThinF_IMG_20151002_133158_cell_67.png,Uninfected,178,145,RGB,0,0,0,0.014139978,False,25810,Q4 (largest),0.98586005,0.9-1.0
/kaggle/input/cell-images-for-detecting-malaria/cell_images/Parasitized/C68P29N_ThinF_IMG_20150819_134712_cell_55.png,Parasitized,151,136,RGB,1,1,1,0.9925652,False,20536,Q4 (largest),0.9925652,0.9-1.0
/kaggle/input/cell-images-for-detecting-malaria/cell_images/Uninfected/C79P40ThinF_IMG_20150817_104919_cell_67.png,Uninfected,130,124,RGB,0,0,0,0.00054856576,False,16120,Q2,0.99945146,0.9-1.0
/kaggle/input/cell-images-for-detecting-malaria/cell_images/Uninfected/C2NThinF_IMG_20150604_114815_cell_233.png,Uninfected,133,145,RGB,0,0,0,0.0057788487,False,19285,Q3,0.99422115,0.9-1.0
/kaggle/input/cell-images-for-detecting-malaria/cell_images/Uninfected/C219ThinF_IMG_20151106_145927_cell_173.png,Uninfected,124,124,RGB,0,0,0,0.00093628454,False,15376,Q2,0.99906373,0.9-1.0
/kaggle/input/cell-images-for-detecting-malaria/cell_images/Uninfected/C166P127ThinF_IMG_20151117_195030_cell_154.png,Uninfected,118,118,RGB,0,0,0,0.061062414,False,13924,Q1 (smallest),0.9389376,0.9-1.0
/kaggle/input/cell-images-for-detecting-malaria/cell_images/Parasitized/C68P29N_ThinF_IMG_20150819_134504_cell_142.png,Parasitized,115,136,RGB,1,1,1,0.9219354,False,15640,Q2,0.9219354,0.9-1.0
/kaggle/input/cell-images-for-detecting-malaria/cell_images/Uninfected/C77P38ThinF_IMG_20150601_155642_cell_76.png,Uninfected,112,124,RGB,0,0,0,0.44446433,False,13888,Q1 (smallest),0.5555357,0.5-0.6
/kaggle/input/cell-images-for-detecting-malaria/cell_images/Uninfected/C120P81ThinF_IMG_20151002_131120_cell_159.png,Uninfected,103,172,RGB,0,0,0,0.0021926642,False,17716,Q3,0.9978073,0.9-1.0
/kaggle/input/cell-images-for-detecting-malaria/cell_images/Parasitized/C179P140ThinF_IMG_20151127_153819_cell_173.png,Parasitized,145,127,RGB,1,1,1,0.99211323,False,18415,Q3,0.99211323,0.9-1.0
/kaggle/input/cell-images-for-detecting-malaria/cell_images/Uninfected/C69P30N_ThinF_IMG_20150819_135421_cell_157.png,Uninfected,157,184,RGB,0,0,1,0.9758244,True,28888,Q4 (largest),0.9758244,0.9-1.0
/kaggle/input/cell-images-for-detecting-malaria/cell_images/Uninfected/C220ThinF_IMG_20151106_154533_cell_83.png,Uninfected,133,130,RGB,0,0,0,0.25728476,False,17290,Q2,0.74271524,0.7-0.8
/kaggle/input/cell-images-for-detecting-malaria/cell_images/Uninfected/C5NThinF_IMG_20150609_122108_cell_43.png,Uninfected,130,115,RGB,0,0,0,0.0076403692,False,14950,Q2,0.99235964,0.9-1.0
/kaggle/input/cell-images-for-detecting-malaria/cell_images/Parasitized/C180P141NThinF_IMG_20151201_165528_cell_163.png,Parasitized,157,202,RGB,1,1,1,0.70971155,False,31714,Q4 (largest),0.70971155,0.7-0.8
/kaggle/input/cell-images-for-detecting-malaria/cell_images/Uninfected/C173P134NThinF_IMG_20151130_125408_cell_93.png,Uninfected,118,109,RGB,0,0,0,0.0009689959,False,12862,Q1 (smallest),0.999031,0.9-1.0
/kaggle/input/cell-images-for-detecting-malaria/cell_images/Parasitized/C123P84ThinF_IMG_20151002_151432_cell_172.png,Parasitized,133,139,RGB,1,1,1,0.93883604,False,18487,Q3,0.93883604,0.9-1.0
/kaggle/input/cell-images-for-detecting-malaria/cell_images/Parasitized/C46P7ThinF_IMG_20151130_205558_cell_155.png,Parasitized,130,133,RGB,1,1,1,0.9860913,False,17290,Q2,0.9860913,0.9-1.0
/kaggle/input/cell-images-for-detecting-malaria/cell_images/Parasitized/C39P4thinF_original_IMG_20150622_105102_cell_96.png,Parasitized,100,115,RGB,1,1,1,0.9999927,False,11500,Q1 (smallest),0.9999927,0.9-1.0
/kaggle/input/cell-images-for-detecting-malaria/cell_images/Uninfected/C46P7ThinF_IMG_20151130_205558_cell_35.png,Uninfected,94,100,RGB,0,0,0,0.14784342,False,9400,Q1 (smallest),0.8521566,0.8-0.9
/kaggle/input/cell-images-for-detecting-malaria/cell_images/Parasitized/C101P62ThinF_IMG_20150918_151942_cell_80.png,Parasitized,148,184,RGB,1,1,1,0.96834844,False,27232,Q4 (largest),0.96834844,0.9-1.0
/kaggle/input/cell-images-for-detecting-malaria/cell_images/Uninfected/C147P108ThinF_IMG_20151115_101156_cell_6.png,Uninfected,130,130,RGB,0,0,0,0.0038860543,False,16900,Q2,0.99611396,0.9-1.0
/kaggle/input/cell-images-for-detecting-malaria/cell_images/Parasitized/C99P60ThinF_IMG_20150918_141620_cell_8.png,Parasitized,121,118,RGB,1,1,1,0.9906529,False,14278,Q1 (smallest),0.9906529,0.9-1.0
/kaggle/input/cell-images-for-detecting-malaria/cell_images/Uninfected/C185P146ThinF_IMG_20151203_110344_cell_89.png,Uninfected,160,121,RGB,0,0,0,0.009601672,False,19360,Q3,0.99039835,0.9-1.0
/kaggle/input/cell-images-for-detecting-malaria/cell_images/Parasitized/C70P31_ThinF_IMG_20150813_131330_cell_95.png,Parasitized,109,115,RGB,1,1,1,0.99987173,False,12535,Q1 (smallest),0.99987173,0.9-1.0
/kaggle/input/cell-images-for-detecting-malaria/cell_images/Uninfected/C213ThinF_IMG_20151106_112759_cell_28.png,Uninfected,112,103,RGB,0,0,0,0.00015239617,False,11536,Q1 (smallest),0.9998476,0.9-1.0
/kaggle/input/cell-images-for-detecting-malaria/cell_images/Uninfected/C218ThinF_IMG_20151106_144001_cell_107.png,Uninfected,130,133,RGB,0,0,0,0.0011356707,False,17290,Q2,0.99886435,0.9-1.0
/kaggle/input/cell-images-for-detecting-malaria/cell_images/Uninfected/C144P105ThinF_IMG_20151015_163432_cell_133.png,Uninfected,157,133,RGB,0,0,0,0.0018654242,False,20881,Q4 (largest),0.99813455,0.9-1.0
/kaggle/input/cell-images-for-detecting-malaria/cell_images/Parasitized/C99P60ThinF_IMG_20150918_141314_cell_116.png,Parasitized,100,124,RGB,1,1,1,0.99798346,False,12400,Q1 (smallest),0.99798346,0.9-1.0
/kaggle/input/cell-images-for-detecting-malaria/cell_images/Uninfected/C47P8thinOriginalOlympusCX21_IMG_20150717_173515_cell_91.png,Uninfected,115,112,RGB,0,0,0,0.0053650946,False,12880,Q1 (smallest),0.9946349,0.9-1.0
/kaggle/input/cell-images-for-detecting-malaria/cell_images/Uninfected/C105P66ThinF_IMG_20150924_095633_cell_71.png,Uninfected,127,163,RGB,0,0,0,0.0026392406,False,20701,Q4 (largest),0.99736077,0.9-1.0
/kaggle/input/cell-images-for-detecting-malaria/cell_images/Uninfected/C157P118ThinF_IMG_20151115_162818_cell_108.png,Uninfected,112,115,RGB,0,0,0,0.012016433,False,12880,Q1 (smallest),0.9879836,0.9-1.0
/kaggle/input/cell-images-for-detecting-malaria/cell_images/Parasitized/C65P26N_ThinF_IMG_20150818_154010_cell_201.png,Parasitized,136,112,RGB,1,1,1,0.9889381,False,15232,Q2,0.9889381,0.9-1.0
/kaggle/input/cell-images-for-detecting-malaria/cell_images/Uninfected/C59P20thinF_IMG_20150803_112858_cell_77.png,Uninfected,142,130,RGB,0,0,0,0.03544447,False,18460,Q3,0.9645555,0.9-1.0
/kaggle/input/cell-images-for-detecting-malaria/cell_images/Parasitized/C179P140ThinF_IMG_20151127_153420_cell_174.png,Parasitized,130,142,RGB,1,1,0,0.0015054962,True,18460,Q3,0.9984945,0.9-1.0
/kaggle/input/cell-images-for-detecting-malaria/cell_images/Uninfected/C124P85ThinF_IMG_20151002_154808_cell_26.png,Uninfected,154,130,RGB,0,0,0,0.005371661,False,20020,Q3,0.9946283,0.9-1.0
/kaggle/input/cell-images-for-detecting-malaria/cell_images/Uninfected/C61P22N_ThinF_IMG_20150818_112252_cell_62.png,Uninfected,127,139,RGB,0,0,0,0.0010645833,False,17653,Q3,0.9989354,0.9-1.0
/kaggle/input/cell-images-for-detecting-malaria/cell_images/Parasitized/C91P52ThinF_IMG_20150821_124504_cell_195.png,Parasitized,142,160,RGB,1,1,1,0.99998593,False,22720,Q4 (largest),0.99998593,0.9-1.0
/kaggle/input/cell-images-for-detecting-malaria/cell_images/Uninfected/C84P45ThinF_IMG_20150818_101550_cell_19.png,Uninfected,121,133,RGB,0,0,0,0.001024533,False,16093,Q2,0.99897546,0.9-1.0
/kaggle/input/cell-images-for-detecting-malaria/cell_images/Uninfected/C165P126ThinF_IMG_20151117_173346_cell_25.png,Uninfected,136,148,RGB,0,0,0,0.0067943037,False,20128,Q3,0.99320567,0.9-1.0
/kaggle/input/cell-images-for-detecting-malaria/cell_images/Parasitized/C132P93ThinF_IMG_20151004_152045_cell_112.png,Parasitized,130,127,RGB,1,1,1,0.9976654,False,16510,Q2,0.9976654,0.9-1.0
/kaggle/input/cell-images-for-detecting-malaria/cell_images/Uninfected/C56P17thinF_IMG_20150728_153413_cell_79.png,Uninfected,133,127,RGB,0,0,0,0.040537283,False,16891,Q2,0.9594627,0.9-1.0
/kaggle/input/cell-images-for-detecting-malaria/cell_images/Uninfected/C238NThinF_IMG_20151207_114038_cell_109.png,Uninfected,160,163,RGB,0,0,0,0.0042144894,False,26080,Q4 (largest),0.99578553,0.9-1.0
/kaggle/input/cell-images-for-detecting-malaria/cell_images/Parasitized/C140P101ThinF_IMG_20151005_211735_cell_160.png,Parasitized,118,139,RGB,1,1,1,0.98306656,False,16402,Q2,0.98306656,0.9-1.0
/kaggle/input/cell-images-for-detecting-malaria/cell_images/Parasitized/C182P143NThinF_IMG_20151201_172524_cell_182.png,Parasitized,109,103,RGB,1,1,1,0.9937453,False,11227,Q1 (smallest),0.9937453,0.9-1.0
/kaggle/input/cell-images-for-detecting-malaria/cell_images/Uninfected/C225ThinF_IMG_20151112_113803_cell_276.png,Uninfected,151,139,RGB,0,0,0,0.00071017543,False,20989,Q4 (largest),0.9992898,0.9-1.0
/kaggle/input/cell-images-for-detecting-malaria/cell_images/Uninfected/C216ThinF_IMG_20151106_134733_cell_65.png,Uninfected,151,121,RGB,0,0,0,0.00395651,False,18271,Q3,0.9960435,0.9-1.0
/kaggle/input/cell-images-for-detecting-malaria/cell_images/Uninfected/C69P30N_ThinF_IMG_20150819_135421_cell_170.png,Uninfected,199,184,RGB,0,0,0,0.010667164,False,36616,Q4 (largest),0.98933285,0.9-1.0
/kaggle/input/cell-images-for-detecting-malaria/cell_images/Uninfected/C74P35_ThinF_IMG_20150815_120957_cell_36.png,Uninfected,127,160,RGB,0,0,0,0.16002388,False,20320,Q4 (largest),0.83997613,0.8-0.9
/kaggle/input/cell-images-for-detecting-malaria/cell_images/Uninfected/C204ThinF_IMG_20151029_110834_cell_247.png,Uninfected,136,139,RGB,0,0,0,0.008341815,False,18904,Q3,0.9916582,0.9-1.0
/kaggle/input/cell-images-for-detecting-malaria/cell_images/Parasitized/C91P52ThinF_IMG_20150821_125154_cell_219.png,Parasitized,208,184,RGB,1,1,1,0.9469322,False,38272,Q4 (largest),0.9469322,0.9-1.0
/kaggle/input/cell-images-for-detecting-malaria/cell_images/Parasitized/C120P81ThinF_IMG_20151002_131120_cell_186.png,Parasitized,148,160,RGB,1,1,1,0.9987355,False,23680,Q4 (largest),0.9987355,0.9-1.0
/kaggle/input/cell-images-for-detecting-malaria/cell_images/Parasitized/C126P87ThinF_IMG_20151004_104408_cell_166.png,Parasitized,145,127,RGB,1,1,1,0.99947786,False,18415,Q3,0.99947786,0.9-1.0
/kaggle/input/cell-images-for-detecting-malaria/cell_images/Uninfected/C187P148NThinF_IMG_20151203_153713_cell_177.png,Uninfected,142,124,RGB,0,0,0,0.018155344,False,17608,Q3,0.98184466,0.9-1.0
/kaggle/input/cell-images-for-detecting-malaria/cell_images/Parasitized/C84P45ThinF_IMG_20150818_101146_cell_95.png,Parasitized,85,103,RGB,1,1,1,0.9979814,False,8755,Q1 (smallest),0.9979814,0.9-1.0
/kaggle/input/cell-images-for-detecting-malaria/cell_images/Uninfected/C54P15thinF_IMG_20150728_102017_cell_171.png,Uninfected,109,139,RGB,0,0,0,0.0047136643,False,15151,Q2,0.99528635,0.9-1.0
/kaggle/input/cell-images-for-detecting-malaria/cell_images/Uninfected/C241NThinF_IMG_20151207_124240_cell_51.png,Uninfected,157,151,RGB,0,0,0,0.037338044,False,23707,Q4 (largest),0.962662,0.9-1.0
/kaggle/input/cell-images-for-detecting-malaria/cell_images/Uninfected/C108P69ThinF_IMG_20150924_223834_cell_195.png,Uninfected,148,166,RGB,0,0,0,0.1825653,False,24568,Q4 (largest),0.81743467,0.8-0.9
/kaggle/input/cell-images-for-detecting-malaria/cell_images/Uninfected/C154P115ThinF_IMG_20151115_141837_cell_161.png,Uninfected,142,145,RGB,0,0,0,0.0017923119,False,20590,Q4 (largest),0.9982077,0.9-1.0
/kaggle/input/cell-images-for-detecting-malaria/cell_images/Uninfected/C210ThinF_IMG_20151029_162357_cell_107.png,Uninfected,169,130,RGB,0,0,0,0.0013007035,False,21970,Q4 (largest),0.9986993,0.9-1.0
/kaggle/input/cell-images-for-detecting-malaria/cell_images/Uninfected/C56P17thinF_IMG_20150728_160623_cell_121.png,Uninfected,139,130,RGB,0,0,0,0.25717035,False,18070,Q3,0.7428297,0.7-0.8
/kaggle/input/cell-images-for-detecting-malaria/cell_images/Uninfected/C116P77ThinF_IMG_20150930_171635_cell_38.png,Uninfected,112,130,RGB,0,0,0,0.2633252,False,14560,Q1 (smallest),0.7366748,0.7-0.8
/kaggle/input/cell-images-for-detecting-malaria/cell_images/Uninfected/C142P103ThinF_IMG_20151005_221115_cell_83.png,Uninfected,109,103,RGB,0,0,0,0.008745847,False,11227,Q1 (smallest),0.99125415,0.9-1.0
/kaggle/input/cell-images-for-detecting-malaria/cell_images/Parasitized/C132P93ThinF_IMG_20151004_152045_cell_147.png,Parasitized,145,127,RGB,1,1,1,0.9998255,False,18415,Q3,0.9998255,0.9-1.0
/kaggle/input/cell-images-for-detecting-malaria/cell_images/Uninfected/C158P119ThinF_IMG_20151115_181136_cell_59.png,Uninfected,121,121,RGB,0,0,0,0.04162144,False,14641,Q1 (smallest),0.95837855,0.9-1.0
/kaggle/input/cell-images-for-detecting-malaria/cell_images/Uninfected/C205ThinF_IMG_20151106_152003_cell_25.png,Uninfected,136,145,RGB,0,0,0,0.000258817,False,19720,Q3,0.9997412,0.9-1.0
/kaggle/input/cell-images-for-detecting-malaria/cell_images/Uninfected/C159P120ThinF_IMG_20151115_190002_cell_215.png,Uninfected,109,103,RGB,0,0,0,0.10749858,False,11227,Q1 (smallest),0.8925014,0.8-0.9
/kaggle/input/cell-images-for-detecting-malaria/cell_images/Uninfected/C86P47ThinF_IMG_20150820_124259_cell_159.png,Uninfected,181,193,RGB,0,0,0,0.09352082,False,34933,Q4 (largest),0.9064792,0.9-1.0
/kaggle/input/cell-images-for-detecting-malaria/cell_images/Parasitized/C123P84ThinF_IMG_20151002_151851_cell_177.png,Parasitized,148,136,RGB,1,1,1,0.91524667,False,20128,Q3,0.91524667,0.9-1.0
/kaggle/input/cell-images-for-detecting-malaria/cell_images/Parasitized/C182P143NThinF_IMG_20151201_172057_cell_140.png,Parasitized,121,109,RGB,1,1,1,0.867542,False,13189,Q1 (smallest),0.867542,0.8-0.9
/kaggle/input/cell-images-for-detecting-malaria/cell_images/Parasitized/C80P41ThinF_IMG_20150817_111544_cell_141.png,Parasitized,181,151,RGB,1,1,1,0.71873987,False,27331,Q4 (largest),0.71873987,0.7-0.8
/kaggle/input/cell-images-for-detecting-malaria/cell_images/Parasitized/C99P60ThinF_IMG_20150918_141001_cell_164.png,Parasitized,148,145,RGB,1,1,1,0.9964316,False,21460,Q4 (largest),0.9964316,0.9-1.0
/kaggle/input/cell-images-for-detecting-malaria/cell_images/Uninfected/C58P19thinF_IMG_20150802_122338_cell_82.png,Uninfected,121,109,RGB,0,0,0,0.004551866,False,13189,Q1 (smallest),0.9954481,0.9-1.0
/kaggle/input/cell-images-for-detecting-malaria/cell_images/Parasitized/C146P107ThinF_IMG_20151018_134554_cell_247.png,Parasitized,112,130,RGB,1,1,1,0.9994642,False,14560,Q1 (smallest),0.9994642,0.9-1.0
/kaggle/input/cell-images-for-detecting-malaria/cell_images/Uninfected/C95P56ThinF_IMG_20150821_171631_cell_46.png,Uninfected,163,163,RGB,0,0,0,0.0015223817,False,26569,Q4 (largest),0.99847764,0.9-1.0
/kaggle/input/cell-images-for-detecting-malaria/cell_images/Uninfected/C104P65ThinF_IMG_20150918_170850_cell_32.png,Uninfected,160,151,RGB,0,0,0,0.00064947933,False,24160,Q4 (largest),0.99935055,0.9-1.0
/kaggle/input/cell-images-for-detecting-malaria/cell_images/Parasitized/C56P17thinF_IMG_20150728_153328_cell_105.png,Parasitized,124,121,RGB,1,1,0,0.08023415,True,15004,Q2,0.91976583,0.9-1.0
/kaggle/input/cell-images-for-detecting-malaria/cell_images/Parasitized/C68P29N_ThinF_IMG_20150819_134326_cell_123.png,Parasitized,160,151,RGB,1,1,1,0.9998865,False,24160,Q4 (largest),0.9998865,0.9-1.0
/kaggle/input/cell-images-for-detecting-malaria/cell_images/Parasitized/C82P43ThinF_IMG_20150817_123500_cell_221.png,Parasitized,124,124,RGB,1,1,1,0.99943346,False,15376,Q2,0.99943346,0.9-1.0
/kaggle/input/cell-images-for-detecting-malaria/cell_images/Parasitized/C164P125ThinF_IMG_20151116_114404_cell_173.png,Parasitized,121,127,RGB,1,1,1,0.9707389,False,15367,Q2,0.9707389,0.9-1.0
/kaggle/input/cell-images-for-detecting-malaria/cell_images/Uninfected/C56P17thinF_IMG_20150728_155921_cell_31.png,Uninfected,112,115,RGB,0,0,0,0.041596815,False,12880,Q1 (smallest),0.95840317,0.9-1.0
/kaggle/input/cell-images-for-detecting-malaria/cell_images/Uninfected/C149P110ThinF_IMG_20151115_114910_cell_37.png,Uninfected,127,142,RGB,0,0,0,0.0425272,False,18034,Q3,0.9574728,0.9-1.0
/kaggle/input/cell-images-for-detecting-malaria/cell_images/Parasitized/C188P149ThinF_IMG_20151203_134229_cell_214.png,Parasitized,121,118,RGB,1,1,1,0.72530067,False,14278,Q1 (smallest),0.72530067,0.7-0.8
/kaggle/input/cell-images-for-detecting-malaria/cell_images/Uninfected/C126P87ThinF_IMG_20151004_104441_cell_35.png,Uninfected,91,85,RGB,0,0,0,0.06590348,False,7735,Q1 (smallest),0.9340965,0.9-1.0
/kaggle/input/cell-images-for-detecting-malaria/cell_images/Uninfected/C165P126ThinF_IMG_20151117_172859_cell_70.png,Uninfected,145,145,RGB,0,0,0,0.023058401,False,21025,Q4 (largest),0.9769416,0.9-1.0
/kaggle/input/cell-images-for-detecting-malaria/cell_images/Parasitized/C120P81ThinF_IMG_20151002_130407_cell_192.png,Parasitized,130,166,RGB,1,1,1,0.9937669,False,21580,Q4 (largest),0.9937669,0.9-1.0
/kaggle/input/cell-images-for-detecting-malaria/cell_images/Parasitized/C100P61ThinF_IMG_20150918_145422_cell_169.png,Parasitized,148,148,RGB,1,1,1,0.9944347,False,21904,Q4 (largest),0.9944347,0.9-1.0
/kaggle/input/cell-images-for-detecting-malaria/cell_images/Parasitized/C116P77ThinF_IMG_20150930_171739_cell_102.png,Parasitized,127,130,RGB,1,1,1,0.99754363,False,16510,Q2,0.99754363,0.9-1.0
/kaggle/input/cell-images-for-detecting-malaria/cell_images/Uninfected/C224ThinF_IMG_20151112_112834_cell_196.png,Uninfected,118,127,RGB,0,0,0,0.00016562734,False,14986,Q2,0.99983436,0.9-1.0
/kaggle/input/cell-images-for-detecting-malaria/cell_images/Uninfected/C82P43ThinF_IMG_20150817_123500_cell_65.png,Uninfected,124,127,RGB,0,0,0,0.0054252315,False,15748,Q2,0.9945748,0.9-1.0
/kaggle/input/cell-images-for-detecting-malaria/cell_images/Uninfected/C51AP12thinF_IMG_20150724_155947_cell_82.png,Uninfected,103,103,RGB,0,0,0,0.03933969,False,10609,Q1 (smallest),0.96066034,0.9-1.0
/kaggle/input/cell-images-for-detecting-malaria/cell_images/Parasitized/C132P93ThinF_IMG_20151004_152642_cell_9.png,Parasitized,133,124,RGB,1,1,1,0.99925154,False,16492,Q2,0.99925154,0.9-1.0
/kaggle/input/cell-images-for-detecting-malaria/cell_images/Uninfected/C138P99ThinF_IMG_20151005_173241_cell_22.png,Uninfected,103,115,RGB,0,0,0,0.011866532,False,11845,Q1 (smallest),0.9881335,0.9-1.0
/kaggle/input/cell-images-for-detecting-malaria/cell_images/Uninfected/C74P35_ThinF_IMG_20150815_120712_cell_104.png,Uninfected,115,106,RGB,0,0,0,0.0013028888,False,12190,Q1 (smallest),0.9986971,0.9-1.0
/kaggle/input/cell-images-for-detecting-malaria/cell_images/Parasitized/C117P78ThinF_IMG_20150930_221812_cell_83.png,Parasitized,154,175,RGB,1,1,1,0.9870296,False,26950,Q4 (largest),0.9870296,0.9-1.0
/kaggle/input/cell-images-for-detecting-malaria/cell_images/Uninfected/C39P4thinF_original_IMG_20150622_105102_cell_33.png,Uninfected,139,124,RGB,0,0,0,0.0020316087,False,17236,Q2,0.9979684,0.9-1.0
/kaggle/input/cell-images-for-detecting-malaria/cell_images/Parasitized/C99P60ThinF_IMG_20150918_142334_cell_33.png,Parasitized,100,136,RGB,1,1,1,0.9700916,False,13600,Q1 (smallest),0.9700916,0.9-1.0
/kaggle/input/cell-images-for-detecting-malaria/cell_images/Uninfected/C173P134NThinF_IMG_20151130_115339_cell_215.png,Uninfected,115,121,RGB,0,0,0,0.0030314184,False,13915,Q1 (smallest),0.99696857,0.9-1.0
/kaggle/input/cell-images-for-detecting-malaria/cell_images/Uninfected/C147P108ThinF_IMG_20151115_101317_cell_177.png,Uninfected,127,121,RGB,0,0,0,0.009361849,False,15367,Q2,0.99063814,0.9-1.0
/kaggle/input/cell-images-for-detecting-malaria/cell_images/Uninfected/C234ThinF_IMG_20151112_162940_cell_126.png,Uninfected,124,124,RGB,0,0,0,0.00045038614,False,15376,Q2,0.9995496,0.9-1.0
/kaggle/input/cell-images-for-detecting-malaria/cell_images/Parasitized/C129P90ThinF_IMG_20151004_134306_cell_147.png,Parasitized,115,139,RGB,1,1,1,0.9897273,False,15985,Q2,0.9897273,0.9-1.0
/kaggle/input/cell-images-for-detecting-malaria/cell_images/Parasitized/C126P87ThinF_IMG_20151004_105234_cell_132.png,Parasitized,154,154,RGB,1,1,1,0.7470946,False,23716,Q4 (largest),0.7470946,0.7-0.8
/kaggle/input/cell-images-for-detecting-malaria/cell_images/Uninfected/C100P61ThinF_IMG_20150918_144104_cell_144.png,Uninfected,145,142,RGB,0,0,0,0.0012340371,False,20590,Q4 (largest),0.99876595,0.9-1.0
/kaggle/input/cell-images-for-detecting-malaria/cell_images/Uninfected/C111P72ThinF_IMG_20150930_113610_cell_134.png,Uninfected,124,145,RGB,0,0,0,0.0009975587,False,17980,Q3,0.99900246,0.9-1.0
/kaggle/input/cell-images-for-detecting-malaria/cell_images/Parasitized/C91P52ThinF_IMG_20150821_124311_cell_24.png,Parasitized,205,205,RGB,1,1,1,0.996612,False,42025,Q4 (largest),0.996612,0.9-1.0
/kaggle/input/cell-images-for-detecting-malaria/cell_images/Parasitized/C39P4thinF_original_IMG_20150622_110900_cell_5.png,Parasitized,139,130,RGB,1,1,1,0.9921961,False,18070,Q3,0.9921961,0.9-1.0
/kaggle/input/cell-images-for-detecting-malaria/cell_images/Parasitized/C129P90ThinF_IMG_20151004_134944_cell_10.png,Parasitized,139,145,RGB,1,1,1,0.98089474,False,20155,Q3,0.98089474,0.9-1.0
/kaggle/input/cell-images-for-detecting-malaria/cell_images/Parasitized/C182P143NThinF_IMG_20151201_172216_cell_135.png,Parasitized,97,94,RGB,1,1,1,0.9994798,False,9118,Q1 (smallest),0.9994798,0.9-1.0
/kaggle/input/cell-images-for-detecting-malaria/cell_images/Uninfected/C213ThinF_IMG_20151106_112252_cell_77.png,Uninfected,136,127,RGB,0,0,0,0.0055734892,False,17272,Q2,0.9944265,0.9-1.0
/kaggle/input/cell-images-for-detecting-malaria/cell_images/Uninfected/C90P51ThinF_IMG_20150821_120044_cell_85.png,Uninfected,88,100,RGB,0,0,0,0.011448023,False,8800,Q1 (smallest),0.988552,0.9-1.0
/kaggle/input/cell-images-for-detecting-malaria/cell_images/Uninfected/C78P39ThinF_IMG_20150606_103630_cell_37.png,Uninfected,112,127,RGB,0,0,0,0.022598768,False,14224,Q1 (smallest),0.97740126,0.9-1.0
/kaggle/input/cell-images-for-detecting-malaria/cell_images/Uninfected/C72P33_ThinF_IMG_20150815_104045_cell_135.png,Uninfected,112,154,RGB,0,0,0,0.007605517,False,17248,Q2,0.9923945,0.9-1.0
/kaggle/input/cell-images-for-detecting-malaria/cell_images/Uninfected/C71P32_ThinF_IMG_20150813_161634_cell_208.png,Uninfected,163,157,RGB,0,0,0,0.11107026,False,25591,Q4 (largest),0.8889297,0.8-0.9
/kaggle/input/cell-images-for-detecting-malaria/cell_images/Uninfected/C5NThinF_IMG_20150609_122006_cell_82.png,Uninfected,121,133,RGB,0,0,0,0.00014846073,False,16093,Q2,0.9998515,0.9-1.0
/kaggle/input/cell-images-for-detecting-malaria/cell_images/Parasitized/C182P143NThinF_IMG_20151201_171905_cell_155.png,Parasitized,118,112,RGB,1,1,1,0.99747485,False,13216,Q1 (smallest),0.99747485,0.9-1.0
/kaggle/input/cell-images-for-detecting-malaria/cell_images/Uninfected/C241NThinF_IMG_20151207_124115_cell_75.png,Uninfected,139,130,RGB,0,0,0,0.002931174,False,18070,Q3,0.9970688,0.9-1.0
/kaggle/input/cell-images-for-detecting-malaria/cell_images/Uninfected/C97P58ThinF_IMG_20150917_151437_cell_29.png,Uninfected,133,160,RGB,0,0,0,0.0059805764,False,21280,Q4 (largest),0.99401945,0.9-1.0
/kaggle/input/cell-images-for-detecting-malaria/cell_images/Parasitized/C39P4thinF_original_IMG_20150622_105554_cell_18.png,Parasitized,124,160,RGB,1,1,1,0.8014402,False,19840,Q3,0.8014402,0.8-0.9
/kaggle/input/cell-images-for-detecting-malaria/cell_images/Parasitized/C99P60ThinF_IMG_20150918_141857_cell_45.png,Parasitized,145,148,RGB,1,1,1,0.99913514,False,21460,Q4 (largest),0.99913514,0.9-1.0
/kaggle/input/cell-images-for-detecting-malaria/cell_images/Uninfected/C136P97ThinF_IMG_20151005_141946_cell_78.png,Uninfected,121,121,RGB,0,0,0,0.015030052,False,14641,Q1 (smallest),0.98497,0.9-1.0
/kaggle/input/cell-images-for-detecting-malaria/cell_images/Uninfected/C37BP2_thinF_IMG_20150620_133238a_cell_82.png,Uninfected,163,154,RGB,0,0,0,0.00031231434,False,25102,Q4 (largest),0.9996877,0.9-1.0
/kaggle/input/cell-images-for-detecting-malaria/cell_images/Parasitized/C39P4thinF_original_IMG_20150622_111942_cell_21.png,Parasitized,151,142,RGB,1,1,1,0.9361334,False,21442,Q4 (largest),0.9361334,0.9-1.0
/kaggle/input/cell-images-for-detecting-malaria/cell_images/Parasitized/C59P20thinF_IMG_20150803_113051_cell_179.png,Parasitized,124,139,RGB,1,1,1,0.9654781,False,17236,Q2,0.9654781,0.9-1.0
/kaggle/input/cell-images-for-detecting-malaria/cell_images/Uninfected/C140P101ThinF_IMG_20151005_211530_cell_126.png,Uninfected,181,130,RGB,0,0,0,0.0026718024,False,23530,Q4 (largest),0.9973282,0.9-1.0
/kaggle/input/cell-images-for-detecting-malaria/cell_images/Parasitized/C95P56ThinF_IMG_20150821_171603_cell_77.png,Parasitized,130,139,RGB,1,1,1,0.9994861,False,18070,Q3,0.9994861,0.9-1.0
/kaggle/input/cell-images-for-detecting-malaria/cell_images/Uninfected/C89P50ThinF_IMG_20150820_162153_cell_73.png,Uninfected,187,142,RGB,0,0,0,0.17121808,False,26554,Q4 (largest),0.8287819,0.8-0.9
/kaggle/input/cell-images-for-detecting-malaria/cell_images/Uninfected/C117P78ThinF_IMG_20150930_221048_cell_6.png,Uninfected,136,166,RGB,0,0,0,0.0059141577,False,22576,Q4 (largest),0.99408585,0.9-1.0
/kaggle/input/cell-images-for-detecting-malaria/cell_images/Parasitized/C48P9thinF_IMG_20150721_160944_cell_231.png,Parasitized,124,124,RGB,1,1,1,0.9982692,False,15376,Q2,0.9982692,0.9-1.0
/kaggle/input/cell-images-for-detecting-malaria/cell_images/Parasitized/C84P45ThinF_IMG_20150818_102507_cell_101.png,Parasitized,130,100,RGB,1,1,1,0.9983052,False,13000,Q1 (smallest),0.9983052,0.9-1.0
/kaggle/input/cell-images-for-detecting-malaria/cell_images/Parasitized/C68P29N_ThinF_IMG_20150819_134712_cell_57.png,Parasitized,148,151,RGB,1,1,1,0.84402454,False,22348,Q4 (largest),0.84402454,0.8-0.9
/kaggle/input/cell-images-for-detecting-malaria/cell_images/Parasitized/C186P147NThinF_IMG_20151203_150322_cell_164.png,Parasitized,115,142,RGB,1,1,0,0.19411504,True,16330,Q2,0.80588496,0.8-0.9
/kaggle/input/cell-images-for-detecting-malaria/cell_images/Parasitized/C120P81ThinF_IMG_20151002_130715_cell_191.png,Parasitized,139,130,RGB,1,1,1,0.9988073,False,18070,Q3,0.9988073,0.9-1.0
/kaggle/input/cell-images-for-detecting-malaria/cell_images/Parasitized/C39P4thinF_original_IMG_20150622_110900_cell_3.png,Parasitized,121,130,RGB,1,1,1,0.9994176,False,15730,Q2,0.9994176,0.9-1.0
/kaggle/input/cell-images-for-detecting-malaria/cell_images/Uninfected/C42P5thin_original_IMG_20150623_135251_cell_36.png,Uninfected,184,175,RGB,0,0,0,0.036583252,False,32200,Q4 (largest),0.96341676,0.9-1.0
/kaggle/input/cell-images-for-detecting-malaria/cell_images/Parasitized/C136P97ThinF_IMG_20151005_143743_cell_107.png,Parasitized,124,139,RGB,1,1,1,0.99916726,False,17236,Q2,0.99916726,0.9-1.0
/kaggle/input/cell-images-for-detecting-malaria/cell_images/Parasitized/C78P39ThinF_IMG_20150606_103413_cell_171.png,Parasitized,130,121,RGB,1,1,1,0.9382234,False,15730,Q2,0.9382234,0.9-1.0
/kaggle/input/cell-images-for-detecting-malaria/cell_images/Parasitized/C68P29N_ThinF_IMG_20150819_134112_cell_122.png,Parasitized,166,148,RGB,1,1,1,0.9999938,False,24568,Q4 (largest),0.9999938,0.9-1.0
/kaggle/input/cell-images-for-detecting-malaria/cell_images/Uninfected/C153P114ThinF_IMG_20151115_135911_cell_146.png,Uninfected,124,121,RGB,0,0,0,0.0042367643,False,15004,Q2,0.99576324,0.9-1.0
/kaggle/input/cell-images-for-detecting-malaria/cell_images/Parasitized/C136P97ThinF_IMG_20151005_141803_cell_112.png,Parasitized,127,157,RGB,1,1,1,0.9827678,False,19939,Q3,0.9827678,0.9-1.0
/kaggle/input/cell-images-for-detecting-malaria/cell_images/Uninfected/C226ThinF_IMG_20151112_131408_cell_102.png,Uninfected,163,133,RGB,0,0,0,0.018440714,False,21679,Q4 (largest),0.9815593,0.9-1.0
/kaggle/input/cell-images-for-detecting-malaria/cell_images/Parasitized/C180P141NThinF_IMG_20151201_170021_cell_19.png,Parasitized,127,145,RGB,1,1,1,0.98965806,False,18415,Q3,0.98965806,0.9-1.0
/kaggle/input/cell-images-for-detecting-malaria/cell_images/Parasitized/C118P79ThinF_IMG_20151002_110725_cell_135.png,Parasitized,145,139,RGB,1,1,1,0.9959185,False,20155,Q3,0.9959185,0.9-1.0
/kaggle/input/cell-images-for-detecting-malaria/cell_images/Parasitized/C113P74ThinF_IMG_20150930_134355_cell_169.png,Parasitized,157,133,RGB,1,1,1,0.99999964,False,20881,Q4 (largest),0.99999964,0.9-1.0
/kaggle/input/cell-images-for-detecting-malaria/cell_images/Uninfected/C180P141NThinF_IMG_20151201_165528_cell_81.png,Uninfected,154,136,RGB,0,0,0,0.123071246,False,20944,Q4 (largest),0.87692875,0.8-0.9
/kaggle/input/cell-images-for-detecting-malaria/cell_images/Uninfected/C166P127ThinF_IMG_20151117_193235_cell_144.png,Uninfected,130,118,RGB,0,0,0,0.0029171214,False,15340,Q2,0.9970829,0.9-1.0
/kaggle/input/cell-images-for-detecting-malaria/cell_images/Uninfected/C48P9thinF_IMG_20150721_161055_cell_23.png,Uninfected,148,151,RGB,0,0,0,0.0031832764,False,22348,Q4 (largest),0.9968167,0.9-1.0
/kaggle/input/cell-images-for-detecting-malaria/cell_images/Uninfected/C130P91ThinF_IMG_20151004_141428_cell_57.png,Uninfected,124,142,RGB,0,0,0,0.0034075412,False,17608,Q3,0.99659246,0.9-1.0
/kaggle/input/cell-images-for-detecting-malaria/cell_images/Parasitized/C101P62ThinF_IMG_20150918_151507_cell_63.png,Parasitized,142,130,RGB,1,1,1,0.9871977,False,18460,Q3,0.9871977,0.9-1.0
/kaggle/input/cell-images-for-detecting-malaria/cell_images/Uninfected/C167P128ReThinF_IMG_20151201_105559_cell_9.png,Uninfected,121,127,RGB,0,0,0,0.0018140449,False,15367,Q2,0.99818593,0.9-1.0
/kaggle/input/cell-images-for-detecting-malaria/cell_images/Uninfected/C79P40ThinF_IMG_20150817_104745_cell_111.png,Uninfected,118,112,RGB,0,0,0,0.47851658,False,13216,Q1 (smallest),0.5214834,0.5-0.6
/kaggle/input/cell-images-for-detecting-malaria/cell_images/Parasitized/C91P52ThinF_IMG_20150821_125423_cell_12.png,Parasitized,154,268,RGB,1,1,1,0.9893119,False,41272,Q4 (largest),0.9893119,0.9-1.0
/kaggle/input/cell-images-for-detecting-malaria/cell_images/Uninfected/C94P55ThinF_IMG_20150821_170021_cell_20.png,Uninfected,118,145,RGB,0,0,0,0.0076375864,False,17110,Q2,0.99236244,0.9-1.0
/kaggle/input/cell-images-for-detecting-malaria/cell_images/Uninfected/C160P121ThinF_IMG_20151116_092925_cell_133.png,Uninfected,121,127,RGB,0,0,0,0.06354394,False,15367,Q2,0.9364561,0.9-1.0
/kaggle/input/cell-images-for-detecting-malaria/cell_images/Parasitized/C124P85ThinF_IMG_20151002_155223_cell_166.png,Parasitized,142,154,RGB,1,1,1,0.9867953,False,21868,Q4 (largest),0.9867953,0.9-1.0
/kaggle/input/cell-images-for-detecting-malaria/cell_images/Uninfected/C127P88ThinF_IMG_20151004_111220_cell_72.png,Uninfected,121,112,RGB,0,0,0,0.0060005262,False,13552,Q1 (smallest),0.9939995,0.9-1.0
/kaggle/input/cell-images-for-detecting-malaria/cell_images/Parasitized/C180P141NThinF_IMG_20151201_163751_cell_165.png,Parasitized,118,160,RGB,1,1,1,0.9893985,False,18880,Q3,0.9893985,0.9-1.0
/kaggle/input/cell-images-for-detecting-malaria/cell_images/Parasitized/C97P58ThinF_IMG_20150917_152032_cell_172.png,Parasitized,115,106,RGB,1,1,1,0.76879203,False,12190,Q1 (smallest),0.76879203,0.7-0.8
/kaggle/input/cell-images-for-detecting-malaria/cell_images/Parasitized/C39P4thinF_original_IMG_20150622_112119_cell_22.png,Parasitized,142,136,RGB,1,1,1,0.7498197,False,19312,Q3,0.7498197,0.7-0.8
/kaggle/input/cell-images-for-detecting-malaria/cell_images/Uninfected/C240ThinF_IMG_20151127_115223_cell_144.png,Uninfected,115,109,RGB,0,0,0,0.067674465,False,12535,Q1 (smallest),0.93232554,0.9-1.0
/kaggle/input/cell-images-for-detecting-malaria/cell_images/Parasitized/C180P141NThinF_IMG_20151201_165453_cell_21.png,Parasitized,127,115,RGB,1,1,1,0.9890316,False,14605,Q1 (smallest),0.9890316,0.9-1.0
/kaggle/input/cell-images-for-detecting-malaria/cell_images/Uninfected/C216ThinF_IMG_20151106_135337_cell_48.png,Uninfected,130,139,RGB,0,0,0,0.00058857235,False,18070,Q3,0.9994114,0.9-1.0
/kaggle/input/cell-images-for-detecting-malaria/cell_images/Uninfected/C214ThinF_IMG_20151106_114611_cell_166.png,Uninfected,148,148,RGB,0,0,0,0.0011312331,False,21904,Q4 (largest),0.99886876,0.9-1.0
/kaggle/input/cell-images-for-detecting-malaria/cell_images/Uninfected/C124P85ThinF_IMG_20151002_154846_cell_133.png,Uninfected,169,157,RGB,0,0,0,0.10546855,False,26533,Q4 (largest),0.8945314,0.8-0.9
/kaggle/input/cell-images-for-detecting-malaria/cell_images/Parasitized/C48P9thinF_IMG_20150721_164304_cell_32.png,Parasitized,142,130,RGB,1,1,1,0.8918243,False,18460,Q3,0.8918243,0.8-0.9
/kaggle/input/cell-images-for-detecting-malaria/cell_images/Uninfected/C218ThinF_IMG_20151106_144143_cell_142.png,Uninfected,133,151,RGB,0,0,0,0.16994703,False,20083,Q3,0.830053,0.8-0.9
/kaggle/input/cell-images-for-detecting-malaria/cell_images/Uninfected/C213ThinF_IMG_20151106_112603_cell_199.png,Uninfected,142,130,RGB,0,0,0,0.005552039,False,18460,Q3,0.99444795,0.9-1.0
/kaggle/input/cell-images-for-detecting-malaria/cell_images/Uninfected/C6NThinF_IMG_20150609_122832_cell_184.png,Uninfected,124,148,RGB,0,0,0,0.26298225,False,18352,Q3,0.73701775,0.7-0.8
/kaggle/input/cell-images-for-detecting-malaria/cell_images/Uninfected/C178P139NThinF_IMG_20151201_155012_cell_88.png,Uninfected,127,124,RGB,0,0,0,0.043178037,False,15748,Q2,0.956822,0.9-1.0
/kaggle/input/cell-images-for-detecting-malaria/cell_images/Parasitized/C107P68ThinF_IMG_20150924_221909_cell_158.png,Parasitized,154,145,RGB,1,1,1,0.9969915,False,22330,Q4 (largest),0.9969915,0.9-1.0
/kaggle/input/cell-images-for-detecting-malaria/cell_images/Parasitized/C101P62ThinF_IMG_20150918_151006_cell_67.png,Parasitized,115,148,RGB,1,1,1,0.9985226,False,17020,Q2,0.9985226,0.9-1.0
/kaggle/input/cell-images-for-detecting-malaria/cell_images/Parasitized/C59P20thinF_IMG_20150803_115303_cell_38.png,Parasitized,136,133,RGB,1,1,1,0.961129,False,18088,Q3,0.961129,0.9-1.0
/kaggle/input/cell-images-for-detecting-malaria/cell_images/Parasitized/C101P62ThinF_IMG_20150918_151239_cell_76.png,Parasitized,169,124,RGB,1,1,1,0.9993696,False,20956,Q4 (largest),0.9993696,0.9-1.0
/kaggle/input/cell-images-for-detecting-malaria/cell_images/Uninfected/C151P112ThinF_IMG_20151115_121942_cell_185.png,Uninfected,142,121,RGB,0,0,0,0.00014213636,False,17182,Q2,0.99985784,0.9-1.0
/kaggle/input/cell-images-for-detecting-malaria/cell_images/Parasitized/C68P29N_ThinF_IMG_20150819_134504_cell_125.png,Parasitized,157,148,RGB,1,1,1,0.9999975,False,23236,Q4 (largest),0.9999975,0.9-1.0
/kaggle/input/cell-images-for-detecting-malaria/cell_images/Parasitized/C84P45ThinF_IMG_20150818_101146_cell_102.png,Parasitized,115,130,RGB,1,1,1,0.99836296,False,14950,Q2,0.99836296,0.9-1.0
/kaggle/input/cell-images-for-detecting-malaria/cell_images/Uninfected/C184P145ThinF_IMG_20151203_103114_cell_77.png,Uninfected,130,133,RGB,0,0,0,0.024563596,False,17290,Q2,0.9754364,0.9-1.0
/kaggle/input/cell-images-for-detecting-malaria/cell_images/Uninfected/C188P149ThinF_IMG_20151203_134319_cell_146.png,Uninfected,106,118,RGB,0,0,0,0.004107038,False,12508,Q1 (smallest),0.99589294,0.9-1.0
/kaggle/input/cell-images-for-detecting-malaria/cell_images/Parasitized/C84P45ThinF_IMG_20150818_101550_cell_103.png,Parasitized,109,100,RGB,1,1,1,0.99693155,False,10900,Q1 (smallest),0.99693155,0.9-1.0
/kaggle/input/cell-images-for-detecting-malaria/cell_images/Parasitized/C101P62ThinF_IMG_20150918_151239_cell_88.png,Parasitized,154,148,RGB,1,1,1,0.9951384,False,22792,Q4 (largest),0.9951384,0.9-1.0
/kaggle/input/cell-images-for-detecting-malaria/cell_images/Parasitized/C84P45ThinF_IMG_20150818_104849_cell_7.png,Parasitized,139,133,RGB,1,1,1,0.979776,False,18487,Q3,0.979776,0.9-1.0
/kaggle/input/cell-images-for-detecting-malaria/cell_images/Uninfected/C142P103ThinF_IMG_20151005_221900_cell_126.png,Uninfected,133,133,RGB,0,0,0,0.002300387,False,17689,Q3,0.9976996,0.9-1.0
/kaggle/input/cell-images-for-detecting-malaria/cell_images/Parasitized/C132P93ThinF_IMG_20151004_151733_cell_170.png,Parasitized,127,154,RGB,1,1,1,0.9997897,False,19558,Q3,0.9997897,0.9-1.0
/kaggle/input/cell-images-for-detecting-malaria/cell_images/Parasitized/C39P4thinF_original_IMG_20150622_111206_cell_81.png,Parasitized,103,133,RGB,1,1,1,0.9193619,False,13699,Q1 (smallest),0.9193619,0.9-1.0
/kaggle/input/cell-images-for-detecting-malaria/cell_images/Uninfected/C83P44ThinF_IMG_20150817_133609_cell_99.png,Uninfected,151,148,RGB,0,0,0,0.0025139337,False,22348,Q4 (largest),0.99748605,0.9-1.0
/kaggle/input/cell-images-for-detecting-malaria/cell_images/Uninfected/C172P133ThinF_IMG_20151119_154936_cell_63.png,Uninfected,106,157,RGB,0,0,0,0.0021594923,False,16642,Q2,0.9978405,0.9-1.0
/kaggle/input/cell-images-for-detecting-malaria/cell_images/Uninfected/C162P123ThinF_IMG_20151116_102751_cell_92.png,Uninfected,142,139,RGB,0,0,0,0.0563451,False,19738,Q3,0.9436549,0.9-1.0
/kaggle/input/cell-images-for-detecting-malaria/cell_images/Uninfected/C183P144NThinF_IMG_20151201_222917_cell_76.png,Uninfected,151,82,RGB,0,0,0,0.011163162,False,12382,Q1 (smallest),0.9888368,0.9-1.0
/kaggle/input/cell-images-for-detecting-malaria/cell_images/Parasitized/C91P52ThinF_IMG_20150821_123314_cell_197.png,Parasitized,160,142,RGB,1,1,1,0.97518575,False,22720,Q4 (largest),0.97518575,0.9-1.0
/kaggle/input/cell-images-for-detecting-malaria/cell_images/Parasitized/C68P29N_ThinF_IMG_20150819_133236_cell_211.png,Parasitized,154,178,RGB,1,1,1,0.9985487,False,27412,Q4 (largest),0.9985487,0.9-1.0
/kaggle/input/cell-images-for-detecting-malaria/cell_images/Parasitized/C132P93ThinF_IMG_20151004_151701_cell_142.png,Parasitized,118,130,RGB,1,1,1,0.9983954,False,15340,Q2,0.9983954,0.9-1.0
/kaggle/input/cell-images-for-detecting-malaria/cell_images/Uninfected/C65P26N_ThinF_IMG_20150818_154050_cell_160.png,Uninfected,124,121,RGB,0,0,0,0.001381774,False,15004,Q2,0.99861825,0.9-1.0
/kaggle/input/cell-images-for-detecting-malaria/cell_images/Parasitized/C181P142ThinF_IMG_20151127_155722_cell_192.png,Parasitized,121,118,RGB,1,1,1,0.9781487,False,14278,Q1 (smallest),0.9781487,0.9-1.0
/kaggle/input/cell-images-for-detecting-malaria/cell_images/Parasitized/C102P63ThinF_IMG_20150918_162511_cell_173.png,Parasitized,139,163,RGB,1,1,1,0.759039,False,22657,Q4 (largest),0.759039,0.7-0.8
/kaggle/input/cell-images-for-detecting-malaria/cell_images/Parasitized/C136P97ThinF_IMG_20151005_142627_cell_17.png,Parasitized,118,160,RGB,1,1,1,0.99571073,False,18880,Q3,0.99571073,0.9-1.0
/kaggle/input/cell-images-for-detecting-malaria/cell_images/Parasitized/C136P97ThinF_IMG_20151005_141803_cell_131.png,Parasitized,136,127,RGB,1,1,1,0.9955189,False,17272,Q2,0.9955189,0.9-1.0
/kaggle/input/cell-images-for-detecting-malaria/cell_images/Uninfected/C226ThinF_IMG_20151112_131408_cell_213.png,Uninfected,148,154,RGB,0,0,0,0.011371864,False,22792,Q4 (largest),0.98862815,0.9-1.0
/kaggle/input/cell-images-for-detecting-malaria/cell_images/Parasitized/C68P29N_ThinF_IMG_20150819_133350_cell_161.png,Parasitized,145,154,RGB,1,1,1,0.99957985,False,22330,Q4 (largest),0.99957985,0.9-1.0
/kaggle/input/cell-images-for-detecting-malaria/cell_images/Parasitized/C101P62ThinF_IMG_20150923_170246_cell_67.png,Parasitized,148,196,RGB,1,1,1,0.999809,False,29008,Q4 (largest),0.999809,0.9-1.0
/kaggle/input/cell-images-for-detecting-malaria/cell_images/Parasitized/C101P62ThinF_IMG_20150918_151507_cell_60.png,Parasitized,133,121,RGB,1,1,1,0.9991918,False,16093,Q2,0.9991918,0.9-1.0
/kaggle/input/cell-images-for-detecting-malaria/cell_images/Uninfected/C160P121ThinF_IMG_20151116_093629_cell_139.png,Uninfected,103,124,RGB,0,0,0,0.044447374,False,12772,Q1 (smallest),0.95555264,0.9-1.0
/kaggle/input/cell-images-for-detecting-malaria/cell_images/Parasitized/C93P54ThinF_IMG_20150821_163815_cell_222.png,Parasitized,124,106,RGB,1,1,1,0.98360616,False,13144,Q1 (smallest),0.98360616,0.9-1.0
/kaggle/input/cell-images-for-detecting-malaria/cell_images/Parasitized/C184P145ThinF_IMG_20151203_103326_cell_152.png,Parasitized,121,151,RGB,1,1,1,0.9980406,False,18271,Q3,0.9980406,0.9-1.0
/kaggle/input/cell-images-for-detecting-malaria/cell_images/Parasitized/C121P82ThinF_IMG_20151002_134953_cell_71.png,Parasitized,94,82,RGB,1,1,1,0.99951935,False,7708,Q1 (smallest),0.99951935,0.9-1.0
/kaggle/input/cell-images-for-detecting-malaria/cell_images/Parasitized/C118P79ThinF_IMG_20151002_104831_cell_164.png,Parasitized,130,115,RGB,1,1,1,0.99982274,False,14950,Q2,0.99982274,0.9-1.0
/kaggle/input/cell-images-for-detecting-malaria/cell_images/Parasitized/C182P143NThinF_IMG_20151201_172524_cell_164.png,Parasitized,139,133,RGB,1,1,1,0.99441975,False,18487,Q3,0.99441975,0.9-1.0
/kaggle/input/cell-images-for-detecting-malaria/cell_images/Uninfected/C108P69ThinF_IMG_20150924_225511_cell_180.png,Uninfected,133,124,RGB,0,0,0,0.000973547,False,16492,Q2,0.9990265,0.9-1.0
/kaggle/input/cell-images-for-detecting-malaria/cell_images/Parasitized/C136P97ThinF_IMG_20151005_140646_cell_121.png,Parasitized,172,142,RGB,1,1,1,0.99516547,False,24424,Q4 (largest),0.99516547,0.9-1.0
/kaggle/input/cell-images-for-detecting-malaria/cell_images/Parasitized/C136P97ThinF_IMG_20151005_141946_cell_112.png,Parasitized,166,121,RGB,1,1,1,0.99391055,False,20086,Q3,0.99391055,0.9-1.0
/kaggle/input/cell-images-for-detecting-malaria/cell_images/Parasitized/C101P62ThinF_IMG_20150918_151507_cell_72.png,Parasitized,148,148,RGB,1,1,1,0.99727434,False,21904,Q4 (largest),0.99727434,0.9-1.0
/kaggle/input/cell-images-for-detecting-malaria/cell_images/Parasitized/C136P97ThinF_IMG_20151005_141321_cell_102.png,Parasitized,112,121,RGB,1,1,1,0.9999492,False,13552,Q1 (smallest),0.9999492,0.9-1.0
/kaggle/input/cell-images-for-detecting-malaria/cell_images/Parasitized/C80P41ThinF_IMG_20150817_111121_cell_144.png,Parasitized,118,115,RGB,1,1,1,0.99619704,False,13570,Q1 (smallest),0.99619704,0.9-1.0
/kaggle/input/cell-images-for-detecting-malaria/cell_images/Parasitized/C129P90ThinF_IMG_20151004_134520_cell_113.png,Parasitized,133,121,RGB,1,1,1,0.99999905,False,16093,Q2,0.99999905,0.9-1.0
/kaggle/input/cell-images-for-detecting-malaria/cell_images/Parasitized/C188P149ThinF_IMG_20151203_134319_cell_193.png,Parasitized,133,142,RGB,1,1,1,0.9932387,False,18886,Q3,0.9932387,0.9-1.0
/kaggle/input/cell-images-for-detecting-malaria/cell_images/Uninfected/C47P8thin_Original_Motic_IMG_20150714_093512_cell_149.png,Uninfected,121,94,RGB,0,0,0,0.021956317,False,11374,Q1 (smallest),0.9780437,0.9-1.0
/kaggle/input/cell-images-for-detecting-malaria/cell_images/Uninfected/C170P131ThinF_IMG_20151119_115918_cell_198.png,Uninfected,115,133,RGB,0,0,0,0.0011609609,False,15295,Q2,0.998839,0.9-1.0
/kaggle/input/cell-images-for-detecting-malaria/cell_images/Parasitized/C158P119ThinF_IMG_20151115_183157_cell_173.png,Parasitized,163,118,RGB,1,1,1,0.9996849,False,19234,Q3,0.9996849,0.9-1.0
/kaggle/input/cell-images-for-detecting-malaria/cell_images/Parasitized/C189P150ThinF_IMG_20151203_141110_cell_74.png,Parasitized,127,124,RGB,1,1,1,0.9999212,False,15748,Q2,0.9999212,0.9-1.0
/kaggle/input/cell-images-for-detecting-malaria/cell_images/Parasitized/C181P142ThinF_IMG_20151127_160434_cell_160.png,Parasitized,109,112,RGB,1,1,1,0.9992212,False,12208,Q1 (smallest),0.9992212,0.9-1.0
/kaggle/input/cell-images-for-detecting-malaria/cell_images/Parasitized/C133P94ThinF_IMG_20151004_155144_cell_114.png,Parasitized,115,121,RGB,1,1,1,0.9998716,False,13915,Q1 (smallest),0.9998716,0.9-1.0
/kaggle/input/cell-images-for-detecting-malaria/cell_images/Parasitized/C126P87ThinF_IMG_20151004_104408_cell_170.png,Parasitized,136,151,RGB,1,1,1,0.9999864,False,20536,Q4 (largest),0.9999864,0.9-1.0
/kaggle/input/cell-images-for-detecting-malaria/cell_images/Uninfected/C49P10thinF_IMG_20150724_102843_cell_121.png,Uninfected,115,103,RGB,0,0,0,0.09183147,False,11845,Q1 (smallest),0.90816855,0.9-1.0
/kaggle/input/cell-images-for-detecting-malaria/cell_images/Parasitized/C159P120ThinF_IMG_20151115_190002_cell_232.png,Parasitized,124,133,RGB,1,1,1,0.98170763,False,16492,Q2,0.98170763,0.9-1.0
/kaggle/input/cell-images-for-detecting-malaria/cell_images/Uninfected/C165P126ThinF_IMG_20151117_171646_cell_202.png,Uninfected,139,130,RGB,0,0,0,0.026482088,False,18070,Q3,0.9735179,0.9-1.0
/kaggle/input/cell-images-for-detecting-malaria/cell_images/Parasitized/C184P145ThinF_IMG_20151203_102543_cell_164.png,Parasitized,142,166,RGB,1,1,1,0.9996775,False,23572,Q4 (largest),0.9996775,0.9-1.0
/kaggle/input/cell-images-for-detecting-malaria/cell_images/Uninfected/C97P58ThinF_IMG_20150917_152032_cell_6.png,Uninfected,115,124,RGB,0,0,0,0.001936221,False,14260,Q1 (smallest),0.9980638,0.9-1.0
/kaggle/input/cell-images-for-detecting-malaria/cell_images/Uninfected/C112P73ThinF_IMG_20150930_131900_cell_46.png,Uninfected,115,124,RGB,0,0,0,0.0015363271,False,14260,Q1 (smallest),0.9984637,0.9-1.0
/kaggle/input/cell-images-for-detecting-malaria/cell_images/Uninfected/C143P104ThinF_IMG_20151005_225623_cell_71.png,Uninfected,136,124,RGB,0,0,0,0.0034561288,False,16864,Q2,0.9965439,0.9-1.0
/kaggle/input/cell-images-for-detecting-malaria/cell_images/Uninfected/C216ThinF_IMG_20151106_134733_cell_201.png,Uninfected,151,148,RGB,0,0,0,0.010884166,False,22348,Q4 (largest),0.98911583,0.9-1.0
/kaggle/input/cell-images-for-detecting-malaria/cell_images/Uninfected/C160P121ThinF_IMG_20151116_094338_cell_48.png,Uninfected,121,115,RGB,0,0,0,0.028931333,False,13915,Q1 (smallest),0.9710687,0.9-1.0
/kaggle/input/cell-images-for-detecting-malaria/cell_images/Parasitized/C159P120ThinF_IMG_20151115_190002_cell_224.png,Parasitized,100,118,RGB,1,1,0,0.10279531,True,11800,Q1 (smallest),0.8972047,0.8-0.9
/kaggle/input/cell-images-for-detecting-malaria/cell_images/Uninfected/C212ThinF_IMG_20151106_105437_cell_211.png,Uninfected,136,133,RGB,0,0,0,0.000533048,False,18088,Q3,0.99946696,0.9-1.0
/kaggle/input/cell-images-for-detecting-malaria/cell_images/Parasitized/C132P93ThinF_IMG_20151004_151941_cell_28.png,Parasitized,130,127,RGB,1,1,1,0.7681132,False,16510,Q2,0.7681132,0.7-0.8
/kaggle/input/cell-images-for-detecting-malaria/cell_images/Parasitized/C176P137NThinF_IMG_20151201_121030_cell_12.png,Parasitized,199,178,RGB,1,1,1,0.99185175,False,35422,Q4 (largest),0.99185175,0.9-1.0
/kaggle/input/cell-images-for-detecting-malaria/cell_images/Uninfected/C74P35_ThinF_IMG_20150815_113951_cell_104.png,Uninfected,157,169,RGB,0,0,0,0.0043704542,False,26533,Q4 (largest),0.99562955,0.9-1.0
/kaggle/input/cell-images-for-detecting-malaria/cell_images/Parasitized/C33P1thinF_IMG_20150619_121102a_cell_193.png,Parasitized,133,133,RGB,1,1,1,0.99678695,False,17689,Q3,0.99678695,0.9-1.0
/kaggle/input/cell-images-for-detecting-malaria/cell_images/Uninfected/C125P86ThinF_IMG_20151004_102205_cell_84.png,Uninfected,109,127,RGB,0,0,0,0.002485632,False,13843,Q1 (smallest),0.99751437,0.9-1.0
/kaggle/input/cell-images-for-detecting-malaria/cell_images/Uninfected/C101P62ThinF_IMG_20150918_151335_cell_49.png,Uninfected,133,148,RGB,0,0,0,0.0022791387,False,19684,Q3,0.99772084,0.9-1.0
/kaggle/input/cell-images-for-detecting-malaria/cell_images/Parasitized/C189P150ThinF_IMG_20151203_140809_cell_133.png,Parasitized,151,178,RGB,1,1,1,0.9638715,False,26878,Q4 (largest),0.9638715,0.9-1.0
/kaggle/input/cell-images-for-detecting-malaria/cell_images/Uninfected/C207ThinF_IMG_20151029_144152_cell_101.png,Uninfected,94,115,RGB,0,0,0,0.024654923,False,10810,Q1 (smallest),0.9753451,0.9-1.0
/kaggle/input/cell-images-for-detecting-malaria/cell_images/Parasitized/C176P137NThinF_IMG_20151201_121808_cell_118.png,Parasitized,124,139,RGB,1,1,1,0.9998797,False,17236,Q2,0.9998797,0.9-1.0
/kaggle/input/cell-images-for-detecting-malaria/cell_images/Parasitized/C84P45ThinF_IMG_20150818_101903_cell_13.png,Parasitized,94,91,RGB,1,1,1,0.9993618,False,8554,Q1 (smallest),0.9993618,0.9-1.0
/kaggle/input/cell-images-for-detecting-malaria/cell_images/Parasitized/C101P62ThinF_IMG_20150923_170246_cell_64.png,Parasitized,121,103,RGB,1,1,1,0.9271935,False,12463,Q1 (smallest),0.9271935,0.9-1.0
/kaggle/input/cell-images-for-detecting-malaria/cell_images/Parasitized/C66P27N_ThinF_IMG_20150818_164008_cell_148.png,Parasitized,115,127,RGB,1,1,1,0.9922839,False,14605,Q1 (smallest),0.9922839,0.9-1.0
/kaggle/input/cell-images-for-detecting-malaria/cell_images/Parasitized/C52P13thinF_IMG_20150725_130013_cell_188.png,Parasitized,133,160,RGB,1,1,1,0.98442703,False,21280,Q4 (largest),0.98442703,0.9-1.0
/kaggle/input/cell-images-for-detecting-malaria/cell_images/Uninfected/C60P21thinF_IMG_20150804_104919_cell_114.png,Uninfected,145,169,RGB,0,0,0,0.0021930838,False,24505,Q4 (largest),0.9978069,0.9-1.0
/kaggle/input/cell-images-for-detecting-malaria/cell_images/Parasitized/C66P27N_ThinF_IMG_20150818_164408_cell_152.png,Parasitized,145,139,RGB,1,1,1,0.96996695,False,20155,Q3,0.96996695,0.9-1.0
/kaggle/input/cell-images-for-detecting-malaria/cell_images/Parasitized/C62P23N_ThinF_IMG_20150818_133527_cell_197.png,Parasitized,127,118,RGB,1,1,1,0.9952619,False,14986,Q2,0.9952619,0.9-1.0
/kaggle/input/cell-images-for-detecting-malaria/cell_images/Uninfected/C127P88ThinF_IMG_20151004_112418_cell_4.png,Uninfected,124,124,RGB,0,0,0,0.0021155737,False,15376,Q2,0.99788445,0.9-1.0
/kaggle/input/cell-images-for-detecting-malaria/cell_images/Uninfected/C213ThinF_IMG_20151106_112853_cell_165.png,Uninfected,166,130,RGB,0,0,0,0.017896354,False,21580,Q4 (largest),0.98210365,0.9-1.0
/kaggle/input/cell-images-for-detecting-malaria/cell_images/Uninfected/C68P29N_ThinF_IMG_20150819_133447_cell_77.png,Uninfected,166,148,RGB,0,0,1,0.86339724,True,24568,Q4 (largest),0.86339724,0.8-0.9
/kaggle/input/cell-images-for-detecting-malaria/cell_images/Parasitized/C84P45ThinF_IMG_20150818_104849_cell_24.png,Parasitized,124,136,RGB,1,1,1,0.98582953,False,16864,Q2,0.98582953,0.9-1.0
/kaggle/input/cell-images-for-detecting-malaria/cell_images/Uninfected/C96P57ThinF_IMG_20150824_105213_cell_193.png,Uninfected,124,157,RGB,0,0,0,0.028646214,False,19468,Q3,0.97135377,0.9-1.0
/kaggle/input/cell-images-for-detecting-malaria/cell_images/Uninfected/C229ThinF_IMG_20151112_144613_cell_56.png,Uninfected,124,124,RGB,0,0,0,0.00036360737,False,15376,Q2,0.9996364,0.9-1.0
/kaggle/input/cell-images-for-detecting-malaria/cell_images/Parasitized/C176P137NThinF_IMG_20151201_114035_cell_128.png,Parasitized,139,133,RGB,1,1,1,0.997982,False,18487,Q3,0.997982,0.9-1.0
/kaggle/input/cell-images-for-detecting-malaria/cell_images/Parasitized/C48P9thinF_IMG_20150721_164031_cell_9.png,Parasitized,151,136,RGB,1,1,1,0.970155,False,20536,Q4 (largest),0.970155,0.9-1.0
/kaggle/input/cell-images-for-detecting-malaria/cell_images/Parasitized/C120P81ThinF_IMG_20151002_130150_cell_199.png,Parasitized,124,127,RGB,1,1,1,0.99990606,False,15748,Q2,0.99990606,0.9-1.0
/kaggle/input/cell-images-for-detecting-malaria/cell_images/Uninfected/C184P145ThinF_IMG_20151203_103114_cell_130.png,Uninfected,109,130,RGB,0,0,0,0.031648293,False,14170,Q1 (smallest),0.9683517,0.9-1.0
/kaggle/input/cell-images-for-detecting-malaria/cell_images/Parasitized/C97P58ThinF_IMG_20150917_152032_cell_179.png,Parasitized,106,124,RGB,1,1,1,0.9948959,False,13144,Q1 (smallest),0.9948959,0.9-1.0
/kaggle/input/cell-images-for-detecting-malaria/cell_images/Parasitized/C68P29N_ThinF_IMG_20150819_134625_cell_5.png,Parasitized,166,166,RGB,1,1,1,0.9952102,False,27556,Q4 (largest),0.9952102,0.9-1.0
/kaggle/input/cell-images-for-detecting-malaria/cell_images/Parasitized/C50P11thinF_IMG_20150724_115603_cell_153.png,Parasitized,106,100,RGB,1,1,0,0.27941814,True,10600,Q1 (smallest),0.7205819,0.7-0.8
/kaggle/input/cell-images-for-detecting-malaria/cell_images/Parasitized/C101P62ThinF_IMG_20150918_151006_cell_64.png,Parasitized,103,121,RGB,1,1,1,0.99999917,False,12463,Q1 (smallest),0.99999917,0.9-1.0
/kaggle/input/cell-images-for-detecting-malaria/cell_images/Uninfected/C93P54ThinF_IMG_20150821_163815_cell_186.png,Uninfected,136,139,RGB,0,0,0,0.0018129945,False,18904,Q3,0.998187,0.9-1.0
/kaggle/input/cell-images-for-detecting-malaria/cell_images/Uninfected/C168P129ThinF_IMG_20151118_155802_cell_44.png,Uninfected,127,133,RGB,0,0,0,0.008404744,False,16891,Q2,0.99159527,0.9-1.0
/kaggle/input/cell-images-for-detecting-malaria/cell_images/Uninfected/C132P93ThinF_IMG_20151004_152257_cell_1.png,Uninfected,121,118,RGB,0,0,0,0.013667791,False,14278,Q1 (smallest),0.98633224,0.9-1.0
/kaggle/input/cell-images-for-detecting-malaria/cell_images/Uninfected/C48P9thinF_IMG_20150721_161412_cell_43.png,Uninfected,121,121,RGB,0,0,0,0.12593181,False,14641,Q1 (smallest),0.8740682,0.8-0.9
/kaggle/input/cell-images-for-detecting-malaria/cell_images/Uninfected/C129P90ThinF_IMG_20151004_134520_cell_60.png,Uninfected,151,136,RGB,0,0,0,0.0016689586,False,20536,Q4 (largest),0.99833107,0.9-1.0
/kaggle/input/cell-images-for-detecting-malaria/cell_images/Uninfected/C206ThinF_IMG_20151029_140511_cell_54.png,Uninfected,145,139,RGB,0,0,0,0.0002974538,False,20155,Q3,0.9997026,0.9-1.0
/kaggle/input/cell-images-for-detecting-malaria/cell_images/Parasitized/C184P145ThinF_IMG_20151203_104030_cell_33.png,Parasitized,133,133,RGB,1,1,1,0.9992445,False,17689,Q3,0.9992445,0.9-1.0
/kaggle/input/cell-images-for-detecting-malaria/cell_images/Parasitized/C46P7ThinF_IMG_20151130_210843_cell_137.png,Parasitized,151,127,RGB,1,1,1,0.9993215,False,19177,Q3,0.9993215,0.9-1.0
/kaggle/input/cell-images-for-detecting-malaria/cell_images/Uninfected/C50P11thinF_IMG_20150724_115141_cell_14.png,Uninfected,133,130,RGB,0,0,0,0.0077666845,False,17290,Q2,0.99223334,0.9-1.0
/kaggle/input/cell-images-for-detecting-malaria/cell_images/Uninfected/C56P17thinF_IMG_20150728_160256_cell_12.png,Uninfected,115,145,RGB,0,0,0,0.032469008,False,16675,Q2,0.96753097,0.9-1.0
/kaggle/input/cell-images-for-detecting-malaria/cell_images/Uninfected/C144P105ThinF_IMG_20151015_163432_cell_69.png,Uninfected,121,127,RGB,0,0,0,0.0034445946,False,15367,Q2,0.9965554,0.9-1.0
/kaggle/input/cell-images-for-detecting-malaria/cell_images/Parasitized/C120P81ThinF_IMG_20151002_130150_cell_198.png,Parasitized,94,151,RGB,1,1,1,0.7097296,False,14194,Q1 (smallest),0.7097296,0.7-0.8
/kaggle/input/cell-images-for-detecting-malaria/cell_images/Parasitized/C184P145ThinF_IMG_20151203_104334_cell_34.png,Parasitized,136,151,RGB,1,1,1,0.9897508,False,20536,Q4 (largest),0.9897508,0.9-1.0
/kaggle/input/cell-images-for-detecting-malaria/cell_images/Parasitized/C82P43ThinF_IMG_20150817_124728_cell_19.png,Parasitized,124,124,RGB,1,1,1,0.99915504,False,15376,Q2,0.99915504,0.9-1.0
/kaggle/input/cell-images-for-detecting-malaria/cell_images/Uninfected/C48P9thinF_IMG_20150721_161243_cell_29.png,Uninfected,160,172,RGB,0,0,0,0.14536668,False,27520,Q4 (largest),0.85463333,0.8-0.9
/kaggle/input/cell-images-for-detecting-malaria/cell_images/Uninfected/C3thin_original_IMG_20150608_163047_cell_168.png,Uninfected,106,142,RGB,0,0,0,0.02707753,False,15052,Q2,0.97292244,0.9-1.0
/kaggle/input/cell-images-for-detecting-malaria/cell_images/Uninfected/C82P43ThinF_IMG_20150817_123652_cell_99.png,Uninfected,115,163,RGB,0,0,0,0.004461011,False,18745,Q3,0.995539,0.9-1.0
/kaggle/input/cell-images-for-detecting-malaria/cell_images/Parasitized/C182P143NThinF_IMG_20151201_172607_cell_9.png,Parasitized,133,112,RGB,1,1,1,0.86877155,False,14896,Q2,0.86877155,0.8-0.9
/kaggle/input/cell-images-for-detecting-malaria/cell_images/Uninfected/C94P55ThinF_IMG_20150821_170403_cell_29.png,Uninfected,136,121,RGB,0,0,0,0.024464866,False,16456,Q2,0.97553515,0.9-1.0
/kaggle/input/cell-images-for-detecting-malaria/cell_images/Parasitized/C48P9thinF_IMG_20150721_161055_cell_197.png,Parasitized,160,166,RGB,1,1,1,0.99509096,False,26560,Q4 (largest),0.99509096,0.9-1.0
/kaggle/input/cell-images-for-detecting-malaria/cell_images/Uninfected/C6NThinF_IMG_20150609_122547_cell_195.png,Uninfected,148,163,RGB,0,0,0,0.20576532,False,24124,Q4 (largest),0.7942347,0.7-0.8
/kaggle/input/cell-images-for-detecting-malaria/cell_images/Uninfected/C121P82ThinF_IMG_20151002_133631_cell_43.png,Uninfected,151,130,RGB,0,0,0,0.0013377055,False,19630,Q3,0.9986623,0.9-1.0
/kaggle/input/cell-images-for-detecting-malaria/cell_images/Uninfected/C186P147NThinF_IMG_20151203_150132_cell_23.png,Uninfected,94,97,RGB,0,0,0,0.18008564,False,9118,Q1 (smallest),0.81991434,0.8-0.9
/kaggle/input/cell-images-for-detecting-malaria/cell_images/Uninfected/C208ThinF_IMG_20151029_155436_cell_48.png,Uninfected,145,124,RGB,0,0,0,0.0019618259,False,17980,Q3,0.9980382,0.9-1.0
/kaggle/input/cell-images-for-detecting-malaria/cell_images/Uninfected/C93P54ThinF_IMG_20150821_162901_cell_2.png,Uninfected,133,130,RGB,0,0,0,0.005731665,False,17290,Q2,0.99426836,0.9-1.0
/kaggle/input/cell-images-for-detecting-malaria/cell_images/Parasitized/C149P110ThinF_IMG_20151115_114729_cell_263.png,Parasitized,106,139,RGB,1,1,1,0.98137695,False,14734,Q1 (smallest),0.98137695,0.9-1.0
/kaggle/input/cell-images-for-detecting-malaria/cell_images/Uninfected/C67P28N_ThinF_IMG_20150819_115955_cell_19.png,Uninfected,115,112,RGB,0,0,0,0.003118653,False,12880,Q1 (smallest),0.99688137,0.9-1.0
/kaggle/input/cell-images-for-detecting-malaria/cell_images/Parasitized/C182P143NThinF_IMG_20151201_172057_cell_179.png,Parasitized,124,109,RGB,1,1,1,0.9999337,False,13516,Q1 (smallest),0.9999337,0.9-1.0
/kaggle/input/cell-images-for-detecting-malaria/cell_images/Uninfected/C155P116ThinF_IMG_20151115_142836_cell_80.png,Uninfected,145,151,RGB,0,0,0,0.00089572364,False,21895,Q4 (largest),0.99910426,0.9-1.0
/kaggle/input/cell-images-for-detecting-malaria/cell_images/Parasitized/C48P9thinF_IMG_20150721_163810_cell_10.png,Parasitized,136,136,RGB,1,1,1,0.9890732,False,18496,Q3,0.9890732,0.9-1.0
/kaggle/input/cell-images-for-detecting-malaria/cell_images/Uninfected/C206ThinF_IMG_20151029_140917_cell_74.png,Uninfected,151,121,RGB,0,0,0,0.00095125736,False,18271,Q3,0.99904877,0.9-1.0
/kaggle/input/cell-images-for-detecting-malaria/cell_images/Parasitized/C128P89ThinF_IMG_20151004_131231_cell_139.png,Parasitized,130,148,RGB,1,1,1,0.99300635,False,19240,Q3,0.99300635,0.9-1.0
/kaggle/input/cell-images-for-detecting-malaria/cell_images/Parasitized/C189P150ThinF_IMG_20151203_140902_cell_121.png,Parasitized,100,124,RGB,1,1,1,0.82491076,False,12400,Q1 (smallest),0.82491076,0.8-0.9
/kaggle/input/cell-images-for-detecting-malaria/cell_images/Parasitized/C52P13thinF_IMG_20150725_130013_cell_192.png,Parasitized,145,145,RGB,1,1,1,0.9486949,False,21025,Q4 (largest),0.9486949,0.9-1.0
/kaggle/input/cell-images-for-detecting-malaria/cell_images/Uninfected/C39P4thinF_original_IMG_20150622_110435_cell_76.png,Uninfected,127,127,RGB,0,0,0,0.0015481184,False,16129,Q2,0.9984519,0.9-1.0
/kaggle/input/cell-images-for-detecting-malaria/cell_images/Uninfected/C90P51ThinF_IMG_20150821_115310_cell_22.png,Uninfected,133,124,RGB,0,0,1,0.7288483,True,16492,Q2,0.7288483,0.7-0.8
/kaggle/input/cell-images-for-detecting-malaria/cell_images/Uninfected/C207ThinF_IMG_20151029_143952_cell_17.png,Uninfected,115,124,RGB,0,0,0,0.0019489486,False,14260,Q1 (smallest),0.99805105,0.9-1.0
/kaggle/input/cell-images-for-detecting-malaria/cell_images/Uninfected/C148P109ThinF_IMG_20151115_112855_cell_110.png,Uninfected,136,148,RGB,0,0,0,0.0066914055,False,20128,Q3,0.9933086,0.9-1.0
/kaggle/input/cell-images-for-detecting-malaria/cell_images/Parasitized/C91P52ThinF_IMG_20150821_124937_cell_214.png,Parasitized,229,235,RGB,1,1,1,0.8843691,False,53815,Q4 (largest),0.8843691,0.8-0.9
/kaggle/input/cell-images-for-detecting-malaria/cell_images/Uninfected/C7NthinF_IMG_20150611_104609_cell_187.png,Uninfected,124,106,RGB,0,0,0,0.0051467284,False,13144,Q1 (smallest),0.99485326,0.9-1.0
/kaggle/input/cell-images-for-detecting-malaria/cell_images/Parasitized/C182P143NThinF_IMG_20151201_172257_cell_180.png,Parasitized,79,82,RGB,1,1,0,0.25035328,True,6478,Q1 (smallest),0.7496467,0.7-0.8
/kaggle/input/cell-images-for-detecting-malaria/cell_images/Parasitized/C183P144NThinF_IMG_20151201_222119_cell_143.png,Parasitized,139,106,RGB,1,1,0,0.12872878,True,14734,Q1 (smallest),0.87127125,0.8-0.9
/kaggle/input/cell-images-for-detecting-malaria/cell_images/Uninfected/C101P62ThinF_IMG_20150923_170344_cell_70.png,Uninfected,136,139,RGB,0,0,0,0.0016826902,False,18904,Q3,0.9983173,0.9-1.0
/kaggle/input/cell-images-for-detecting-malaria/cell_images/Parasitized/C182P143NThinF_IMG_20151201_172216_cell_130.png,Parasitized,136,103,RGB,1,1,1,0.9999435,False,14008,Q1 (smallest),0.9999435,0.9-1.0
/kaggle/input/cell-images-for-detecting-malaria/cell_images/Parasitized/C132P93ThinF_IMG_20151004_152808_cell_17.png,Parasitized,142,121,RGB,1,1,1,1.0,False,17182,Q2,1.0,0.9-1.0
/kaggle/input/cell-images-for-detecting-malaria/cell_images/Uninfected/C113P74ThinF_IMG_20150930_134949_cell_108.png,Uninfected,157,145,RGB,0,0,0,0.27003846,False,22765,Q4 (largest),0.7299615,0.7-0.8
/kaggle/input/cell-images-for-detecting-malaria/cell_images/Uninfected/C123P84ThinF_IMG_20151002_152330_cell_35.png,Uninfected,133,142,RGB,0,0,0,0.0013364963,False,18886,Q3,0.9986635,0.9-1.0
/kaggle/input/cell-images-for-detecting-malaria/cell_images/Uninfected/C177P138NThinF_IMG_20151201_142514_cell_83.png,Uninfected,115,145,RGB,0,0,0,0.021364136,False,16675,Q2,0.97863585,0.9-1.0
/kaggle/input/cell-images-for-detecting-malaria/cell_images/Parasitized/C39P4thinF_original_IMG_20150622_105102_cell_80.png,Parasitized,124,118,RGB,1,1,1,0.99683374,False,14632,Q1 (smallest),0.99683374,0.9-1.0
/kaggle/input/cell-images-for-detecting-malaria/cell_images/Parasitized/C49P10thinF_IMG_20150724_103233_cell_202.png,Parasitized,118,130,RGB,1,1,1,0.99575573,False,15340,Q2,0.99575573,0.9-1.0
/kaggle/input/cell-images-for-detecting-malaria/cell_images/Uninfected/C69P30N_ThinF_IMG_20150819_140143_cell_44.png,Uninfected,124,187,RGB,0,0,0,0.1765789,False,23188,Q4 (largest),0.8234211,0.8-0.9
/kaggle/input/cell-images-for-detecting-malaria/cell_images/Parasitized/C132P93ThinF_IMG_20151004_152642_cell_40.png,Parasitized,130,121,RGB,1,1,1,0.994369,False,15730,Q2,0.994369,0.9-1.0
/kaggle/input/cell-images-for-detecting-malaria/cell_images/Parasitized/C101P62ThinF_IMG_20150918_151942_cell_76.png,Parasitized,127,205,RGB,1,1,1,0.9879788,False,26035,Q4 (largest),0.9879788,0.9-1.0
/kaggle/input/cell-images-for-detecting-malaria/cell_images/Uninfected/C83P44ThinF_IMG_20150817_140045_cell_79.png,Uninfected,139,130,RGB,0,0,0,0.0015612593,False,18070,Q3,0.9984387,0.9-1.0
/kaggle/input/cell-images-for-detecting-malaria/cell_images/Uninfected/C151P112ThinF_IMG_20151115_121942_cell_23.png,Uninfected,130,118,RGB,0,0,0,0.00018151621,False,15340,Q2,0.9998185,0.9-1.0
/kaggle/input/cell-images-for-detecting-malaria/cell_images/Uninfected/C106P67ThinF_IMG_20150924_103636_cell_99.png,Uninfected,115,154,RGB,0,0,0,0.03021057,False,17710,Q3,0.96978945,0.9-1.0
/kaggle/input/cell-images-for-detecting-malaria/cell_images/Parasitized/C182P143NThinF_IMG_20151201_171905_cell_149.png,Parasitized,142,121,RGB,1,1,1,0.97314566,False,17182,Q2,0.97314566,0.9-1.0
/kaggle/input/cell-images-for-detecting-malaria/cell_images/Uninfected/C175P136NThinF_IMG_20151127_141428_cell_201.png,Uninfected,139,127,RGB,0,0,0,0.0029938093,False,17653,Q3,0.9970062,0.9-1.0
/kaggle/input/cell-images-for-detecting-malaria/cell_images/Parasitized/C80P41ThinF_IMG_20150817_110608_cell_140.png,Parasitized,127,109,RGB,1,1,1,0.9825624,False,13843,Q1 (smallest),0.9825624,0.9-1.0
/kaggle/input/cell-images-for-detecting-malaria/cell_images/Parasitized/C184P145ThinF_IMG_20151203_104440_cell_27.png,Parasitized,142,157,RGB,1,1,1,0.9957314,False,22294,Q4 (largest),0.9957314,0.9-1.0
/kaggle/input/cell-images-for-detecting-malaria/cell_images/Uninfected/C178P139NThinF_IMG_20151201_154337_cell_78.png,Uninfected,97,112,RGB,0,0,0,0.09814377,False,10864,Q1 (smallest),0.90185624,0.9-1.0
/kaggle/input/cell-images-for-detecting-malaria/cell_images/Uninfected/C90P51ThinF_IMG_20150821_115700_cell_62.png,Uninfected,142,133,RGB,0,0,0,0.042076148,False,18886,Q3,0.9579238,0.9-1.0
/kaggle/input/cell-images-for-detecting-malaria/cell_images/Parasitized/C69P30N_ThinF_IMG_20150819_140143_cell_234.png,Parasitized,130,139,RGB,1,1,1,0.9962503,False,18070,Q3,0.9962503,0.9-1.0
/kaggle/input/cell-images-for-detecting-malaria/cell_images/Uninfected/C58P19thinF_IMG_20150802_121847_cell_45.png,Uninfected,133,112,RGB,0,0,0,0.011305324,False,14896,Q2,0.98869467,0.9-1.0
/kaggle/input/cell-images-for-detecting-malaria/cell_images/Uninfected/C132P93ThinF_IMG_20151004_152257_cell_87.png,Uninfected,124,124,RGB,0,0,0,0.0024306872,False,15376,Q2,0.9975693,0.9-1.0
/kaggle/input/cell-images-for-detecting-malaria/cell_images/Uninfected/C125P86ThinF_IMG_20151004_102013_cell_45.png,Uninfected,151,163,RGB,0,0,0,0.0031503278,False,24613,Q4 (largest),0.99684966,0.9-1.0
/kaggle/input/cell-images-for-detecting-malaria/cell_images/Uninfected/C212ThinF_IMG_20151106_110230_cell_48.png,Uninfected,127,118,RGB,0,0,0,0.0005560298,False,14986,Q2,0.99944395,0.9-1.0
/kaggle/input/cell-images-for-detecting-malaria/cell_images/Parasitized/C48P9thinF_IMG_20150721_161055_cell_200.png,Parasitized,160,151,RGB,1,1,1,0.8364385,False,24160,Q4 (largest),0.8364385,0.8-0.9
/kaggle/input/cell-images-for-detecting-malaria/cell_images/Uninfected/C5NThinF_IMG_20150609_122108_cell_175.png,Uninfected,112,136,RGB,0,0,0,0.0002714733,False,15232,Q2,0.9997285,0.9-1.0
/kaggle/input/cell-images-for-detecting-malaria/cell_images/Uninfected/C207ThinF_IMG_20151029_144033_cell_148.png,Uninfected,118,118,RGB,0,0,0,0.00034389304,False,13924,Q1 (smallest),0.9996561,0.9-1.0
/kaggle/input/cell-images-for-detecting-malaria/cell_images/Uninfected/C209ThinF_IMG_20151029_160857_cell_219.png,Uninfected,121,154,RGB,0,0,0,0.001436291,False,18634,Q3,0.9985637,0.9-1.0
/kaggle/input/cell-images-for-detecting-malaria/cell_images/Uninfected/C231ThinF_IMG_20151112_153246_cell_134.png,Uninfected,124,88,RGB,0,0,1,0.5337588,True,10912,Q1 (smallest),0.5337588,0.5-0.6
/kaggle/input/cell-images-for-detecting-malaria/cell_images/Uninfected/C76P37ThinF_IMG_20150815_171454_cell_92.png,Uninfected,130,130,RGB,0,0,0,0.003048439,False,16900,Q2,0.9969516,0.9-1.0
/kaggle/input/cell-images-for-detecting-malaria/cell_images/Parasitized/C183P144NThinF_IMG_20151201_224107_cell_122.png,Parasitized,133,145,RGB,1,1,1,0.9999994,False,19285,Q3,0.9999994,0.9-1.0
/kaggle/input/cell-images-for-detecting-malaria/cell_images/Uninfected/C128P89ThinF_IMG_20151004_130810_cell_115.png,Uninfected,139,148,RGB,0,0,1,0.5536773,True,20572,Q4 (largest),0.5536773,0.5-0.6
/kaggle/input/cell-images-for-detecting-malaria/cell_images/Parasitized/C184P145ThinF_IMG_20151203_102405_cell_160.png,Parasitized,136,130,RGB,1,1,1,0.9999621,False,17680,Q3,0.9999621,0.9-1.0
/kaggle/input/cell-images-for-detecting-malaria/cell_images/Parasitized/C99P60ThinF_IMG_20150918_141314_cell_111.png,Parasitized,184,157,RGB,1,1,1,0.9979765,False,28888,Q4 (largest),0.9979765,0.9-1.0
/kaggle/input/cell-images-for-detecting-malaria/cell_images/Parasitized/C59P20thinF_IMG_20150803_111333_cell_153.png,Parasitized,124,130,RGB,1,1,1,0.9999255,False,16120,Q2,0.9999255,0.9-1.0
/kaggle/input/cell-images-for-detecting-malaria/cell_images/Parasitized/C182P143NThinF_IMG_20151201_171950_cell_189.png,Parasitized,121,103,RGB,1,1,1,0.98849386,False,12463,Q1 (smallest),0.98849386,0.9-1.0
/kaggle/input/cell-images-for-detecting-malaria/cell_images/Uninfected/C229ThinF_IMG_20151112_144222_cell_61.png,Uninfected,139,133,RGB,0,0,0,0.000508344,False,18487,Q3,0.99949163,0.9-1.0
/kaggle/input/cell-images-for-detecting-malaria/cell_images/Uninfected/C4thin_original_IMG_20150608_165620_cell_194.png,Uninfected,136,130,RGB,0,0,0,0.005442908,False,17680,Q3,0.9945571,0.9-1.0
/kaggle/input/cell-images-for-detecting-malaria/cell_images/Parasitized/C132P93ThinF_IMG_20151004_152045_cell_166.png,Parasitized,121,145,RGB,1,1,1,0.99999917,False,17545,Q3,0.99999917,0.9-1.0
/kaggle/input/cell-images-for-detecting-malaria/cell_images/Parasitized/C182P143NThinF_IMG_20151201_171836_cell_176.png,Parasitized,109,97,RGB,1,1,1,0.7315851,False,10573,Q1 (smallest),0.7315851,0.7-0.8
/kaggle/input/cell-images-for-detecting-malaria/cell_images/Parasitized/C133P94ThinF_IMG_20151004_154717_cell_134.png,Parasitized,142,130,RGB,1,1,1,0.99991596,False,18460,Q3,0.99991596,0.9-1.0
/kaggle/input/cell-images-for-detecting-malaria/cell_images/Parasitized/C123P84ThinF_IMG_20151002_152144_cell_190.png,Parasitized,121,121,RGB,1,1,1,0.99928236,False,14641,Q1 (smallest),0.99928236,0.9-1.0
/kaggle/input/cell-images-for-detecting-malaria/cell_images/Parasitized/C133P94ThinF_IMG_20151004_155721_cell_109.png,Parasitized,130,175,RGB,1,1,1,0.80024844,False,22750,Q4 (largest),0.80024844,0.8-0.9
/kaggle/input/cell-images-for-detecting-malaria/cell_images/Uninfected/C140P101ThinF_IMG_20151005_205406_cell_51.png,Uninfected,130,124,RGB,0,0,0,0.0004827947,False,16120,Q2,0.9995172,0.9-1.0
/kaggle/input/cell-images-for-detecting-malaria/cell_images/Parasitized/C189P150ThinF_IMG_20151203_141308_cell_73.png,Parasitized,103,118,RGB,1,1,0,0.17659797,True,12154,Q1 (smallest),0.82340205,0.8-0.9
/kaggle/input/cell-images-for-detecting-malaria/cell_images/Uninfected/C175P136NThinF_IMG_20151127_141325_cell_168.png,Uninfected,112,157,RGB,0,0,0,0.0034592145,False,17584,Q3,0.9965408,0.9-1.0
/kaggle/input/cell-images-for-detecting-malaria/cell_images/Parasitized/C166P127ThinF_IMG_20151117_193931_cell_208.png,Parasitized,118,127,RGB,1,1,1,0.9991291,False,14986,Q2,0.9991291,0.9-1.0
/kaggle/input/cell-images-for-detecting-malaria/cell_images/Uninfected/C52P13thinF_IMG_20150725_124830_cell_168.png,Uninfected,130,130,RGB,0,0,0,0.004694418,False,16900,Q2,0.9953056,0.9-1.0
/kaggle/input/cell-images-for-detecting-malaria/cell_images/Parasitized/C46P7ThinF_IMG_20151130_210938_cell_160.png,Parasitized,106,109,RGB,1,1,1,0.9653814,False,11554,Q1 (smallest),0.9653814,0.9-1.0
/kaggle/input/cell-images-for-detecting-malaria/cell_images/Parasitized/C189P150ThinF_IMG_20151203_141809_cell_89.png,Parasitized,118,115,RGB,1,1,1,0.9999367,False,13570,Q1 (smallest),0.9999367,0.9-1.0
/kaggle/input/cell-images-for-detecting-malaria/cell_images/Parasitized/C183P144NThinF_IMG_20151201_223208_cell_113.png,Parasitized,136,145,RGB,1,1,1,0.777138,False,19720,Q3,0.777138,0.7-0.8
/kaggle/input/cell-images-for-detecting-malaria/cell_images/Parasitized/C166P127ThinF_IMG_20151117_194410_cell_193.png,Parasitized,136,124,RGB,1,1,1,0.9948205,False,16864,Q2,0.9948205,0.9-1.0
/kaggle/input/cell-images-for-detecting-malaria/cell_images/Uninfected/C218ThinF_IMG_20151106_144143_cell_30.png,Uninfected,142,100,RGB,0,0,0,0.0008017864,False,14200,Q1 (smallest),0.9991982,0.9-1.0
/kaggle/input/cell-images-for-detecting-malaria/cell_images/Parasitized/C116P77ThinF_IMG_20150930_171558_cell_112.png,Parasitized,103,136,RGB,1,1,1,0.9932336,False,14008,Q1 (smallest),0.9932336,0.9-1.0
/kaggle/input/cell-images-for-detecting-malaria/cell_images/Uninfected/C63P24N_ThinF_IMG_20150818_143544_cell_159.png,Uninfected,154,142,RGB,0,0,0,0.0015931308,False,21868,Q4 (largest),0.9984069,0.9-1.0
/kaggle/input/cell-images-for-detecting-malaria/cell_images/Parasitized/C133P94ThinF_IMG_20151004_154512_cell_132.png,Parasitized,112,136,RGB,1,1,1,0.998243,False,15232,Q2,0.998243,0.9-1.0
/kaggle/input/cell-images-for-detecting-malaria/cell_images/Parasitized/C116P77ThinF_IMG_20150930_171558_cell_105.png,Parasitized,127,133,RGB,1,1,1,0.83749676,False,16891,Q2,0.83749676,0.8-0.9
/kaggle/input/cell-images-for-detecting-malaria/cell_images/Uninfected/C152P113ThinF_IMG_20151115_124217_cell_32.png,Uninfected,127,142,RGB,0,0,0,0.011925789,False,18034,Q3,0.9880742,0.9-1.0
/kaggle/input/cell-images-for-detecting-malaria/cell_images/Uninfected/C109P70ThinF_IMG_20150930_102944_cell_127.png,Uninfected,136,142,RGB,0,0,0,0.0016327169,False,19312,Q3,0.9983673,0.9-1.0
/kaggle/input/cell-images-for-detecting-malaria/cell_images/Uninfected/C95P56ThinF_IMG_20150821_171631_cell_31.png,Uninfected,142,133,RGB,0,0,0,0.00077334885,False,18886,Q3,0.9992266,0.9-1.0
/kaggle/input/cell-images-for-detecting-malaria/cell_images/Uninfected/C158P119ThinF_IMG_20151115_181859_cell_12.png,Uninfected,109,136,RGB,0,0,0,0.013002792,False,14824,Q1 (smallest),0.9869972,0.9-1.0
/kaggle/input/cell-images-for-detecting-malaria/cell_images/Parasitized/C119P80ThinF_IMG_20151002_124345_cell_151.png,Parasitized,115,136,RGB,1,1,1,0.75390285,False,15640,Q2,0.75390285,0.7-0.8
/kaggle/input/cell-images-for-detecting-malaria/cell_images/Uninfected/C223ThinF_IMG_20151112_104240_cell_169.png,Uninfected,136,124,RGB,0,0,0,0.00052805414,False,16864,Q2,0.99947196,0.9-1.0
/kaggle/input/cell-images-for-detecting-malaria/cell_images/Parasitized/C84P45ThinF_IMG_20150818_101257_cell_86.png,Parasitized,124,139,RGB,1,1,1,0.99846536,False,17236,Q2,0.99846536,0.9-1.0
/kaggle/input/cell-images-for-detecting-malaria/cell_images/Parasitized/C39P4thinF_original_IMG_20150622_110435_cell_119.png,Parasitized,133,130,RGB,1,1,1,0.99107206,False,17290,Q2,0.99107206,0.9-1.0
/kaggle/input/cell-images-for-detecting-malaria/cell_images/Parasitized/C183P144NThinF_IMG_20151201_223208_cell_109.png,Parasitized,103,106,RGB,1,1,1,0.99858487,False,10918,Q1 (smallest),0.99858487,0.9-1.0
/kaggle/input/cell-images-for-detecting-malaria/cell_images/Uninfected/C122P83ThinF_IMG_20151002_150207_cell_130.png,Uninfected,130,115,RGB,0,0,0,0.005220539,False,14950,Q2,0.99477947,0.9-1.0
/kaggle/input/cell-images-for-detecting-malaria/cell_images/Uninfected/C37BP2_thinF_IMG_20150620_133001a_cell_68.png,Uninfected,175,142,RGB,0,0,1,0.90326434,True,24850,Q4 (largest),0.90326434,0.9-1.0
/kaggle/input/cell-images-for-detecting-malaria/cell_images/Uninfected/C66P27N_ThinF_IMG_20150818_163419_cell_36.png,Uninfected,124,115,RGB,0,0,0,0.0048224186,False,14260,Q1 (smallest),0.99517757,0.9-1.0
/kaggle/input/cell-images-for-detecting-malaria/cell_images/Uninfected/C59P20thinF_IMG_20150803_112858_cell_49.png,Uninfected,121,124,RGB,0,0,0,0.09079467,False,15004,Q2,0.9092053,0.9-1.0
/kaggle/input/cell-images-for-detecting-malaria/cell_images/Uninfected/C63P24N_ThinF_IMG_20150818_143423_cell_104.png,Uninfected,121,106,RGB,0,0,0,0.004405079,False,12826,Q1 (smallest),0.9955949,0.9-1.0
/kaggle/input/cell-images-for-detecting-malaria/cell_images/Uninfected/C52P13thinF_IMG_20150725_123938_cell_137.png,Uninfected,121,136,RGB,0,0,0,0.0050948975,False,16456,Q2,0.9949051,0.9-1.0
/kaggle/input/cell-images-for-detecting-malaria/cell_images/Uninfected/C103P64ThinF_IMG_20150918_165125_cell_12.png,Uninfected,127,166,RGB,0,0,0,0.004698292,False,21082,Q4 (largest),0.9953017,0.9-1.0
/kaggle/input/cell-images-for-detecting-malaria/cell_images/Parasitized/C172P133ThinF_IMG_20151119_155019_cell_245.png,Parasitized,133,154,RGB,1,1,1,0.9986688,False,20482,Q4 (largest),0.9986688,0.9-1.0
/kaggle/input/cell-images-for-detecting-malaria/cell_images/Parasitized/C129P90ThinF_IMG_20151004_133329_cell_107.png,Parasitized,148,145,RGB,1,1,1,0.99248207,False,21460,Q4 (largest),0.99248207,0.9-1.0
/kaggle/input/cell-images-for-detecting-malaria/cell_images/Uninfected/C71P32_ThinF_IMG_20150813_161634_cell_66.png,Uninfected,166,178,RGB,0,0,0,0.10899769,False,29548,Q4 (largest),0.8910023,0.8-0.9
/kaggle/input/cell-images-for-detecting-malaria/cell_images/Uninfected/C99P60ThinF_IMG_20150918_141314_cell_77.png,Uninfected,151,148,RGB,0,0,1,0.8125784,True,22348,Q4 (largest),0.8125784,0.8-0.9
/kaggle/input/cell-images-for-detecting-malaria/cell_images/Uninfected/C145P106ThinF_IMG_20151016_154719_cell_124.png,Uninfected,115,127,RGB,0,0,0,0.053296033,False,14605,Q1 (smallest),0.946704,0.9-1.0
/kaggle/input/cell-images-for-detecting-malaria/cell_images/Uninfected/C76P37ThinF_IMG_20150815_173019_cell_145.png,Uninfected,124,130,RGB,0,0,0,0.0011750618,False,16120,Q2,0.99882495,0.9-1.0
/kaggle/input/cell-images-for-detecting-malaria/cell_images/Uninfected/C188P149ThinF_IMG_20151203_135433_cell_20.png,Uninfected,124,139,RGB,0,0,0,0.0005973115,False,17236,Q2,0.9994027,0.9-1.0
/kaggle/input/cell-images-for-detecting-malaria/cell_images/Uninfected/C220ThinF_IMG_20151106_154510_cell_28.png,Uninfected,133,136,RGB,0,0,0,0.00055445405,False,18088,Q3,0.99944556,0.9-1.0
/kaggle/input/cell-images-for-detecting-malaria/cell_images/Parasitized/C146P107ThinF_IMG_20151018_140439_cell_285.png,Parasitized,142,145,RGB,1,1,1,0.95446616,False,20590,Q4 (largest),0.95446616,0.9-1.0
/kaggle/input/cell-images-for-detecting-malaria/cell_images/Parasitized/C84P45ThinF_IMG_20150818_102507_cell_91.png,Parasitized,130,118,RGB,1,1,1,0.997491,False,15340,Q2,0.997491,0.9-1.0
/kaggle/input/cell-images-for-detecting-malaria/cell_images/Parasitized/C60P21thinF_IMG_20150804_105034_cell_123.png,Parasitized,112,136,RGB,1,1,1,0.9768489,False,15232,Q2,0.9768489,0.9-1.0
/kaggle/input/cell-images-for-detecting-malaria/cell_images/Parasitized/C81P42ThinF_IMG_20150817_120712_cell_162.png,Parasitized,115,130,RGB,1,1,1,0.99993753,False,14950,Q2,0.99993753,0.9-1.0
/kaggle/input/cell-images-for-detecting-malaria/cell_images/Parasitized/C185P146ThinF_IMG_20151203_110933_cell_232.png,Parasitized,139,127,RGB,1,1,1,0.9914858,False,17653,Q3,0.9914858,0.9-1.0
/kaggle/input/cell-images-for-detecting-malaria/cell_images/Uninfected/C58P19thinF_IMG_20150802_123134_cell_157.png,Uninfected,139,160,RGB,0,0,0,0.0026978513,False,22240,Q4 (largest),0.9973022,0.9-1.0
/kaggle/input/cell-images-for-detecting-malaria/cell_images/Parasitized/C97P58ThinF_IMG_20150917_145555_cell_177.png,Parasitized,142,136,RGB,1,1,1,0.9983008,False,19312,Q3,0.9983008,0.9-1.0
/kaggle/input/cell-images-for-detecting-malaria/cell_images/Parasitized/C45P6ThinF_IMG_20151130_160241_cell_208.png,Parasitized,136,172,RGB,1,1,1,0.99349856,False,23392,Q4 (largest),0.99349856,0.9-1.0
/kaggle/input/cell-images-for-detecting-malaria/cell_images/Parasitized/C183P144NThinF_IMG_20151201_223431_cell_107.png,Parasitized,115,112,RGB,1,1,1,0.98005426,False,12880,Q1 (smallest),0.98005426,0.9-1.0
/kaggle/input/cell-images-for-detecting-malaria/cell_images/Parasitized/C132P93ThinF_IMG_20151004_151701_cell_164.png,Parasitized,121,127,RGB,1,1,1,0.99763334,False,15367,Q2,0.99763334,0.9-1.0
/kaggle/input/cell-images-for-detecting-malaria/cell_images/Parasitized/C116P77ThinF_IMG_20150930_171954_cell_92.png,Parasitized,115,127,RGB,1,1,1,0.99845004,False,14605,Q1 (smallest),0.99845004,0.9-1.0
/kaggle/input/cell-images-for-detecting-malaria/cell_images/Uninfected/C124P85ThinF_IMG_20151002_154808_cell_77.png,Uninfected,136,145,RGB,0,0,0,0.029483119,False,19720,Q3,0.97051686,0.9-1.0
/kaggle/input/cell-images-for-detecting-malaria/cell_images/Parasitized/C56P17thinF_IMG_20150728_153328_cell_106.png,Parasitized,148,136,RGB,1,1,1,0.9779572,False,20128,Q3,0.9779572,0.9-1.0
/kaggle/input/cell-images-for-detecting-malaria/cell_images/Parasitized/C116P77ThinF_IMG_20150930_171558_cell_118.png,Parasitized,145,133,RGB,1,1,1,0.99998045,False,19285,Q3,0.99998045,0.9-1.0
/kaggle/input/cell-images-for-detecting-malaria/cell_images/Parasitized/C91P52ThinF_IMG_20150821_124311_cell_32.png,Parasitized,211,262,RGB,1,1,1,0.9080636,False,55282,Q4 (largest),0.9080636,0.9-1.0
/kaggle/input/cell-images-for-detecting-malaria/cell_images/Parasitized/C37BP2_thinF_IMG_20150620_131423a_cell_94.png,Parasitized,154,148,RGB,1,1,1,0.50807595,False,22792,Q4 (largest),0.50807595,0.5-0.6
/kaggle/input/cell-images-for-detecting-malaria/cell_images/Parasitized/C63P24N_ThinF_IMG_20150818_143319_cell_162.png,Parasitized,145,160,RGB,1,1,1,0.99999166,False,23200,Q4 (largest),0.99999166,0.9-1.0
/kaggle/input/cell-images-for-detecting-malaria/cell_images/Parasitized/C175P136NThinF_IMG_20151127_142009_cell_239.png,Parasitized,154,145,RGB,1,1,1,0.7959054,False,22330,Q4 (largest),0.7959054,0.7-0.8
/kaggle/input/cell-images-for-detecting-malaria/cell_images/Uninfected/C95P56ThinF_IMG_20150821_171701_cell_90.png,Uninfected,109,109,RGB,0,0,0,0.07344337,False,11881,Q1 (smallest),0.92655665,0.9-1.0
/kaggle/input/cell-images-for-detecting-malaria/cell_images/Parasitized/C132P93ThinF_IMG_20151004_152045_cell_128.png,Parasitized,118,148,RGB,1,1,1,0.9967753,False,17464,Q3,0.9967753,0.9-1.0
/kaggle/input/cell-images-for-detecting-malaria/cell_images/Parasitized/C39P4thinF_original_IMG_20150622_113842_cell_15.png,Parasitized,118,151,RGB,1,1,1,0.99628603,False,17818,Q3,0.99628603,0.9-1.0
/kaggle/input/cell-images-for-detecting-malaria/cell_images/Uninfected/C240ThinF_IMG_20151127_115545_cell_28.png,Uninfected,97,106,RGB,0,0,0,0.0042062565,False,10282,Q1 (smallest),0.99579376,0.9-1.0
/kaggle/input/cell-images-for-detecting-malaria/cell_images/Parasitized/C133P94ThinF_IMG_20151004_155912_cell_7.png,Parasitized,181,124,RGB,1,1,1,0.9967542,False,22444,Q4 (largest),0.9967542,0.9-1.0
/kaggle/input/cell-images-for-detecting-malaria/cell_images/Uninfected/C142P103ThinF_IMG_20151005_221115_cell_29.png,Uninfected,127,118,RGB,0,0,0,0.0013393462,False,14986,Q2,0.9986607,0.9-1.0
/kaggle/input/cell-images-for-detecting-malaria/cell_images/Parasitized/C73P34_ThinF_IMG_20150815_111653_cell_180.png,Parasitized,145,115,RGB,1,1,0,0.16346203,True,16675,Q2,0.83653796,0.8-0.9
/kaggle/input/cell-images-for-detecting-malaria/cell_images/Parasitized/C131P92ThinF_IMG_20151004_151126_cell_125.png,Parasitized,124,142,RGB,1,1,1,0.99909365,False,17608,Q3,0.99909365,0.9-1.0
/kaggle/input/cell-images-for-detecting-malaria/cell_images/Parasitized/C113P74ThinF_IMG_20150930_134429_cell_179.png,Parasitized,148,178,RGB,1,1,1,0.98773265,False,26344,Q4 (largest),0.98773265,0.9-1.0
/kaggle/input/cell-images-for-detecting-malaria/cell_images/Uninfected/C202ThinF_IMG_20151015_152200_cell_133.png,Uninfected,127,130,RGB,0,0,0,0.042586513,False,16510,Q2,0.9574135,0.9-1.0
/kaggle/input/cell-images-for-detecting-malaria/cell_images/Uninfected/C78P39ThinF_IMG_20150606_103413_cell_116.png,Uninfected,133,139,RGB,0,0,0,0.0077000177,False,18487,Q3,0.9923,0.9-1.0
/kaggle/input/cell-images-for-detecting-malaria/cell_images/Parasitized/C48P9thinF_IMG_20150721_164304_cell_28.png,Parasitized,157,148,RGB,1,1,1,0.9739895,False,23236,Q4 (largest),0.9739895,0.9-1.0
/kaggle/input/cell-images-for-detecting-malaria/cell_images/Uninfected/C80P41ThinF_IMG_20150817_110608_cell_50.png,Uninfected,91,124,RGB,0,0,0,0.17259501,False,11284,Q1 (smallest),0.827405,0.8-0.9
/kaggle/input/cell-images-for-detecting-malaria/cell_images/Uninfected/C1_thinF_IMG_20150604_105100_cell_277.png,Uninfected,133,115,RGB,0,0,0,0.0055433866,False,15295,Q2,0.9944566,0.9-1.0
/kaggle/input/cell-images-for-detecting-malaria/cell_images/Uninfected/C91P52ThinF_IMG_20150821_124937_cell_171.png,Uninfected,208,172,RGB,0,0,1,0.67871374,True,35776,Q4 (largest),0.67871374,0.6-0.7
/kaggle/input/cell-images-for-detecting-malaria/cell_images/Parasitized/C129P90ThinF_IMG_20151004_134636_cell_29.png,Parasitized,148,142,RGB,1,1,1,0.95858717,False,21016,Q4 (largest),0.95858717,0.9-1.0
/kaggle/input/cell-images-for-detecting-malaria/cell_images/Uninfected/C37BP2_thinF_IMG_20150620_133205a_cell_18.png,Uninfected,127,136,RGB,0,0,0,0.0019714104,False,17272,Q2,0.9980286,0.9-1.0
/kaggle/input/cell-images-for-detecting-malaria/cell_images/Uninfected/C121P82ThinF_IMG_20151002_133001_cell_21.png,Uninfected,109,115,RGB,0,0,0,0.0034036296,False,12535,Q1 (smallest),0.9965964,0.9-1.0
/kaggle/input/cell-images-for-detecting-malaria/cell_images/Uninfected/C57P18thinF_IMG_20150729_110134_cell_203.png,Uninfected,136,148,RGB,0,0,0,0.0016603621,False,20128,Q3,0.99833965,0.9-1.0
/kaggle/input/cell-images-for-detecting-malaria/cell_images/Parasitized/C118P79ThinF_IMG_20151002_110609_cell_7.png,Parasitized,139,163,RGB,1,1,1,0.9999789,False,22657,Q4 (largest),0.9999789,0.9-1.0
/kaggle/input/cell-images-for-detecting-malaria/cell_images/Parasitized/C180P141NThinF_IMG_20151201_170021_cell_7.png,Parasitized,127,133,RGB,1,1,1,0.92469525,False,16891,Q2,0.92469525,0.9-1.0
/kaggle/input/cell-images-for-detecting-malaria/cell_images/Parasitized/C182P143NThinF_IMG_20151201_172057_cell_147.png,Parasitized,106,130,RGB,1,1,1,0.92141455,False,13780,Q1 (smallest),0.92141455,0.9-1.0
/kaggle/input/cell-images-for-detecting-malaria/cell_images/Parasitized/C80P41ThinF_IMG_20150817_110608_cell_155.png,Parasitized,124,121,RGB,1,1,1,0.9975489,False,15004,Q2,0.9975489,0.9-1.0
/kaggle/input/cell-images-for-detecting-malaria/cell_images/Uninfected/C124P85ThinF_IMG_20151002_153825_cell_27.png,Uninfected,139,118,RGB,0,0,0,0.0035828906,False,16402,Q2,0.9964171,0.9-1.0
/kaggle/input/cell-images-for-detecting-malaria/cell_images/Uninfected/C2NThinF_IMG_20150604_114815_cell_95.png,Uninfected,133,118,RGB,0,0,0,0.015703443,False,15694,Q2,0.98429656,0.9-1.0
/kaggle/input/cell-images-for-detecting-malaria/cell_images/Uninfected/C211ThinF_IMG_20151029_164033_cell_199.png,Uninfected,157,133,RGB,0,0,0,0.00037625502,False,20881,Q4 (largest),0.9996237,0.9-1.0
/kaggle/input/cell-images-for-detecting-malaria/cell_images/Parasitized/C167P128ReThinF_IMG_20151201_105707_cell_239.png,Parasitized,151,133,RGB,1,1,1,0.7356397,False,20083,Q3,0.7356397,0.7-0.8
/kaggle/input/cell-images-for-detecting-malaria/cell_images/Parasitized/C144P105ThinF_IMG_20151015_155149_cell_303.png,Parasitized,151,142,RGB,1,1,1,0.98411244,False,21442,Q4 (largest),0.98411244,0.9-1.0
/kaggle/input/cell-images-for-detecting-malaria/cell_images/Uninfected/C71P32_ThinF_IMG_20150813_162016_cell_209.png,Uninfected,145,145,RGB,0,0,0,0.021889653,False,21025,Q4 (largest),0.9781104,0.9-1.0
/kaggle/input/cell-images-for-detecting-malaria/cell_images/Parasitized/C167P128ReThinF_IMG_20151201_105707_cell_238.png,Parasitized,142,142,RGB,1,1,1,0.94149727,False,20164,Q4 (largest),0.94149727,0.9-1.0
/kaggle/input/cell-images-for-detecting-malaria/cell_images/Parasitized/C70P31_ThinF_IMG_20150819_142744_cell_102.png,Parasitized,115,112,RGB,1,1,1,0.9997389,False,12880,Q1 (smallest),0.9997389,0.9-1.0
/kaggle/input/cell-images-for-detecting-malaria/cell_images/Uninfected/C233ThinF_IMG_20151112_161024_cell_8.png,Uninfected,133,127,RGB,0,0,0,0.001733254,False,16891,Q2,0.99826676,0.9-1.0
/kaggle/input/cell-images-for-detecting-malaria/cell_images/Uninfected/C84P45ThinF_IMG_20150818_101550_cell_82.png,Uninfected,121,100,RGB,0,0,0,0.0008819279,False,12100,Q1 (smallest),0.9991181,0.9-1.0
/kaggle/input/cell-images-for-detecting-malaria/cell_images/Uninfected/C63P24N_ThinF_IMG_20150818_143423_cell_33.png,Uninfected,100,103,RGB,0,0,0,0.0011544862,False,10300,Q1 (smallest),0.9988455,0.9-1.0
/kaggle/input/cell-images-for-detecting-malaria/cell_images/Parasitized/C98P59ThinF_IMG_20150917_153311_cell_159.png,Parasitized,148,169,RGB,1,1,1,0.7664898,False,25012,Q4 (largest),0.7664898,0.7-0.8
/kaggle/input/cell-images-for-detecting-malaria/cell_images/Parasitized/C70P31_ThinF_IMG_20150819_142703_cell_5.png,Parasitized,127,169,RGB,1,1,1,0.9767879,False,21463,Q4 (largest),0.9767879,0.9-1.0
/kaggle/input/cell-images-for-detecting-malaria/cell_images/Uninfected/C82P43ThinF_IMG_20150817_124418_cell_48.png,Uninfected,109,112,RGB,0,0,0,0.0024180412,False,12208,Q1 (smallest),0.99758196,0.9-1.0
/kaggle/input/cell-images-for-detecting-malaria/cell_images/Parasitized/C163P124ThinF_IMG_20151116_111350_cell_2.png,Parasitized,124,139,RGB,1,1,1,0.99751943,False,17236,Q2,0.99751943,0.9-1.0
/kaggle/input/cell-images-for-detecting-malaria/cell_images/Uninfected/C185P146ThinF_IMG_20151203_110817_cell_53.png,Uninfected,124,109,RGB,0,0,0,0.016670097,False,13516,Q1 (smallest),0.9833299,0.9-1.0
/kaggle/input/cell-images-for-detecting-malaria/cell_images/Parasitized/C182P143NThinF_IMG_20151201_172057_cell_162.png,Parasitized,124,115,RGB,1,1,1,0.9886156,False,14260,Q1 (smallest),0.9886156,0.9-1.0
/kaggle/input/cell-images-for-detecting-malaria/cell_images/Uninfected/C175P136NThinF_IMG_20151127_141253_cell_73.png,Uninfected,133,133,RGB,0,0,0,0.000541108,False,17689,Q3,0.9994589,0.9-1.0
/kaggle/input/cell-images-for-detecting-malaria/cell_images/Uninfected/C3thin_original_IMG_20150608_163002_cell_88.png,Uninfected,109,145,RGB,0,0,0,0.00082867814,False,15805,Q2,0.9991713,0.9-1.0
/kaggle/input/cell-images-for-detecting-malaria/cell_images/Parasitized/C188P149ThinF_IMG_20151203_134419_cell_195.png,Parasitized,148,118,RGB,1,1,1,0.8941016,False,17464,Q3,0.8941016,0.8-0.9
/kaggle/input/cell-images-for-detecting-malaria/cell_images/Uninfected/C226ThinF_IMG_20151112_131731_cell_89.png,Uninfected,136,124,RGB,0,0,0,0.0042148037,False,16864,Q2,0.9957852,0.9-1.0
/kaggle/input/cell-images-for-detecting-malaria/cell_images/Parasitized/C172P133ThinF_IMG_20151119_155019_cell_238.png,Parasitized,130,142,RGB,1,1,1,0.9998342,False,18460,Q3,0.9998342,0.9-1.0
/kaggle/input/cell-images-for-detecting-malaria/cell_images/Uninfected/C116P77ThinF_IMG_20150930_172112_cell_44.png,Uninfected,127,127,RGB,0,0,0,0.15156545,False,16129,Q2,0.84843457,0.8-0.9
/kaggle/input/cell-images-for-detecting-malaria/cell_images/Parasitized/C75P36_ThinF_IMG_20150815_163059_cell_158.png,Parasitized,151,136,RGB,1,1,1,0.7119244,False,20536,Q4 (largest),0.7119244,0.7-0.8
/kaggle/input/cell-images-for-detecting-malaria/cell_images/Parasitized/C128P89ThinF_IMG_20151004_131231_cell_156.png,Parasitized,139,154,RGB,1,1,1,0.9999578,False,21406,Q4 (largest),0.9999578,0.9-1.0
/kaggle/input/cell-images-for-detecting-malaria/cell_images/Parasitized/C128P89ThinF_IMG_20151004_130810_cell_145.png,Parasitized,163,142,RGB,1,1,1,0.99923396,False,23146,Q4 (largest),0.99923396,0.9-1.0
/kaggle/input/cell-images-for-detecting-malaria/cell_images/Uninfected/C230ThinF_IMG_20151112_150647_cell_158.png,Uninfected,130,130,RGB,0,0,0,0.0005645275,False,16900,Q2,0.9994355,0.9-1.0
/kaggle/input/cell-images-for-detecting-malaria/cell_images/Parasitized/C99P60ThinF_IMG_20150918_141314_cell_114.png,Parasitized,124,127,RGB,1,1,1,0.98595446,False,15748,Q2,0.98595446,0.9-1.0
/kaggle/input/cell-images-for-detecting-malaria/cell_images/Uninfected/C231ThinF_IMG_20151112_153041_cell_35.png,Uninfected,136,145,RGB,0,0,0,0.005824969,False,19720,Q3,0.994175,0.9-1.0
/kaggle/input/cell-images-for-detecting-malaria/cell_images/Parasitized/C81P42ThinF_IMG_20150817_121113_cell_181.png,Parasitized,136,154,RGB,1,1,1,0.99994826,False,20944,Q4 (largest),0.99994826,0.9-1.0
/kaggle/input/cell-images-for-detecting-malaria/cell_images/Parasitized/C59P20thinF_IMG_20150803_113051_cell_151.png,Parasitized,136,133,RGB,1,1,1,0.99822074,False,18088,Q3,0.99822074,0.9-1.0
/kaggle/input/cell-images-for-detecting-malaria/cell_images/Parasitized/C78P39ThinF_IMG_20150606_103459_cell_170.png,Parasitized,76,88,RGB,1,1,1,0.96701336,False,6688,Q1 (smallest),0.96701336,0.9-1.0
/kaggle/input/cell-images-for-detecting-malaria/cell_images/Uninfected/C236ThinF_IMG_20151127_102546_cell_134.png,Uninfected,127,130,RGB,0,0,0,0.00027021265,False,16510,Q2,0.9997298,0.9-1.0
/kaggle/input/cell-images-for-detecting-malaria/cell_images/Uninfected/C37BP2_thinF_IMG_20150620_133111a_cell_64.png,Uninfected,145,139,RGB,0,0,0,0.00020371424,False,20155,Q3,0.9997963,0.9-1.0
/kaggle/input/cell-images-for-detecting-malaria/cell_images/Uninfected/C106P67ThinF_IMG_20150924_103636_cell_162.png,Uninfected,154,130,RGB,0,0,0,0.0041078203,False,20020,Q3,0.99589217,0.9-1.0
/kaggle/input/cell-images-for-detecting-malaria/cell_images/Uninfected/C95P56ThinF_IMG_20150821_172607_cell_68.png,Uninfected,109,109,RGB,0,0,0,0.0009002052,False,11881,Q1 (smallest),0.9990998,0.9-1.0
/kaggle/input/cell-images-for-detecting-malaria/cell_images/Uninfected/C101P62ThinF_IMG_20150923_170246_cell_19.png,Uninfected,115,154,RGB,0,0,0,0.20152514,False,17710,Q3,0.79847485,0.7-0.8
/kaggle/input/cell-images-for-detecting-malaria/cell_images/Uninfected/C102P63ThinF_IMG_20150918_162511_cell_131.png,Uninfected,112,136,RGB,0,0,0,0.122563146,False,15232,Q2,0.8774369,0.8-0.9
/kaggle/input/cell-images-for-detecting-malaria/cell_images/Parasitized/C171P132ThinF_IMG_20151119_153425_cell_240.png,Parasitized,100,106,RGB,1,1,1,0.988596,False,10600,Q1 (smallest),0.988596,0.9-1.0
/kaggle/input/cell-images-for-detecting-malaria/cell_images/Uninfected/C115P76ThinF_IMG_20150930_162038_cell_62.png,Uninfected,148,121,RGB,0,0,0,0.011066699,False,17908,Q3,0.9889333,0.9-1.0
/kaggle/input/cell-images-for-detecting-malaria/cell_images/Parasitized/C136P97ThinF_IMG_20151005_142437_cell_125.png,Parasitized,112,106,RGB,1,1,1,0.999332,False,11872,Q1 (smallest),0.999332,0.9-1.0
/kaggle/input/cell-images-for-detecting-malaria/cell_images/Uninfected/C237ThinF_IMG_20151127_104748_cell_18.png,Uninfected,145,139,RGB,0,0,0,0.00031768894,False,20155,Q3,0.9996823,0.9-1.0
/kaggle/input/cell-images-for-detecting-malaria/cell_images/Uninfected/C171P132ThinF_IMG_20151119_153150_cell_142.png,Uninfected,142,133,RGB,0,0,0,0.0044132886,False,18886,Q3,0.9955867,0.9-1.0
/kaggle/input/cell-images-for-detecting-malaria/cell_images/Uninfected/C85P46ThinF_IMG_20150820_105748_cell_79.png,Uninfected,157,115,RGB,0,0,0,0.018888734,False,18055,Q3,0.9811113,0.9-1.0
/kaggle/input/cell-images-for-detecting-malaria/cell_images/Uninfected/C225ThinF_IMG_20151112_113915_cell_58.png,Uninfected,145,145,RGB,0,0,0,0.0008608117,False,21025,Q4 (largest),0.9991392,0.9-1.0
/kaggle/input/cell-images-for-detecting-malaria/cell_images/Parasitized/C172P133ThinF_IMG_20151119_155343_cell_277.png,Parasitized,148,142,RGB,1,1,1,0.9561488,False,21016,Q4 (largest),0.9561488,0.9-1.0
/kaggle/input/cell-images-for-detecting-malaria/cell_images/Parasitized/C116P77ThinF_IMG_20150930_171635_cell_108.png,Parasitized,112,112,RGB,1,1,1,0.9596324,False,12544,Q1 (smallest),0.9596324,0.9-1.0
/kaggle/input/cell-images-for-detecting-malaria/cell_images/Parasitized/C48P9thinF_IMG_20150721_164304_cell_29.png,Parasitized,241,289,RGB,1,1,1,0.98415786,False,69649,Q4 (largest),0.98415786,0.9-1.0
/kaggle/input/cell-images-for-detecting-malaria/cell_images/Uninfected/C201ThinF_IMG_20150930_143129_cell_67.png,Uninfected,136,127,RGB,0,0,0,0.0039741723,False,17272,Q2,0.9960258,0.9-1.0
/kaggle/input/cell-images-for-detecting-malaria/cell_images/Parasitized/C168P129ThinF_IMG_20151118_161940_cell_160.png,Parasitized,166,145,RGB,1,1,1,0.931368,False,24070,Q4 (largest),0.931368,0.9-1.0
/kaggle/input/cell-images-for-detecting-malaria/cell_images/Parasitized/C120P81ThinF_IMG_20151002_131120_cell_189.png,Parasitized,124,151,RGB,1,1,1,0.94730484,False,18724,Q3,0.94730484,0.9-1.0
/kaggle/input/cell-images-for-detecting-malaria/cell_images/Parasitized/C101P62ThinF_IMG_20150918_151149_cell_72.png,Parasitized,133,118,RGB,1,1,1,0.99835134,False,15694,Q2,0.99835134,0.9-1.0
/kaggle/input/cell-images-for-detecting-malaria/cell_images/Parasitized/C182P143NThinF_IMG_20151201_171905_cell_145.png,Parasitized,106,94,RGB,1,1,1,0.9999739,False,9964,Q1 (smallest),0.9999739,0.9-1.0
/kaggle/input/cell-images-for-detecting-malaria/cell_images/Uninfected/C236ThinF_IMG_20151127_102428_cell_111.png,Uninfected,121,145,RGB,0,0,0,0.0012392357,False,17545,Q3,0.99876076,0.9-1.0
/kaggle/input/cell-images-for-detecting-malaria/cell_images/Uninfected/C59P20thinF_IMG_20150803_111333_cell_81.png,Uninfected,139,142,RGB,0,0,0,0.054538574,False,19738,Q3,0.94546145,0.9-1.0
/kaggle/input/cell-images-for-detecting-malaria/cell_images/Parasitized/C97P58ThinF_IMG_20150917_151903_cell_32.png,Parasitized,121,148,RGB,1,1,1,0.9463671,False,17908,Q3,0.9463671,0.9-1.0
/kaggle/input/cell-images-for-detecting-malaria/cell_images/Parasitized/C180P141NThinF_IMG_20151201_165601_cell_199.png,Parasitized,175,148,RGB,1,1,1,0.9466714,False,25900,Q4 (largest),0.9466714,0.9-1.0
/kaggle/input/cell-images-for-detecting-malaria/cell_images/Parasitized/C116P77ThinF_IMG_20150930_171739_cell_82.png,Parasitized,127,133,RGB,1,1,1,0.9997595,False,16891,Q2,0.9997595,0.9-1.0
/kaggle/input/cell-images-for-detecting-malaria/cell_images/Parasitized/C48P9thinF_IMG_20150721_164304_cell_8.png,Parasitized,163,136,RGB,1,1,1,0.9972874,False,22168,Q4 (largest),0.9972874,0.9-1.0
/kaggle/input/cell-images-for-detecting-malaria/cell_images/Parasitized/C132P93ThinF_IMG_20151004_152045_cell_163.png,Parasitized,133,151,RGB,1,1,1,0.9910266,False,20083,Q3,0.9910266,0.9-1.0
/kaggle/input/cell-images-for-detecting-malaria/cell_images/Uninfected/C121P82ThinF_IMG_20151002_135237_cell_102.png,Uninfected,139,136,RGB,0,0,0,0.008352559,False,18904,Q3,0.9916474,0.9-1.0
/kaggle/input/cell-images-for-detecting-malaria/cell_images/Parasitized/C70P31_ThinF_IMG_20150819_142744_cell_87.png,Parasitized,115,103,RGB,1,1,1,0.9999627,False,11845,Q1 (smallest),0.9999627,0.9-1.0
/kaggle/input/cell-images-for-detecting-malaria/cell_images/Uninfected/C134P95ThinF_IMG_20151005_121343_cell_64.png,Uninfected,136,130,RGB,0,0,0,0.0036371842,False,17680,Q3,0.9963628,0.9-1.0
/kaggle/input/cell-images-for-detecting-malaria/cell_images/Parasitized/C158P119ThinF_IMG_20151115_181558_cell_199.png,Parasitized,109,112,RGB,1,1,1,0.9989164,False,12208,Q1 (smallest),0.9989164,0.9-1.0
/kaggle/input/cell-images-for-detecting-malaria/cell_images/Uninfected/C33P1thinF_IMG_20150619_115740a_cell_39.png,Uninfected,139,121,RGB,0,0,0,0.0030413102,False,16819,Q2,0.9969587,0.9-1.0
/kaggle/input/cell-images-for-detecting-malaria/cell_images/Parasitized/C133P94ThinF_IMG_20151004_155721_cell_111.png,Parasitized,121,124,RGB,1,1,1,0.999571,False,15004,Q2,0.999571,0.9-1.0
/kaggle/input/cell-images-for-detecting-malaria/cell_images/Parasitized/C133P94ThinF_IMG_20151004_155518_cell_107.png,Parasitized,127,133,RGB,1,1,1,0.99179196,False,16891,Q2,0.99179196,0.9-1.0
/kaggle/input/cell-images-for-detecting-malaria/cell_images/Parasitized/C184P145ThinF_IMG_20151203_102543_cell_177.png,Parasitized,136,133,RGB,1,1,1,0.99962664,False,18088,Q3,0.99962664,0.9-1.0
/kaggle/input/cell-images-for-detecting-malaria/cell_images/Uninfected/C207ThinF_IMG_20151029_143952_cell_3.png,Uninfected,118,118,RGB,0,0,0,0.00043361765,False,13924,Q1 (smallest),0.9995664,0.9-1.0
/kaggle/input/cell-images-for-detecting-malaria/cell_images/Uninfected/C140P101ThinF_IMG_20151005_210026_cell_49.png,Uninfected,124,166,RGB,0,0,0,0.0017833987,False,20584,Q4 (largest),0.9982166,0.9-1.0
/kaggle/input/cell-images-for-detecting-malaria/cell_images/Uninfected/C115P76ThinF_IMG_20150930_161825_cell_126.png,Uninfected,190,154,RGB,0,0,0,0.03362098,False,29260,Q4 (largest),0.96637905,0.9-1.0
/kaggle/input/cell-images-for-detecting-malaria/cell_images/Uninfected/C214ThinF_IMG_20151106_114910_cell_147.png,Uninfected,133,136,RGB,0,0,0,0.014146668,False,18088,Q3,0.9858533,0.9-1.0
/kaggle/input/cell-images-for-detecting-malaria/cell_images/Uninfected/C49P10thinF_IMG_20150724_103233_cell_100.png,Uninfected,91,100,RGB,0,0,0,0.23767732,False,9100,Q1 (smallest),0.76232266,0.7-0.8
/kaggle/input/cell-images-for-detecting-malaria/cell_images/Parasitized/C183P144NThinF_IMG_20151201_223431_cell_102.png,Parasitized,121,127,RGB,1,1,1,0.9997111,False,15367,Q2,0.9997111,0.9-1.0
/kaggle/input/cell-images-for-detecting-malaria/cell_images/Parasitized/C133P94ThinF_IMG_20151004_154158_cell_113.png,Parasitized,100,112,RGB,1,1,1,0.99995327,False,11200,Q1 (smallest),0.99995327,0.9-1.0
/kaggle/input/cell-images-for-detecting-malaria/cell_images/Uninfected/C147P108ThinF_IMG_20151115_092900_cell_124.png,Uninfected,115,124,RGB,0,0,0,0.011601933,False,14260,Q1 (smallest),0.9883981,0.9-1.0
/kaggle/input/cell-images-for-detecting-malaria/cell_images/Uninfected/C133P94ThinF_IMG_20151004_154158_cell_40.png,Uninfected,103,112,RGB,0,0,0,0.002769859,False,11536,Q1 (smallest),0.9972301,0.9-1.0
/kaggle/input/cell-images-for-detecting-malaria/cell_images/Uninfected/C82P43ThinF_IMG_20150817_124010_cell_39.png,Uninfected,124,127,RGB,0,0,0,0.012650623,False,15748,Q2,0.9873494,0.9-1.0
/kaggle/input/cell-images-for-detecting-malaria/cell_images/Parasitized/C99P60ThinF_IMG_20150918_140900_cell_138.png,Parasitized,127,130,RGB,1,1,1,0.6733627,False,16510,Q2,0.6733627,0.6-0.7
/kaggle/input/cell-images-for-detecting-malaria/cell_images/Parasitized/C100P61ThinF_IMG_20150918_145609_cell_150.png,Parasitized,163,187,RGB,1,1,1,0.9266189,False,30481,Q4 (largest),0.9266189,0.9-1.0
/kaggle/input/cell-images-for-detecting-malaria/cell_images/Parasitized/C118P79ThinF_IMG_20151002_110212_cell_1.png,Parasitized,139,160,RGB,1,1,1,0.9998419,False,22240,Q4 (largest),0.9998419,0.9-1.0
/kaggle/input/cell-images-for-detecting-malaria/cell_images/Uninfected/C177P138NThinF_IMG_20151201_142514_cell_46.png,Uninfected,100,91,RGB,0,0,0,0.029409455,False,9100,Q1 (smallest),0.97059053,0.9-1.0
/kaggle/input/cell-images-for-detecting-malaria/cell_images/Parasitized/C68P29N_ThinF_IMG_20150819_133447_cell_134.png,Parasitized,145,145,RGB,1,1,0,0.01456125,True,21025,Q4 (largest),0.98543876,0.9-1.0
/kaggle/input/cell-images-for-detecting-malaria/cell_images/Parasitized/C179P140ThinF_IMG_20151127_153350_cell_181.png,Parasitized,112,124,RGB,1,1,1,0.9962333,False,13888,Q1 (smallest),0.9962333,0.9-1.0
/kaggle/input/cell-images-for-detecting-malaria/cell_images/Parasitized/C59P20thinF_IMG_20150803_113430_cell_7.png,Parasitized,124,151,RGB,1,1,1,0.9998646,False,18724,Q3,0.9998646,0.9-1.0
/kaggle/input/cell-images-for-detecting-malaria/cell_images/Parasitized/C70P31_ThinF_IMG_20150819_142703_cell_6.png,Parasitized,151,115,RGB,1,1,1,0.99334913,False,17365,Q3,0.99334913,0.9-1.0
/kaggle/input/cell-images-for-detecting-malaria/cell_images/Uninfected/C56P17thinF_IMG_20150728_151330_cell_7.png,Uninfected,121,115,RGB,0,0,0,0.08930555,False,13915,Q1 (smallest),0.9106945,0.9-1.0
/kaggle/input/cell-images-for-detecting-malaria/cell_images/Uninfected/C70P31_ThinF_IMG_20150819_142744_cell_48.png,Uninfected,106,112,RGB,0,0,0,0.062447697,False,11872,Q1 (smallest),0.93755233,0.9-1.0
/kaggle/input/cell-images-for-detecting-malaria/cell_images/Uninfected/C123P84ThinF_IMG_20151002_152144_cell_81.png,Uninfected,136,142,RGB,0,0,0,0.01685354,False,19312,Q3,0.9831465,0.9-1.0
/kaggle/input/cell-images-for-detecting-malaria/cell_images/Parasitized/C142P103ThinF_IMG_20151005_221115_cell_192.png,Parasitized,109,139,RGB,1,1,1,0.9999447,False,15151,Q2,0.9999447,0.9-1.0
/kaggle/input/cell-images-for-detecting-malaria/cell_images/Uninfected/C224ThinF_IMG_20151112_112735_cell_226.png,Uninfected,145,142,RGB,0,0,0,0.0020447497,False,20590,Q4 (largest),0.99795526,0.9-1.0
/kaggle/input/cell-images-for-detecting-malaria/cell_images/Parasitized/C118P79ThinF_IMG_20151002_110834_cell_149.png,Parasitized,175,115,RGB,1,1,1,0.830126,False,20125,Q3,0.830126,0.8-0.9
/kaggle/input/cell-images-for-detecting-malaria/cell_images/Parasitized/C185P146ThinF_IMG_20151203_110933_cell_231.png,Parasitized,133,103,RGB,1,1,1,0.75084084,False,13699,Q1 (smallest),0.75084084,0.7-0.8
/kaggle/input/cell-images-for-detecting-malaria/cell_images/Parasitized/C80P41ThinF_IMG_20150817_110957_cell_125.png,Parasitized,196,130,RGB,1,1,1,0.9934602,False,25480,Q4 (largest),0.9934602,0.9-1.0
/kaggle/input/cell-images-for-detecting-malaria/cell_images/Parasitized/C82P43ThinF_IMG_20150817_124418_cell_173.png,Parasitized,94,142,RGB,1,1,1,0.9985846,False,13348,Q1 (smallest),0.9985846,0.9-1.0
/kaggle/input/cell-images-for-detecting-malaria/cell_images/Parasitized/C181P142ThinF_IMG_20151127_160650_cell_179.png,Parasitized,121,133,RGB,1,1,1,0.9915731,False,16093,Q2,0.9915731,0.9-1.0
/kaggle/input/cell-images-for-detecting-malaria/cell_images/Uninfected/C166P127ThinF_IMG_20151117_194410_cell_30.png,Uninfected,112,109,RGB,0,0,0,0.05368004,False,12208,Q1 (smallest),0.94631994,0.9-1.0
/kaggle/input/cell-images-for-detecting-malaria/cell_images/Uninfected/C5NThinF_IMG_20150609_122227_cell_43.png,Uninfected,133,151,RGB,0,0,0,0.0007464432,False,20083,Q3,0.9992536,0.9-1.0
/kaggle/input/cell-images-for-detecting-malaria/cell_images/Uninfected/C146P107ThinF_IMG_20151018_135703_cell_156.png,Uninfected,112,163,RGB,0,0,0,0.020987654,False,18256,Q3,0.97901237,0.9-1.0
/kaggle/input/cell-images-for-detecting-malaria/cell_images/Uninfected/C53P14thinF_IMG_20150726_120600_cell_104.png,Uninfected,130,127,RGB,0,0,0,0.0020056027,False,16510,Q2,0.9979944,0.9-1.0
/kaggle/input/cell-images-for-detecting-malaria/cell_images/Uninfected/C161P122ThinF_IMG_20151116_101722_cell_9.png,Uninfected,100,118,RGB,0,0,0,0.06794368,False,11800,Q1 (smallest),0.9320563,0.9-1.0
/kaggle/input/cell-images-for-detecting-malaria/cell_images/Uninfected/C137P98ThinF_IMG_20151005_163901_cell_33.png,Uninfected,118,118,RGB,0,0,0,0.0033684464,False,13924,Q1 (smallest),0.99663156,0.9-1.0
/kaggle/input/cell-images-for-detecting-malaria/cell_images/Uninfected/C76P37ThinF_IMG_20150815_165356_cell_159.png,Uninfected,139,139,RGB,0,0,0,0.003067048,False,19321,Q3,0.9969329,0.9-1.0
/kaggle/input/cell-images-for-detecting-malaria/cell_images/Parasitized/C95P56ThinF_IMG_20150821_172607_cell_95.png,Parasitized,124,121,RGB,1,1,1,0.9854961,False,15004,Q2,0.9854961,0.9-1.0
/kaggle/input/cell-images-for-detecting-malaria/cell_images/Parasitized/C80P41ThinF_IMG_20150817_111802_cell_25.png,Parasitized,160,118,RGB,1,1,1,0.99763775,False,18880,Q3,0.99763775,0.9-1.0
/kaggle/input/cell-images-for-detecting-malaria/cell_images/Parasitized/C184P145ThinF_IMG_20151203_104030_cell_19.png,Parasitized,190,142,RGB,1,1,1,0.999984,False,26980,Q4 (largest),0.999984,0.9-1.0
/kaggle/input/cell-images-for-detecting-malaria/cell_images/Uninfected/C105P66ThinF_IMG_20150924_095633_cell_111.png,Uninfected,151,166,RGB,0,0,0,0.0027105052,False,25066,Q4 (largest),0.9972895,0.9-1.0
/kaggle/input/cell-images-for-detecting-malaria/cell_images/Uninfected/C153P114ThinF_IMG_20151115_140242_cell_185.png,Uninfected,145,115,RGB,0,0,0,0.00733367,False,16675,Q2,0.9926663,0.9-1.0
/kaggle/input/cell-images-for-detecting-malaria/cell_images/Parasitized/C180P141NThinF_IMG_20151201_170021_cell_23.png,Parasitized,151,133,RGB,1,1,1,0.9750429,False,20083,Q3,0.9750429,0.9-1.0
/kaggle/input/cell-images-for-detecting-malaria/cell_images/Uninfected/C77P38ThinF_IMG_20150601_152941_cell_47.png,Uninfected,142,130,RGB,0,0,1,0.64220405,True,18460,Q3,0.64220405,0.6-0.7
/kaggle/input/cell-images-for-detecting-malaria/cell_images/Parasitized/C84P45ThinF_IMG_20150818_104849_cell_15.png,Parasitized,130,127,RGB,1,1,1,0.9991391,False,16510,Q2,0.9991391,0.9-1.0
/kaggle/input/cell-images-for-detecting-malaria/cell_images/Uninfected/C234ThinF_IMG_20151112_162940_cell_7.png,Uninfected,121,130,RGB,0,0,0,0.00034661227,False,15730,Q2,0.9996534,0.9-1.0
/kaggle/input/cell-images-for-detecting-malaria/cell_images/Uninfected/C153P114ThinF_IMG_20151115_140242_cell_35.png,Uninfected,103,115,RGB,0,0,0,0.00054608047,False,11845,Q1 (smallest),0.9994539,0.9-1.0
/kaggle/input/cell-images-for-detecting-malaria/cell_images/Uninfected/C202ThinF_IMG_20151015_152701_cell_99.png,Uninfected,112,121,RGB,0,0,0,0.050777104,False,13552,Q1 (smallest),0.9492229,0.9-1.0
/kaggle/input/cell-images-for-detecting-malaria/cell_images/Parasitized/C176P137NThinF_IMG_20151201_120612_cell_13.png,Parasitized,133,172,RGB,1,1,1,0.9762614,False,22876,Q4 (largest),0.9762614,0.9-1.0
/kaggle/input/cell-images-for-detecting-malaria/cell_images/Parasitized/C51AP12thinF_IMG_20150724_154330_cell_130.png,Parasitized,112,118,RGB,1,1,1,0.9911969,False,13216,Q1 (smallest),0.9911969,0.9-1.0
/kaggle/input/cell-images-for-detecting-malaria/cell_images/Uninfected/C65P26N_ThinF_IMG_20150818_154050_cell_119.png,Uninfected,130,124,RGB,0,0,0,0.0014081409,False,16120,Q2,0.99859184,0.9-1.0
/kaggle/input/cell-images-for-detecting-malaria/cell_images/Uninfected/C87P48ThinF_IMG_20150820_132327_cell_133.png,Uninfected,193,196,RGB,0,0,0,0.13481477,False,37828,Q4 (largest),0.86518526,0.8-0.9
/kaggle/input/cell-images-for-detecting-malaria/cell_images/Uninfected/C63P24N_ThinF_IMG_20150818_143757_cell_58.png,Uninfected,103,133,RGB,0,0,0,0.041975938,False,13699,Q1 (smallest),0.9580241,0.9-1.0
/kaggle/input/cell-images-for-detecting-malaria/cell_images/Uninfected/C87P48ThinF_IMG_20150820_144855_cell_143.png,Uninfected,97,121,RGB,0,0,0,0.0067197583,False,11737,Q1 (smallest),0.99328023,0.9-1.0
/kaggle/input/cell-images-for-detecting-malaria/cell_images/Uninfected/C180P141NThinF_IMG_20151201_163702_cell_93.png,Uninfected,169,142,RGB,0,0,0,0.0049298033,False,23998,Q4 (largest),0.9950702,0.9-1.0
/kaggle/input/cell-images-for-detecting-malaria/cell_images/Uninfected/C181P142ThinF_IMG_20151127_155914_cell_37.png,Uninfected,106,88,RGB,0,0,0,0.044015158,False,9328,Q1 (smallest),0.95598483,0.9-1.0
/kaggle/input/cell-images-for-detecting-malaria/cell_images/Parasitized/C125P86ThinF_IMG_20151004_101158_cell_155.png,Parasitized,145,172,RGB,1,1,1,0.9846432,False,24940,Q4 (largest),0.9846432,0.9-1.0
/kaggle/input/cell-images-for-detecting-malaria/cell_images/Parasitized/C179P140ThinF_IMG_20151127_153350_cell_172.png,Parasitized,166,151,RGB,1,1,1,0.9811607,False,25066,Q4 (largest),0.9811607,0.9-1.0
/kaggle/input/cell-images-for-detecting-malaria/cell_images/Parasitized/C179P140ThinF_IMG_20151127_153420_cell_179.png,Parasitized,127,130,RGB,1,1,1,0.9992499,False,16510,Q2,0.9992499,0.9-1.0
/kaggle/input/cell-images-for-detecting-malaria/cell_images/Parasitized/C59P20thinF_IMG_20150803_112802_cell_187.png,Parasitized,169,109,RGB,1,1,1,0.9998697,False,18421,Q3,0.9998697,0.9-1.0
/kaggle/input/cell-images-for-detecting-malaria/cell_images/Uninfected/C154P115ThinF_IMG_20151115_141336_cell_180.png,Uninfected,121,130,RGB,0,0,0,0.020567188,False,15730,Q2,0.9794328,0.9-1.0
/kaggle/input/cell-images-for-detecting-malaria/cell_images/Parasitized/C130P91ThinF_IMG_20151004_135449_cell_129.png,Parasitized,142,124,RGB,1,1,1,0.9266951,False,17608,Q3,0.9266951,0.9-1.0
/kaggle/input/cell-images-for-detecting-malaria/cell_images/Parasitized/C101P62ThinF_IMG_20150918_151942_cell_84.png,Parasitized,133,139,RGB,1,1,1,0.99772555,False,18487,Q3,0.99772555,0.9-1.0
/kaggle/input/cell-images-for-detecting-malaria/cell_images/Parasitized/C63P24N_ThinF_IMG_20150818_143757_cell_182.png,Parasitized,148,148,RGB,1,1,1,0.9827068,False,21904,Q4 (largest),0.9827068,0.9-1.0
/kaggle/input/cell-images-for-detecting-malaria/cell_images/Uninfected/C118P79ThinF_IMG_20151002_105125_cell_75.png,Uninfected,133,130,RGB,0,0,0,0.003244227,False,17290,Q2,0.9967558,0.9-1.0
/kaggle/input/cell-images-for-detecting-malaria/cell_images/Uninfected/C89P50ThinF_IMG_20150820_163728_cell_147.png,Uninfected,154,139,RGB,0,0,0,0.1054141,False,21406,Q4 (largest),0.8945859,0.8-0.9
/kaggle/input/cell-images-for-detecting-malaria/cell_images/Uninfected/C112P73ThinF_IMG_20150930_131254_cell_137.png,Uninfected,133,124,RGB,0,0,1,0.5980157,True,16492,Q2,0.5980157,0.5-0.6
/kaggle/input/cell-images-for-detecting-malaria/cell_images/Parasitized/C59P20thinF_IMG_20150803_113430_cell_9.png,Parasitized,79,157,RGB,1,1,1,0.9737707,False,12403,Q1 (smallest),0.9737707,0.9-1.0
/kaggle/input/cell-images-for-detecting-malaria/cell_images/Uninfected/C81P42ThinF_IMG_20150817_120856_cell_39.png,Uninfected,130,130,RGB,0,0,0,0.007291579,False,16900,Q2,0.99270844,0.9-1.0
/kaggle/input/cell-images-for-detecting-malaria/cell_images/Uninfected/C228ThinF_IMG_20151112_142900_cell_20.png,Uninfected,142,127,RGB,0,0,0,0.0016489413,False,18034,Q3,0.99835104,0.9-1.0
/kaggle/input/cell-images-for-detecting-malaria/cell_images/Parasitized/C136P97ThinF_IMG_20151005_142627_cell_24.png,Parasitized,124,127,RGB,1,1,1,0.99308527,False,15748,Q2,0.99308527,0.9-1.0
/kaggle/input/cell-images-for-detecting-malaria/cell_images/Uninfected/C238NThinF_IMG_20151207_114444_cell_41.png,Uninfected,139,124,RGB,0,0,0,0.16955338,False,17236,Q2,0.8304466,0.8-0.9
/kaggle/input/cell-images-for-detecting-malaria/cell_images/Uninfected/C86P47ThinF_IMG_20150820_123717_cell_137.png,Uninfected,133,169,RGB,0,0,0,0.0013480869,False,22477,Q4 (largest),0.9986519,0.9-1.0
/kaggle/input/cell-images-for-detecting-malaria/cell_images/Parasitized/C184P145ThinF_IMG_20151203_103114_cell_170.png,Parasitized,139,154,RGB,1,1,1,0.9983398,False,21406,Q4 (largest),0.9983398,0.9-1.0
/kaggle/input/cell-images-for-detecting-malaria/cell_images/Parasitized/C132P93ThinF_IMG_20151004_151811_cell_173.png,Parasitized,124,121,RGB,1,1,1,0.9804703,False,15004,Q2,0.9804703,0.9-1.0
/kaggle/input/cell-images-for-detecting-malaria/cell_images/Parasitized/C101P62ThinF_IMG_20150923_170344_cell_87.png,Parasitized,136,142,RGB,1,1,1,0.99343866,False,19312,Q3,0.99343866,0.9-1.0
/kaggle/input/cell-images-for-detecting-malaria/cell_images/Parasitized/C133P94ThinF_IMG_20151004_155331_cell_112.png,Parasitized,136,142,RGB,1,1,1,0.9999999,False,19312,Q3,0.9999999,0.9-1.0
/kaggle/input/cell-images-for-detecting-malaria/cell_images/Parasitized/C68P29N_ThinF_IMG_20150819_134830_cell_41.png,Parasitized,136,136,RGB,1,1,1,0.9998926,False,18496,Q3,0.9998926,0.9-1.0
/kaggle/input/cell-images-for-detecting-malaria/cell_images/Parasitized/C84P45ThinF_IMG_20150818_104849_cell_27.png,Parasitized,112,139,RGB,1,1,1,0.9910678,False,15568,Q2,0.9910678,0.9-1.0
/kaggle/input/cell-images-for-detecting-malaria/cell_images/Parasitized/C93P54ThinF_IMG_20150821_164024_cell_206.png,Parasitized,127,145,RGB,1,1,1,0.9989274,False,18415,Q3,0.9989274,0.9-1.0
/kaggle/input/cell-images-for-detecting-malaria/cell_images/Parasitized/C116P77ThinF_IMG_20150930_171448_cell_90.png,Parasitized,133,121,RGB,1,1,1,0.77246076,False,16093,Q2,0.77246076,0.7-0.8
/kaggle/input/cell-images-for-detecting-malaria/cell_images/Parasitized/C179P140ThinF_IMG_20151127_153819_cell_179.png,Parasitized,118,136,RGB,1,1,1,0.9988776,False,16048,Q2,0.9988776,0.9-1.0
/kaggle/input/cell-images-for-detecting-malaria/cell_images/Uninfected/C127P88ThinF_IMG_20151004_111220_cell_118.png,Uninfected,115,151,RGB,0,0,0,0.0026169913,False,17365,Q3,0.997383,0.9-1.0
/kaggle/input/cell-images-for-detecting-malaria/cell_images/Parasitized/C179P140ThinF_IMG_20151127_153453_cell_181.png,Parasitized,142,154,RGB,1,1,1,0.9957956,False,21868,Q4 (largest),0.9957956,0.9-1.0
/kaggle/input/cell-images-for-detecting-malaria/cell_images/Parasitized/C39P4thinF_original_IMG_20150622_110352_cell_98.png,Parasitized,118,130,RGB,1,1,1,0.8841421,False,15340,Q2,0.8841421,0.8-0.9
/kaggle/input/cell-images-for-detecting-malaria/cell_images/Uninfected/C97P58ThinF_IMG_20150917_150838_cell_57.png,Uninfected,148,157,RGB,0,0,0,0.004576414,False,23236,Q4 (largest),0.9954236,0.9-1.0
/kaggle/input/cell-images-for-detecting-malaria/cell_images/Uninfected/C160P121ThinF_IMG_20151116_094128_cell_66.png,Uninfected,112,109,RGB,0,0,0,0.02359273,False,12208,Q1 (smallest),0.9764073,0.9-1.0
/kaggle/input/cell-images-for-detecting-malaria/cell_images/Parasitized/C182P143NThinF_IMG_20151201_172759_cell_31.png,Parasitized,121,103,RGB,1,1,0,0.13275294,True,12463,Q1 (smallest),0.86724705,0.8-0.9
/kaggle/input/cell-images-for-detecting-malaria/cell_images/Parasitized/C179P140ThinF_IMG_20151127_153436_cell_175.png,Parasitized,130,139,RGB,1,1,1,0.9994156,False,18070,Q3,0.9994156,0.9-1.0
/kaggle/input/cell-images-for-detecting-malaria/cell_images/Uninfected/C208ThinF_IMG_20151029_155827_cell_1.png,Uninfected,130,118,RGB,0,0,0,0.000354861,False,15340,Q2,0.9996451,0.9-1.0
/kaggle/input/cell-images-for-detecting-malaria/cell_images/Parasitized/C59P20thinF_IMG_20150803_113139_cell_6.png,Parasitized,145,136,RGB,1,1,1,0.99996626,False,19720,Q3,0.99996626,0.9-1.0
/kaggle/input/cell-images-for-detecting-malaria/cell_images/Parasitized/C84P45ThinF_IMG_20150818_101903_cell_6.png,Parasitized,97,124,RGB,1,1,1,0.9994874,False,12028,Q1 (smallest),0.9994874,0.9-1.0
/kaggle/input/cell-images-for-detecting-malaria/cell_images/Uninfected/C84P45ThinF_IMG_20150818_104156_cell_76.png,Uninfected,133,124,RGB,0,0,0,0.0038987296,False,16492,Q2,0.99610126,0.9-1.0
/kaggle/input/cell-images-for-detecting-malaria/cell_images/Uninfected/C209ThinF_IMG_20151029_160927_cell_61.png,Uninfected,118,127,RGB,0,0,0,0.0029544805,False,14986,Q2,0.9970455,0.9-1.0
/kaggle/input/cell-images-for-detecting-malaria/cell_images/Parasitized/C183P144NThinF_IMG_20151201_223758_cell_144.png,Parasitized,127,130,RGB,1,1,1,0.99927914,False,16510,Q2,0.99927914,0.9-1.0
/kaggle/input/cell-images-for-detecting-malaria/cell_images/Parasitized/C99P60ThinF_IMG_20150918_141001_cell_146.png,Parasitized,166,157,RGB,1,1,1,0.93037623,False,26062,Q4 (largest),0.93037623,0.9-1.0
/kaggle/input/cell-images-for-detecting-malaria/cell_images/Parasitized/C97P58ThinF_IMG_20150917_152225_cell_1.png,Parasitized,148,130,RGB,1,1,1,0.99948776,False,19240,Q3,0.99948776,0.9-1.0
/kaggle/input/cell-images-for-detecting-malaria/cell_images/Uninfected/C60P21thinF_IMG_20150804_104919_cell_13.png,Uninfected,130,112,RGB,0,0,0,0.009993803,False,14560,Q1 (smallest),0.9900062,0.9-1.0
/kaggle/input/cell-images-for-detecting-malaria/cell_images/Parasitized/C184P145ThinF_IMG_20151203_103637_cell_179.png,Parasitized,109,121,RGB,1,1,1,0.9954692,False,13189,Q1 (smallest),0.9954692,0.9-1.0
/kaggle/input/cell-images-for-detecting-malaria/cell_images/Parasitized/C174P135NThinF_IMG_20151127_135554_cell_203.png,Parasitized,133,136,RGB,1,1,1,0.9999708,False,18088,Q3,0.9999708,0.9-1.0
/kaggle/input/cell-images-for-detecting-malaria/cell_images/Uninfected/C165P126ThinF_IMG_20151117_164432_cell_140.png,Uninfected,139,109,RGB,0,0,0,0.08241276,False,15151,Q2,0.9175872,0.9-1.0
/kaggle/input/cell-images-for-detecting-malaria/cell_images/Parasitized/C176P137NThinF_IMG_20151201_122444_cell_112.png,Parasitized,133,139,RGB,1,1,1,0.999861,False,18487,Q3,0.999861,0.9-1.0
/kaggle/input/cell-images-for-detecting-malaria/cell_images/Uninfected/C39P4thinF_original_IMG_20150622_110435_cell_28.png,Uninfected,148,139,RGB,0,0,0,0.027667763,False,20572,Q4 (largest),0.97233224,0.9-1.0
/kaggle/input/cell-images-for-detecting-malaria/cell_images/Parasitized/C80P41ThinF_IMG_20150817_111802_cell_15.png,Parasitized,127,100,RGB,1,1,1,0.9280192,False,12700,Q1 (smallest),0.9280192,0.9-1.0
/kaggle/input/cell-images-for-detecting-malaria/cell_images/Uninfected/C116P77ThinF_IMG_20150930_171809_cell_35.png,Uninfected,97,109,RGB,0,0,1,0.5276952,True,10573,Q1 (smallest),0.5276952,0.5-0.6
/kaggle/input/cell-images-for-detecting-malaria/cell_images/Parasitized/C68P29N_ThinF_IMG_20150819_133236_cell_177.png,Parasitized,157,184,RGB,1,1,1,0.9878576,False,28888,Q4 (largest),0.9878576,0.9-1.0
/kaggle/input/cell-images-for-detecting-malaria/cell_images/Uninfected/C126P87ThinF_IMG_20151004_104441_cell_43.png,Uninfected,103,100,RGB,0,0,0,0.0048574684,False,10300,Q1 (smallest),0.9951425,0.9-1.0
/kaggle/input/cell-images-for-detecting-malaria/cell_images/Parasitized/C106P67ThinF_IMG_20150924_102245_cell_164.png,Parasitized,142,157,RGB,1,1,1,0.96355027,False,22294,Q4 (largest),0.96355027,0.9-1.0
/kaggle/input/cell-images-for-detecting-malaria/cell_images/Uninfected/C105P66ThinF_IMG_20150924_095913_cell_65.png,Uninfected,160,145,RGB,0,0,0,0.0034241532,False,23200,Q4 (largest),0.99657583,0.9-1.0
/kaggle/input/cell-images-for-detecting-malaria/cell_images/Parasitized/C116P77ThinF_IMG_20150930_171448_cell_105.png,Parasitized,157,145,RGB,1,1,1,0.5622169,False,22765,Q4 (largest),0.5622169,0.5-0.6
/kaggle/input/cell-images-for-detecting-malaria/cell_images/Parasitized/C180P141NThinF_IMG_20151201_165528_cell_174.png,Parasitized,145,160,RGB,1,1,1,0.9738887,False,23200,Q4 (largest),0.9738887,0.9-1.0
/kaggle/input/cell-images-for-detecting-malaria/cell_images/Uninfected/C228ThinF_IMG_20151112_142730_cell_188.png,Uninfected,121,118,RGB,0,0,0,0.00030072298,False,14278,Q1 (smallest),0.9996993,0.9-1.0
/kaggle/input/cell-images-for-detecting-malaria/cell_images/Parasitized/C101P62ThinF_IMG_20150923_170344_cell_73.png,Parasitized,196,148,RGB,1,1,1,0.9818432,False,29008,Q4 (largest),0.9818432,0.9-1.0
/kaggle/input/cell-images-for-detecting-malaria/cell_images/Parasitized/C118P79ThinF_IMG_20151002_110834_cell_156.png,Parasitized,178,127,RGB,1,1,1,0.9931479,False,22606,Q4 (largest),0.9931479,0.9-1.0
/kaggle/input/cell-images-for-detecting-malaria/cell_images/Parasitized/C84P45ThinF_IMG_20150818_102654_cell_81.png,Parasitized,139,133,RGB,1,1,1,0.99890006,False,18487,Q3,0.99890006,0.9-1.0
/kaggle/input/cell-images-for-detecting-malaria/cell_images/Uninfected/C79P40ThinF_IMG_20150817_104745_cell_23.png,Uninfected,130,124,RGB,0,0,0,0.022175325,False,16120,Q2,0.9778247,0.9-1.0
/kaggle/input/cell-images-for-detecting-malaria/cell_images/Uninfected/C141P102ThinF_IMG_20151005_214208_cell_92.png,Uninfected,133,175,RGB,0,0,0,0.13779995,False,23275,Q4 (largest),0.8622,0.8-0.9
/kaggle/input/cell-images-for-detecting-malaria/cell_images/Uninfected/C142P103ThinF_IMG_20151005_221115_cell_95.png,Uninfected,133,133,RGB,0,0,0,0.057214994,False,17689,Q3,0.942785,0.9-1.0
/kaggle/input/cell-images-for-detecting-malaria/cell_images/Parasitized/C62P23N_ThinF_IMG_20150818_132918_cell_191.png,Parasitized,130,142,RGB,1,1,1,0.9992063,False,18460,Q3,0.9992063,0.9-1.0
/kaggle/input/cell-images-for-detecting-malaria/cell_images/Uninfected/C121P82ThinF_IMG_20151002_133631_cell_52.png,Uninfected,127,121,RGB,0,0,0,0.0026508044,False,15367,Q2,0.9973492,0.9-1.0
/kaggle/input/cell-images-for-detecting-malaria/cell_images/Parasitized/C130P91ThinF_IMG_20151004_135449_cell_123.png,Parasitized,160,148,RGB,1,1,1,0.97112817,False,23680,Q4 (largest),0.97112817,0.9-1.0
/kaggle/input/cell-images-for-detecting-malaria/cell_images/Uninfected/C205ThinF_IMG_20151106_151622_cell_86.png,Uninfected,133,124,RGB,0,0,0,0.000437374,False,16492,Q2,0.9995626,0.9-1.0
/kaggle/input/cell-images-for-detecting-malaria/cell_images/Uninfected/C186P147NThinF_IMG_20151203_150322_cell_50.png,Uninfected,154,142,RGB,0,0,0,0.033850547,False,21868,Q4 (largest),0.96614945,0.9-1.0
/kaggle/input/cell-images-for-detecting-malaria/cell_images/Uninfected/C217ThinF_IMG_20151106_141135_cell_38.png,Uninfected,130,109,RGB,0,0,0,0.0031084262,False,14170,Q1 (smallest),0.99689156,0.9-1.0
/kaggle/input/cell-images-for-detecting-malaria/cell_images/Uninfected/C227ThinF_IMG_20151112_135308_cell_186.png,Uninfected,139,130,RGB,0,0,0,0.0028228208,False,18070,Q3,0.9971772,0.9-1.0
/kaggle/input/cell-images-for-detecting-malaria/cell_images/Parasitized/C129P90ThinF_IMG_20151004_133921_cell_116.png,Parasitized,130,124,RGB,1,1,1,0.9939177,False,16120,Q2,0.9939177,0.9-1.0
/kaggle/input/cell-images-for-detecting-malaria/cell_images/Uninfected/C203ThinF_IMG_20151029_102123_cell_108.png,Uninfected,154,136,RGB,0,0,0,0.0046548224,False,20944,Q4 (largest),0.9953452,0.9-1.0
/kaggle/input/cell-images-for-detecting-malaria/cell_images/Uninfected/C87P48ThinF_IMG_20150820_141913_cell_167.png,Uninfected,148,175,RGB,0,0,0,0.085336514,False,25900,Q4 (largest),0.9146635,0.9-1.0
/kaggle/input/cell-images-for-detecting-malaria/cell_images/Parasitized/C118P79ThinF_IMG_20151002_105827_cell_130.png,Parasitized,145,145,RGB,1,1,1,0.9573393,False,21025,Q4 (largest),0.9573393,0.9-1.0
/kaggle/input/cell-images-for-detecting-malaria/cell_images/Parasitized/C116P77ThinF_IMG_20150930_171558_cell_111.png,Parasitized,145,133,RGB,1,1,1,0.99772185,False,19285,Q3,0.99772185,0.9-1.0
/kaggle/input/cell-images-for-detecting-malaria/cell_images/Parasitized/C132P93ThinF_IMG_20151004_151701_cell_169.png,Parasitized,115,124,RGB,1,1,0,0.16894712,True,14260,Q1 (smallest),0.8310529,0.8-0.9
/kaggle/input/cell-images-for-detecting-malaria/cell_images/Parasitized/C136P97ThinF_IMG_20151005_143329_cell_108.png,Parasitized,127,139,RGB,1,1,1,0.99614996,False,17653,Q3,0.99614996,0.9-1.0
/kaggle/input/cell-images-for-detecting-malaria/cell_images/Parasitized/C129P90ThinF_IMG_20151004_133244_cell_120.png,Parasitized,127,139,RGB,1,1,1,0.99976593,False,17653,Q3,0.99976593,0.9-1.0
/kaggle/input/cell-images-for-detecting-malaria/cell_images/Parasitized/C189P150ThinF_IMG_20151203_141719_cell_60.png,Parasitized,109,124,RGB,1,1,1,0.999894,False,13516,Q1 (smallest),0.999894,0.9-1.0
/kaggle/input/cell-images-for-detecting-malaria/cell_images/Uninfected/C231ThinF_IMG_20151112_153246_cell_128.png,Uninfected,139,145,RGB,0,0,0,0.00077290455,False,20155,Q3,0.9992271,0.9-1.0
/kaggle/input/cell-images-for-detecting-malaria/cell_images/Parasitized/C101P62ThinF_IMG_20150918_151335_cell_58.png,Parasitized,154,154,RGB,1,1,1,0.9844727,False,23716,Q4 (largest),0.9844727,0.9-1.0
/kaggle/input/cell-images-for-detecting-malaria/cell_images/Uninfected/C163P124ThinF_IMG_20151116_111925_cell_100.png,Uninfected,133,133,RGB,0,0,0,0.03331558,False,17689,Q3,0.9666844,0.9-1.0
/kaggle/input/cell-images-for-detecting-malaria/cell_images/Parasitized/C48P9thinF_IMG_20150721_160944_cell_227.png,Parasitized,151,148,RGB,1,1,1,0.94222337,False,22348,Q4 (largest),0.94222337,0.9-1.0
/kaggle/input/cell-images-for-detecting-malaria/cell_images/Uninfected/C96P57ThinF_IMG_20150824_105445_cell_45.png,Uninfected,166,124,RGB,0,0,0,0.028388146,False,20584,Q4 (largest),0.97161186,0.9-1.0
/kaggle/input/cell-images-for-detecting-malaria/cell_images/Uninfected/C135P96ThinF_IMG_20151005_123441_cell_167.png,Uninfected,151,169,RGB,0,0,0,0.13375589,False,25519,Q4 (largest),0.8662441,0.8-0.9
/kaggle/input/cell-images-for-detecting-malaria/cell_images/Uninfected/C229ThinF_IMG_20151112_144147_cell_54.png,Uninfected,157,139,RGB,0,0,0,0.0008004477,False,21823,Q4 (largest),0.99919957,0.9-1.0
/kaggle/input/cell-images-for-detecting-malaria/cell_images/Parasitized/C39P4thinF_original_IMG_20150622_110352_cell_100.png,Parasitized,139,142,RGB,1,1,1,0.9914596,False,19738,Q3,0.9914596,0.9-1.0
/kaggle/input/cell-images-for-detecting-malaria/cell_images/Parasitized/C78P39ThinF_IMG_20150606_104106_cell_168.png,Parasitized,118,121,RGB,1,1,1,0.9998399,False,14278,Q1 (smallest),0.9998399,0.9-1.0
/kaggle/input/cell-images-for-detecting-malaria/cell_images/Parasitized/C176P137NThinF_IMG_20151201_120612_cell_9.png,Parasitized,124,157,RGB,1,1,1,0.9840074,False,19468,Q3,0.9840074,0.9-1.0
/kaggle/input/cell-images-for-detecting-malaria/cell_images/Parasitized/C137P98ThinF_IMG_20151005_161659_cell_4.png,Parasitized,133,142,RGB,1,1,1,0.99998534,False,18886,Q3,0.99998534,0.9-1.0
/kaggle/input/cell-images-for-detecting-malaria/cell_images/Parasitized/C48P9thinF_IMG_20150721_161055_cell_179.png,Parasitized,121,130,RGB,1,1,1,0.98960835,False,15730,Q2,0.98960835,0.9-1.0
/kaggle/input/cell-images-for-detecting-malaria/cell_images/Uninfected/C49P10thinF_IMG_20150724_102330_cell_181.png,Uninfected,136,124,RGB,0,0,0,0.018408725,False,16864,Q2,0.9815913,0.9-1.0
/kaggle/input/cell-images-for-detecting-malaria/cell_images/Parasitized/C164P125ThinF_IMG_20151116_115650_cell_163.png,Parasitized,106,82,RGB,1,1,0,0.01416984,True,8692,Q1 (smallest),0.9858302,0.9-1.0
/kaggle/input/cell-images-for-detecting-malaria/cell_images/Parasitized/C101P62ThinF_IMG_20150923_165215_cell_38.png,Parasitized,145,148,RGB,1,1,1,0.9990169,False,21460,Q4 (largest),0.9990169,0.9-1.0
/kaggle/input/cell-images-for-detecting-malaria/cell_images/Uninfected/C225ThinF_IMG_20151112_113735_cell_257.png,Uninfected,139,142,RGB,0,0,0,0.0009107053,False,19738,Q3,0.9990893,0.9-1.0
/kaggle/input/cell-images-for-detecting-malaria/cell_images/Uninfected/C86P47ThinF_IMG_20150820_124025_cell_128.png,Uninfected,142,151,RGB,0,0,0,0.028380407,False,21442,Q4 (largest),0.9716196,0.9-1.0
/kaggle/input/cell-images-for-detecting-malaria/cell_images/Uninfected/C56P17thinF_IMG_20150728_160623_cell_20.png,Uninfected,124,127,RGB,0,0,0,0.054267857,False,15748,Q2,0.9457321,0.9-1.0
/kaggle/input/cell-images-for-detecting-malaria/cell_images/Uninfected/C49P10thinF_IMG_20150724_102843_cell_64.png,Uninfected,133,130,RGB,0,0,0,0.06732321,False,17290,Q2,0.9326768,0.9-1.0
/kaggle/input/cell-images-for-detecting-malaria/cell_images/Uninfected/C142P103ThinF_IMG_20151005_221931_cell_8.png,Uninfected,133,166,RGB,0,0,0,0.003025626,False,22078,Q4 (largest),0.99697435,0.9-1.0
/kaggle/input/cell-images-for-detecting-malaria/cell_images/Uninfected/C83P44ThinF_IMG_20150817_133218_cell_169.png,Uninfected,118,145,RGB,0,0,0,0.0010068292,False,17110,Q2,0.99899316,0.9-1.0
/kaggle/input/cell-images-for-detecting-malaria/cell_images/Uninfected/C167P128ReThinF_IMG_20151201_110011_cell_193.png,Uninfected,124,133,RGB,0,0,0,0.0056526214,False,16492,Q2,0.9943474,0.9-1.0
/kaggle/input/cell-images-for-detecting-malaria/cell_images/Parasitized/C45P6ThinF_IMG_20151130_160409_cell_194.png,Parasitized,136,133,RGB,1,1,1,0.99861765,False,18088,Q3,0.99861765,0.9-1.0
/kaggle/input/cell-images-for-detecting-malaria/cell_images/Uninfected/C112P73ThinF_IMG_20150930_131605_cell_111.png,Uninfected,124,133,RGB,0,0,0,0.01239351,False,16492,Q2,0.98760647,0.9-1.0
/kaggle/input/cell-images-for-detecting-malaria/cell_images/Parasitized/C129P90ThinF_IMG_20151004_134700_cell_3.png,Parasitized,136,145,RGB,1,1,1,0.9930266,False,19720,Q3,0.9930266,0.9-1.0
/kaggle/input/cell-images-for-detecting-malaria/cell_images/Parasitized/C91P52ThinF_IMG_20150821_124311_cell_13.png,Parasitized,145,148,RGB,1,1,1,0.82829684,False,21460,Q4 (largest),0.82829684,0.8-0.9
/kaggle/input/cell-images-for-detecting-malaria/cell_images/Parasitized/C51AP12thinF_IMG_20150724_155557_cell_81.png,Parasitized,103,109,RGB,1,1,1,0.992664,False,11227,Q1 (smallest),0.992664,0.9-1.0
/kaggle/input/cell-images-for-detecting-malaria/cell_images/Uninfected/C216ThinF_IMG_20151106_135653_cell_168.png,Uninfected,142,148,RGB,0,0,0,0.00027288107,False,21016,Q4 (largest),0.99972713,0.9-1.0
/kaggle/input/cell-images-for-detecting-malaria/cell_images/Uninfected/C124P85ThinF_IMG_20151002_153825_cell_42.png,Uninfected,151,142,RGB,0,0,0,0.0049758865,False,21442,Q4 (largest),0.9950241,0.9-1.0
/kaggle/input/cell-images-for-detecting-malaria/cell_images/Parasitized/C70P31_ThinF_IMG_20150813_132732_cell_7.png,Parasitized,118,91,RGB,1,1,1,0.99931335,False,10738,Q1 (smallest),0.99931335,0.9-1.0
/kaggle/input/cell-images-for-detecting-malaria/cell_images/Uninfected/C97P58ThinF_IMG_20150917_145555_cell_122.png,Uninfected,130,124,RGB,0,0,0,0.0012993743,False,16120,Q2,0.9987006,0.9-1.0
/kaggle/input/cell-images-for-detecting-malaria/cell_images/Parasitized/C136P97ThinF_IMG_20151005_143743_cell_128.png,Parasitized,139,154,RGB,1,1,1,0.90991765,False,21406,Q4 (largest),0.90991765,0.9-1.0
/kaggle/input/cell-images-for-detecting-malaria/cell_images/Uninfected/C106P67ThinF_IMG_20150924_103636_cell_10.png,Uninfected,151,151,RGB,0,0,0,0.014512408,False,22801,Q4 (largest),0.9854876,0.9-1.0
/kaggle/input/cell-images-for-detecting-malaria/cell_images/Uninfected/C203ThinF_IMG_20151029_104112_cell_28.png,Uninfected,160,154,RGB,0,0,0,0.018024364,False,24640,Q4 (largest),0.9819756,0.9-1.0
/kaggle/input/cell-images-for-detecting-malaria/cell_images/Uninfected/C62P23N_ThinF_IMG_20150818_132918_cell_120.png,Uninfected,124,133,RGB,0,0,0,0.0019478915,False,16492,Q2,0.9980521,0.9-1.0
/kaggle/input/cell-images-for-detecting-malaria/cell_images/Uninfected/C123P84ThinF_IMG_20151002_152330_cell_79.png,Uninfected,127,115,RGB,0,0,0,0.0014726135,False,14605,Q1 (smallest),0.9985274,0.9-1.0
/kaggle/input/cell-images-for-detecting-malaria/cell_images/Uninfected/C219ThinF_IMG_20151106_145856_cell_170.png,Uninfected,115,112,RGB,0,0,0,0.0003272119,False,12880,Q1 (smallest),0.9996728,0.9-1.0
/kaggle/input/cell-images-for-detecting-malaria/cell_images/Parasitized/C119P80ThinF_IMG_20151002_124425_cell_144.png,Parasitized,139,145,RGB,1,1,1,0.99997234,False,20155,Q3,0.99997234,0.9-1.0
/kaggle/input/cell-images-for-detecting-malaria/cell_images/Parasitized/C133P94ThinF_IMG_20151004_155144_cell_130.png,Parasitized,139,124,RGB,1,1,1,0.81627625,False,17236,Q2,0.81627625,0.8-0.9
/kaggle/input/cell-images-for-detecting-malaria/cell_images/Uninfected/C2NThinF_IMG_20150604_114631_cell_204.png,Uninfected,130,136,RGB,0,0,0,0.010746359,False,17680,Q3,0.98925364,0.9-1.0
/kaggle/input/cell-images-for-detecting-malaria/cell_images/Uninfected/C241NThinF_IMG_20151207_124208_cell_164.png,Uninfected,154,139,RGB,0,0,0,0.0023533416,False,21406,Q4 (largest),0.99764663,0.9-1.0
/kaggle/input/cell-images-for-detecting-malaria/cell_images/Parasitized/C180P141NThinF_IMG_20151201_163751_cell_155.png,Parasitized,154,151,RGB,1,1,1,0.9578887,False,23254,Q4 (largest),0.9578887,0.9-1.0
/kaggle/input/cell-images-for-detecting-malaria/cell_images/Parasitized/C180P141NThinF_IMG_20151201_170110_cell_30.png,Parasitized,154,160,RGB,1,1,1,0.9979893,False,24640,Q4 (largest),0.9979893,0.9-1.0
/kaggle/input/cell-images-for-detecting-malaria/cell_images/Parasitized/C184P145ThinF_IMG_20151203_102543_cell_167.png,Parasitized,145,160,RGB,1,1,1,0.9986916,False,23200,Q4 (largest),0.9986916,0.9-1.0
/kaggle/input/cell-images-for-detecting-malaria/cell_images/Parasitized/C97P58ThinF_IMG_20150917_152032_cell_171.png,Parasitized,136,124,RGB,1,1,1,0.99730885,False,16864,Q2,0.99730885,0.9-1.0
/kaggle/input/cell-images-for-detecting-malaria/cell_images/Parasitized/C99P60ThinF_IMG_20150918_141520_cell_131.png,Parasitized,142,133,RGB,1,1,1,0.99989426,False,18886,Q3,0.99989426,0.9-1.0
/kaggle/input/cell-images-for-detecting-malaria/cell_images/Uninfected/C104P65ThinF_IMG_20150918_172214_cell_27.png,Uninfected,142,142,RGB,0,0,0,0.001402783,False,20164,Q4 (largest),0.9985972,0.9-1.0
/kaggle/input/cell-images-for-detecting-malaria/cell_images/Uninfected/C167P128ReThinF_IMG_20151201_105102_cell_82.png,Uninfected,142,145,RGB,0,0,0,0.122283556,False,20590,Q4 (largest),0.8777164,0.8-0.9
/kaggle/input/cell-images-for-detecting-malaria/cell_images/Parasitized/C93P54ThinF_IMG_20150821_162901_cell_199.png,Parasitized,145,145,RGB,1,1,1,0.9992262,False,21025,Q4 (largest),0.9992262,0.9-1.0
/kaggle/input/cell-images-for-detecting-malaria/cell_images/Uninfected/C136P97ThinF_IMG_20151005_142437_cell_34.png,Uninfected,109,139,RGB,0,0,0,0.0030362282,False,15151,Q2,0.9969638,0.9-1.0
